2026-10-07 12:52:20,626 | INFO | CRM backend ready on http://0.0.0.0:5000
2026-10-07 12:52:20,810 | INFO | CRM backend ready on http://0.0.0.0:5000
2026-10-07 12:52:20,845 | INFO | GET /health -> 200 (0ms) [anonymous]
2026-10-07 12:52:20,854 | INFO | POST /api/auth/login -> 401 (6ms) [anonymous]
2026-10-07 12:52:21,003 | INFO | POST /api/auth/login -> 200 (146ms) [anonymous]
2026-10-07 12:52:21,005 | INFO | GET /api/auth/me -> 401 (0ms) [anonymous]
2026-10-07 12:52:21,006 | INFO | GET /api/leads -> 401 (0ms) [anonymous]
2026-10-07 12:52:21,008 | INFO | POST /api/employees -> 401 (0ms) [anonymous]
2026-10-07 12:52:21,010 | INFO | POST /api/employees -> 401 (0ms) [anonymous]
2026-10-07 12:52:21,011 | INFO | GET /api/employees -> 401 (0ms) [anonymous]
2026-10-07 12:52:21,015 | INFO | POST /api/companies -> 401 (0ms) [anonymous]
2026-10-07 12:52:39,001 | INFO | CRM backend ready on http://0.0.0.0:5000
2026-10-07 12:52:39,176 | INFO | CRM backend ready on http://0.0.0.0:5000
2026-10-07 12:52:39,188 | INFO | GET /health -> 200 (0ms) [anonymous]
2026-10-07 12:52:39,197 | INFO | POST /api/auth/login -> 401 (7ms) [anonymous]
2026-10-07 12:52:39,346 | INFO | POST /api/auth/login -> 200 (146ms) [anonymous]
2026-10-07 12:52:39,354 | INFO | GET /api/auth/me -> 200 (7ms) [System Admin]
2026-10-07 12:52:39,355 | INFO | GET /api/leads -> 401 (0ms) [anonymous]
2026-10-07 12:52:39,590 | INFO | POST /api/employees -> 201 (234ms) [System Admin]
2026-10-07 12:52:39,816 | INFO | POST /api/employees -> 201 (191ms) [System Admin]
2026-10-07 12:52:39,887 | INFO | GET /api/employees -> 200 (29ms) [System Admin]
2026-10-07 12:52:39,954 | INFO | POST /api/companies -> 201 (64ms) [System Admin]
2026-10-07 12:52:40,078 | INFO | POST /api/leads -> 201 (78ms) [System Admin]
2026-10-07 12:52:40,157 | INFO | GET /api/leads/lead_4e7a201d2440 -> 200 (39ms) [System Admin]
2026-10-07 12:52:40,222 | INFO | POST /api/leads/lead_4e7a201d2440/followups -> 201 (63ms) [System Admin]
2026-10-07 12:52:40,331 | INFO | POST /api/leads/lead_4e7a201d2440/calls -> 201 (71ms) [System Admin]
2026-10-07 12:52:40,407 | INFO | GET /api/followups -> 200 (34ms) [System Admin]
2026-10-07 12:52:40,445 | INFO | GET /api/calls -> 200 (35ms) [System Admin]
2026-10-07 12:52:40,530 | INFO | POST /api/developers -> 201 (83ms) [System Admin]
2026-10-07 12:52:40,703 | INFO | POST /api/projects -> 201 (127ms) [System Admin]
2026-10-07 12:52:40,753 | INFO | POST /api/projects/prj_7b8a25a41db6/tasks -> 422 (6ms) [System Admin]
2026-10-07 12:52:46,573 | INFO | CRM backend ready on http://0.0.0.0:5000
2026-10-07 12:52:46,759 | INFO | CRM backend ready on http://0.0.0.0:5000
2026-10-07 12:52:46,773 | INFO | GET /health -> 200 (0ms) [anonymous]
2026-10-07 12:52:46,782 | INFO | POST /api/auth/login -> 401 (6ms) [anonymous]
2026-10-07 12:52:46,933 | INFO | POST /api/auth/login -> 200 (150ms) [anonymous]
2026-10-07 12:52:46,940 | INFO | GET /api/auth/me -> 200 (6ms) [System Admin]
2026-10-07 12:52:46,942 | INFO | GET /api/leads -> 401 (0ms) [anonymous]
2026-10-07 12:52:47,131 | INFO | POST /api/employees -> 201 (188ms) [System Admin]
2026-10-07 12:52:47,388 | INFO | POST /api/employees -> 201 (207ms) [System Admin]
2026-10-07 12:52:47,455 | INFO | GET /api/employees -> 200 (22ms) [System Admin]
2026-10-07 12:52:47,535 | INFO | POST /api/companies -> 201 (79ms) [System Admin]
2026-10-07 12:52:47,720 | INFO | POST /api/leads -> 201 (138ms) [System Admin]
2026-10-07 12:52:47,804 | INFO | GET /api/leads/lead_5735fe3feb1b -> 200 (38ms) [System Admin]
2026-10-07 12:52:47,868 | INFO | POST /api/leads/lead_5735fe3feb1b/followups -> 201 (63ms) [System Admin]
2026-10-07 12:52:47,988 | INFO | POST /api/leads/lead_5735fe3feb1b/calls -> 201 (72ms) [System Admin]
2026-10-07 12:52:48,086 | INFO | GET /api/followups -> 200 (48ms) [System Admin]
2026-10-07 12:52:48,128 | INFO | GET /api/calls -> 200 (39ms) [System Admin]
2026-10-07 12:52:48,211 | INFO | POST /api/developers -> 201 (81ms) [System Admin]
2026-10-07 12:52:48,383 | INFO | POST /api/projects -> 201 (125ms) [System Admin]
2026-10-07 12:52:48,439 | INFO | POST /api/projects/prj_e827c6422159/tasks -> 422 (8ms) [System Admin]
2026-10-07 12:53:06,406 | INFO | CRM backend ready on http://0.0.0.0:5000
2026-10-07 12:53:06,638 | INFO | CRM backend ready on http://0.0.0.0:5000
2026-10-07 12:53:06,651 | INFO | GET /health -> 200 (0ms) [anonymous]
2026-10-07 12:53:06,659 | INFO | POST /api/auth/login -> 401 (6ms) [anonymous]
2026-10-07 12:53:06,834 | INFO | POST /api/auth/login -> 200 (172ms) [anonymous]
2026-10-07 12:53:06,844 | INFO | GET /api/auth/me -> 200 (8ms) [System Admin]
2026-10-07 12:53:06,845 | INFO | GET /api/leads -> 401 (0ms) [anonymous]
2026-10-07 12:53:07,063 | INFO | POST /api/employees -> 201 (217ms) [System Admin]
2026-10-07 12:53:07,338 | INFO | POST /api/employees -> 201 (224ms) [System Admin]
2026-10-07 12:53:07,427 | INFO | GET /api/employees -> 200 (37ms) [System Admin]
2026-10-07 12:53:07,530 | INFO | POST /api/companies -> 201 (92ms) [System Admin]
2026-10-07 12:53:07,692 | INFO | POST /api/leads -> 201 (109ms) [System Admin]
2026-10-07 12:53:07,795 | INFO | GET /api/leads/lead_80c572b3389c -> 200 (43ms) [System Admin]
2026-10-07 12:53:07,866 | INFO | POST /api/leads/lead_80c572b3389c/followups -> 201 (70ms) [System Admin]
2026-10-07 12:53:08,001 | INFO | POST /api/leads/lead_80c572b3389c/calls -> 201 (81ms) [System Admin]
2026-10-07 12:53:08,099 | INFO | GET /api/followups -> 200 (42ms) [System Admin]
2026-10-07 12:53:08,139 | INFO | GET /api/calls -> 200 (39ms) [System Admin]
2026-10-07 12:53:08,261 | INFO | POST /api/developers -> 201 (119ms) [System Admin]
2026-10-07 12:53:08,466 | INFO | POST /api/projects -> 201 (143ms) [System Admin]
2026-10-07 12:53:08,569 | INFO | POST /api/projects/prj_05fcb4267f1e/tasks -> 201 (47ms) [System Admin]
2026-10-07 12:53:08,723 | INFO | PUT /api/projects/tasks/tsk_8c305b7aecac -> 200 (98ms) [System Admin]
2026-10-07 12:53:08,856 | INFO | POST /api/projects/prj_05fcb4267f1e/updates -> 201 (75ms) [System Admin]
2026-10-07 12:53:09,009 | INFO | POST /api/projects/prj_05fcb4267f1e/assignments -> 201 (92ms) [System Admin]
2026-10-07 12:53:09,119 | INFO | GET /api/developers/dev_6619506dc40c -> 200 (49ms) [System Admin]
2026-10-07 12:53:09,184 | INFO | GET /api/reports/summary -> 200 (62ms) [System Admin]
2026-10-07 12:53:09,282 | INFO | GET /api/reports/dashboard -> 200 (96ms) [System Admin]
2026-10-07 12:53:09,349 | INFO | GET /api/reports/daily -> 200 (64ms) [System Admin]
2026-10-07 12:53:09,400 | INFO | GET /api/reports/weekly -> 200 (50ms) [System Admin]
2026-10-07 12:53:09,454 | INFO | GET /api/reports/monthly -> 200 (52ms) [System Admin]
2026-10-07 12:53:09,514 | INFO | GET /api/reports/yearly -> 200 (57ms) [System Admin]
2026-10-07 12:53:09,547 | INFO | GET /api/reports/export/leads -> 200 (30ms) [System Admin]
2026-10-07 12:53:09,603 | INFO | POST /api/reports/powerbi/export -> 200 (55ms) [System Admin]
2026-10-07 12:53:09,698 | INFO | GET /api/reports/activity -> 200 (37ms) [System Admin]
2026-10-07 12:53:09,876 | INFO | POST /api/auth/login -> 200 (176ms) [anonymous]
2026-10-07 12:53:09,894 | INFO | GET /api/employees -> 200 (15ms) [Jane Employee]
2026-10-07 12:53:09,903 | INFO | POST /api/employees -> 403 (7ms) [Jane Employee]
2026-10-07 12:53:10,001 | INFO | GET /api/reports/summary -> 200 (35ms) [Jane Employee]
2026-10-07 12:53:10,186 | INFO | POST /api/auth/login -> 200 (184ms) [anonymous]
2026-10-07 12:53:10,208 | INFO | GET /api/reports/summary -> 200 (20ms) [John Dev]
2026-10-07 12:53:10,251 | INFO | DELETE /api/leads/lead_80c572b3389c -> 403 (41ms) [John Dev]
2026-10-07 12:53:10,574 | INFO | DELETE /api/leads/lead_80c572b3389c -> 200 (176ms) [System Admin]
2026-10-07 12:53:10,797 | INFO | DELETE /api/projects/prj_05fcb4267f1e -> 200 (163ms) [System Admin]
2026-10-07 13:32:54,556 | INFO | CRM backend ready on http://0.0.0.0:5000
2026-10-07 13:35:14,968 | INFO | CRM backend ready on http://0.0.0.0:5001
2026-10-07 13:35:15,814 | INFO | GET /health -> 200 (2ms) [anonymous]
2026-10-07 13:36:21,903 | INFO | POST /api/auth/login -> 200 (307ms) [anonymous]
2026-10-07 13:36:21,966 | INFO | GET /pages/settings.html -> 200 (1ms) [anonymous]
2026-10-07 13:36:22,329 | INFO | GET /css/style.css -> 200 (2ms) [anonymous]
2026-10-07 13:36:22,329 | INFO | GET /css/dashboard.css -> 200 (0ms) [anonymous]
2026-10-07 13:36:22,335 | INFO | GET /css/responsive.css -> 200 (3ms) [anonymous]
2026-10-07 13:36:22,338 | INFO | GET /js/auth.js -> 200 (4ms) [anonymous]
2026-10-07 13:36:22,338 | INFO | GET /js/dashboard.js -> 200 (1ms) [anonymous]
2026-10-07 13:36:22,608 | INFO | GET /components/navbar.html -> 200 (1ms) [anonymous]
2026-10-07 13:36:22,609 | INFO | GET /components/sidebar.html -> 200 (2ms) [anonymous]
2026-10-07 13:36:22,609 | INFO | GET /components/footer.html -> 200 (1ms) [anonymous]
2026-10-07 13:36:22,609 | INFO | GET /components/modals.html -> 200 (1ms) [anonymous]
2026-10-07 13:36:22,702 | INFO | GET /api/auth/me -> 200 (31ms) [System Admin]
2026-10-07 13:36:22,714 | INFO | GET /api/auth/notifications -> 200 (43ms) [System Admin]
2026-10-07 13:36:22,760 | INFO | GET /api/employees/emp_9370c1d0a3e4 -> 200 (43ms) [System Admin]
2026-10-07 13:36:23,946 | INFO | PUT /api/auth/profile -> 200 (101ms) [System Admin]
2026-10-07 13:36:24,157 | INFO | GET /api/auth/me -> 200 (36ms) [Test Name]
2026-10-07 13:36:24,228 | INFO | GET /api/employees/emp_9370c1d0a3e4 -> 200 (59ms) [Test Name]
2026-10-07 13:36:25,385 | INFO | GET /api/auth/me -> 200 (22ms) [Test Name]
2026-10-07 13:36:25,402 | INFO | GET /pages/reports.html -> 200 (3ms) [anonymous]
2026-10-07 13:36:25,508 | INFO | GET /css/style.css -> 200 (1ms) [anonymous]
2026-10-07 13:36:25,514 | INFO | GET /css/dashboard.css -> 200 (4ms) [anonymous]
2026-10-07 13:36:25,547 | INFO | GET /css/responsive.css -> 200 (3ms) [anonymous]
2026-10-07 13:36:25,553 | INFO | GET /js/auth.js -> 200 (0ms) [anonymous]
2026-10-07 13:36:25,567 | INFO | GET /js/reports.js -> 200 (2ms) [anonymous]
2026-10-07 13:36:25,649 | INFO | GET /components/sidebar.html -> 200 (4ms) [anonymous]
2026-10-07 13:36:25,649 | INFO | GET /components/navbar.html -> 200 (2ms) [anonymous]
2026-10-07 13:36:25,650 | INFO | GET /components/footer.html -> 200 (2ms) [anonymous]
2026-10-07 13:36:25,783 | INFO | GET /api/auth/notifications -> 200 (87ms) [Test Name]
2026-10-07 13:36:25,920 | INFO | GET /api/reports/export -> 200 (211ms) [Test Name]
2026-10-07 13:36:26,007 | INFO | GET /api/reports/activity -> 200 (304ms) [Test Name]
2026-10-07 13:36:26,192 | INFO | GET /api/reports/monthly -> 200 (492ms) [Test Name]
2026-10-07 13:36:26,268 | INFO | GET /api/reports/summary -> 200 (571ms) [Test Name]
2026-10-07 13:36:26,412 | INFO | GET /api/reports/dashboard -> 200 (714ms) [Test Name]
2026-10-07 13:36:26,481 | INFO | GET /api/reports/powerbi -> 200 (769ms) [Test Name]
2026-10-07 13:36:28,014 | INFO | GET /pages/admin-dashboard.html -> 200 (0ms) [anonymous]
2026-10-07 13:36:28,089 | INFO | GET /css/dashboard.css -> 200 (2ms) [anonymous]
2026-10-07 13:36:28,089 | INFO | GET /css/responsive.css -> 200 (3ms) [anonymous]
2026-10-07 13:36:28,091 | INFO | GET /css/style.css -> 200 (6ms) [anonymous]
2026-10-07 13:36:28,094 | INFO | GET /js/auth.js -> 200 (6ms) [anonymous]
2026-10-07 13:36:28,095 | INFO | GET /js/dashboard.js -> 200 (2ms) [anonymous]
2026-10-07 13:36:28,169 | INFO | GET /components/sidebar.html -> 200 (5ms) [anonymous]
2026-10-07 13:36:28,169 | INFO | GET /components/navbar.html -> 200 (4ms) [anonymous]
2026-10-07 13:36:28,170 | INFO | GET /components/footer.html -> 200 (3ms) [anonymous]
2026-10-07 13:36:28,170 | INFO | GET /components/modals.html -> 200 (2ms) [anonymous]
2026-10-07 13:36:28,294 | INFO | GET /api/auth/notifications -> 200 (77ms) [Test Name]
2026-10-07 13:36:28,415 | INFO | GET /api/leads -> 200 (195ms) [Test Name]
2026-10-07 13:36:28,426 | INFO | GET /api/followups -> 200 (205ms) [Test Name]
2026-10-07 13:36:28,545 | INFO | GET /api/reports/dashboard -> 200 (327ms) [Test Name]
2026-10-07 13:36:30,095 | INFO | GET /pages/leads.html -> 200 (0ms) [anonymous]
2026-10-07 13:36:30,193 | INFO | GET /css/dashboard.css -> 200 (2ms) [anonymous]
2026-10-07 13:36:30,194 | INFO | GET /css/style.css -> 200 (4ms) [anonymous]
2026-10-07 13:36:30,195 | INFO | GET /css/responsive.css -> 200 (3ms) [anonymous]
2026-10-07 13:36:30,195 | INFO | GET /js/auth.js -> 200 (2ms) [anonymous]
2026-10-07 13:36:30,195 | INFO | GET /js/leads.js -> 200 (2ms) [anonymous]
2026-10-07 13:36:30,239 | INFO | GET /components/footer.html -> 200 (0ms) [anonymous]
2026-10-07 13:36:30,239 | INFO | GET /components/sidebar.html -> 200 (2ms) [anonymous]
2026-10-07 13:36:30,240 | INFO | GET /components/navbar.html -> 200 (2ms) [anonymous]
2026-10-07 13:36:30,243 | INFO | GET /components/modals.html -> 200 (1ms) [anonymous]
2026-10-07 13:36:30,315 | INFO | GET /api/auth/notifications -> 200 (46ms) [Test Name]
2026-10-07 13:36:30,358 | INFO | GET /api/leads -> 200 (87ms) [Test Name]
2026-10-07 13:36:32,198 | INFO | GET /pages/companies.html -> 200 (1ms) [anonymous]
2026-10-07 13:36:32,278 | INFO | GET /css/dashboard.css -> 200 (4ms) [anonymous]
2026-10-07 13:36:32,279 | INFO | GET /css/style.css -> 200 (6ms) [anonymous]
2026-10-07 13:36:32,280 | INFO | GET /css/responsive.css -> 200 (4ms) [anonymous]
2026-10-07 13:36:32,283 | INFO | GET /js/auth.js -> 200 (5ms) [anonymous]
2026-10-07 13:36:32,285 | INFO | GET /js/leads.js -> 200 (2ms) [anonymous]
2026-10-07 13:36:32,346 | INFO | GET /components/sidebar.html -> 200 (5ms) [anonymous]
2026-10-07 13:36:32,347 | INFO | GET /components/footer.html -> 200 (4ms) [anonymous]
2026-10-07 13:36:32,348 | INFO | GET /components/navbar.html -> 200 (4ms) [anonymous]
2026-10-07 13:36:32,349 | INFO | GET /components/modals.html -> 200 (3ms) [anonymous]
2026-10-07 13:36:32,483 | INFO | GET /api/auth/notifications -> 200 (97ms) [Test Name]
2026-10-07 13:36:32,535 | INFO | GET /api/companies -> 200 (148ms) [Test Name]
2026-10-07 13:36:34,278 | INFO | GET /pages/followups.html -> 200 (1ms) [anonymous]
2026-10-07 13:36:34,344 | INFO | GET /css/dashboard.css -> 200 (4ms) [anonymous]
2026-10-07 13:36:34,345 | INFO | GET /css/style.css -> 200 (5ms) [anonymous]
2026-10-07 13:36:34,346 | INFO | GET /css/responsive.css -> 200 (4ms) [anonymous]
2026-10-07 13:36:34,349 | INFO | GET /js/auth.js -> 200 (5ms) [anonymous]
2026-10-07 13:36:34,349 | INFO | GET /js/leads.js -> 200 (1ms) [anonymous]
2026-10-07 13:36:34,418 | INFO | GET /components/sidebar.html -> 200 (5ms) [anonymous]
2026-10-07 13:36:34,418 | INFO | GET /components/footer.html -> 200 (3ms) [anonymous]
2026-10-07 13:36:34,419 | INFO | GET /components/navbar.html -> 200 (3ms) [anonymous]
2026-10-07 13:36:34,421 | INFO | GET /components/modals.html -> 200 (3ms) [anonymous]
2026-10-07 13:36:34,525 | INFO | GET /api/auth/notifications -> 200 (64ms) [Test Name]
2026-10-07 13:36:34,573 | INFO | GET /api/employees -> 200 (110ms) [Test Name]
2026-10-07 13:36:34,590 | INFO | GET /api/followups -> 200 (125ms) [Test Name]
2026-10-07 13:36:36,349 | INFO | GET /pages/projects.html -> 200 (0ms) [anonymous]
2026-10-07 13:36:36,447 | INFO | GET /css/dashboard.css -> 200 (3ms) [anonymous]
2026-10-07 13:36:36,448 | INFO | GET /css/style.css -> 200 (4ms) [anonymous]
2026-10-07 13:36:36,449 | INFO | GET /css/responsive.css -> 200 (4ms) [anonymous]
2026-10-07 13:36:36,452 | INFO | GET /js/auth.js -> 200 (5ms) [anonymous]
2026-10-07 13:36:36,456 | INFO | GET /js/projects.js -> 200 (2ms) [anonymous]
2026-10-07 13:36:36,511 | INFO | GET /components/sidebar.html -> 200 (2ms) [anonymous]
2026-10-07 13:36:36,512 | INFO | GET /components/navbar.html -> 200 (3ms) [anonymous]
2026-10-07 13:36:36,514 | INFO | GET /components/footer.html -> 200 (3ms) [anonymous]
2026-10-07 13:36:36,516 | INFO | GET /components/modals.html -> 200 (2ms) [anonymous]
2026-10-07 13:36:36,647 | INFO | GET /api/auth/notifications -> 200 (96ms) [Test Name]
2026-10-07 13:36:36,695 | INFO | GET /api/employees -> 200 (139ms) [Test Name]
2026-10-07 13:36:36,745 | INFO | GET /api/companies -> 200 (193ms) [Test Name]
2026-10-07 13:36:36,797 | INFO | GET /api/developers -> 200 (241ms) [Test Name]
2026-10-07 13:36:36,945 | INFO | GET /api/projects -> 200 (139ms) [Test Name]
2026-10-07 13:36:38,461 | INFO | GET /pages/developers.html -> 200 (0ms) [anonymous]
2026-10-07 13:36:38,591 | INFO | GET /css/style.css -> 200 (5ms) [anonymous]
2026-10-07 13:36:38,591 | INFO | GET /css/dashboard.css -> 200 (2ms) [anonymous]
2026-10-07 13:36:38,592 | INFO | GET /css/responsive.css -> 200 (6ms) [anonymous]
2026-10-07 13:36:38,595 | INFO | GET /js/auth.js -> 200 (4ms) [anonymous]
2026-10-07 13:36:38,596 | INFO | GET /js/developers.js -> 200 (2ms) [anonymous]
2026-10-07 13:36:38,665 | INFO | GET /components/modals.html -> 200 (1ms) [anonymous]
2026-10-07 13:36:38,665 | INFO | GET /components/footer.html -> 200 (2ms) [anonymous]
2026-10-07 13:36:38,666 | INFO | GET /components/sidebar.html -> 200 (5ms) [anonymous]
2026-10-07 13:36:38,667 | INFO | GET /components/navbar.html -> 200 (5ms) [anonymous]
2026-10-07 13:36:38,775 | INFO | GET /api/auth/notifications -> 200 (64ms) [Test Name]
2026-10-07 13:36:38,820 | INFO | GET /api/developers -> 200 (107ms) [Test Name]
2026-10-07 13:36:40,590 | INFO | GET /pages/employee-dashboard.html -> 200 (1ms) [anonymous]
2026-10-07 13:36:40,676 | INFO | GET /css/dashboard.css -> 200 (2ms) [anonymous]
2026-10-07 13:36:40,676 | INFO | GET /css/style.css -> 200 (1ms) [anonymous]
2026-10-07 13:36:40,682 | INFO | GET /css/responsive.css -> 200 (1ms) [anonymous]
2026-10-07 13:36:40,703 | INFO | GET /js/auth.js -> 200 (0ms) [anonymous]
2026-10-07 13:36:40,710 | INFO | GET /js/dashboard.js -> 200 (0ms) [anonymous]
2026-10-07 13:36:42,658 | INFO | GET /pages/developer-dashboard.html -> 200 (1ms) [anonymous]
2026-10-07 13:36:42,732 | INFO | GET /css/style.css -> 200 (1ms) [anonymous]
2026-10-07 13:36:42,758 | INFO | GET /css/dashboard.css -> 200 (0ms) [anonymous]
2026-10-07 13:36:42,768 | INFO | GET /css/responsive.css -> 200 (0ms) [anonymous]
2026-10-07 13:36:42,771 | INFO | GET /js/auth.js -> 200 (1ms) [anonymous]
2026-10-07 13:36:42,777 | INFO | GET /js/dashboard.js -> 200 (1ms) [anonymous]
2026-10-07 13:37:54,158 | INFO | GET /api/reports/summaries -> 401 (1ms) [anonymous]
2026-10-07 13:41:09,556 | INFO | CRM backend ready on http://0.0.0.0:5000
2026-10-07 13:41:09,997 | INFO | CRM backend ready on http://0.0.0.0:5000
2026-10-07 13:41:10,019 | INFO | GET /health -> 200 (0ms) [anonymous]
2026-10-07 13:41:10,034 | INFO | POST /api/auth/login -> 401 (13ms) [anonymous]
2026-10-07 13:41:10,268 | INFO | POST /api/auth/login -> 200 (232ms) [anonymous]
2026-10-07 13:41:10,285 | INFO | GET /api/auth/me -> 200 (14ms) [Test Name]
2026-10-07 13:41:10,287 | INFO | GET /api/leads -> 401 (0ms) [anonymous]
2026-10-07 13:41:10,704 | INFO | POST /api/employees -> 201 (414ms) [Test Name]
2026-10-07 13:41:11,192 | INFO | POST /api/employees -> 201 (385ms) [Test Name]
2026-10-07 13:41:11,357 | INFO | GET /api/employees -> 200 (51ms) [Test Name]
2026-10-07 13:41:11,539 | INFO | POST /api/companies -> 201 (178ms) [Test Name]
2026-10-07 13:41:11,865 | INFO | POST /api/leads -> 201 (213ms) [Test Name]
2026-10-07 13:41:12,047 | INFO | GET /api/leads/lead_10df2c638d4c -> 200 (80ms) [Test Name]
2026-10-07 13:41:12,202 | INFO | POST /api/leads/lead_10df2c638d4c/followups -> 201 (152ms) [Test Name]
2026-10-07 13:41:12,466 | INFO | POST /api/leads/lead_10df2c638d4c/calls -> 201 (145ms) [Test Name]
2026-10-07 13:41:12,660 | INFO | GET /api/followups -> 200 (78ms) [Test Name]
2026-10-07 13:41:12,740 | INFO | GET /api/calls -> 200 (76ms) [Test Name]
2026-10-07 13:41:12,948 | INFO | POST /api/developers -> 201 (205ms) [Test Name]
2026-10-07 13:41:13,335 | INFO | POST /api/projects -> 201 (268ms) [Test Name]
2026-10-07 13:41:13,550 | INFO | POST /api/projects/prj_9aa3952f07df/tasks -> 201 (87ms) [Test Name]
2026-10-07 13:41:13,852 | INFO | PUT /api/projects/tasks/tsk_6ce605dc539f -> 200 (164ms) [Test Name]
2026-10-07 13:41:14,123 | INFO | POST /api/projects/prj_9aa3952f07df/updates -> 201 (143ms) [Test Name]
2026-10-07 13:41:14,516 | INFO | POST /api/projects/prj_9aa3952f07df/assignments -> 201 (181ms) [Test Name]
2026-10-07 13:41:14,709 | INFO | GET /api/developers/dev_c095b8f82808 -> 200 (79ms) [Test Name]
2026-10-07 13:41:14,847 | INFO | GET /api/reports/summary -> 200 (135ms) [Test Name]
2026-10-07 13:41:15,030 | INFO | GET /api/reports/dashboard -> 200 (180ms) [Test Name]
2026-10-07 13:41:15,144 | INFO | GET /api/reports/daily -> 200 (110ms) [Test Name]
2026-10-07 13:41:15,244 | INFO | GET /api/reports/weekly -> 200 (97ms) [Test Name]
2026-10-07 13:41:15,343 | INFO | GET /api/reports/monthly -> 200 (96ms) [Test Name]
2026-10-07 13:41:15,446 | INFO | GET /api/reports/yearly -> 200 (99ms) [Test Name]
2026-10-07 13:41:15,515 | INFO | GET /api/reports/export/leads -> 200 (66ms) [Test Name]
2026-10-07 13:41:15,619 | INFO | POST /api/reports/powerbi/export -> 200 (101ms) [Test Name]
2026-10-07 13:41:15,849 | INFO | GET /api/reports/activity -> 200 (102ms) [Test Name]
2026-10-07 13:41:16,160 | INFO | POST /api/auth/login -> 200 (309ms) [anonymous]
2026-10-07 13:41:16,204 | INFO | GET /api/employees -> 200 (41ms) [Jane Employee]
2026-10-07 13:41:16,220 | INFO | POST /api/employees -> 403 (10ms) [Jane Employee]
2026-10-07 13:41:16,435 | INFO | GET /api/reports/summary -> 200 (74ms) [Jane Employee]
2026-10-07 13:41:16,679 | INFO | POST /api/auth/login -> 200 (240ms) [anonymous]
2026-10-07 13:41:16,706 | INFO | GET /api/reports/summary -> 200 (25ms) [John Dev]
2026-10-07 13:41:16,718 | INFO | DELETE /api/leads/lead_10df2c638d4c -> 403 (10ms) [John Dev]
2026-10-07 13:41:17,128 | INFO | DELETE /api/leads/lead_10df2c638d4c -> 200 (300ms) [Test Name]
2026-10-07 13:41:17,616 | INFO | DELETE /api/projects/prj_9aa3952f07df -> 200 (349ms) [Test Name]
2026-10-07 13:42:33,457 | INFO | CRM backend ready on http://0.0.0.0:5001
2026-10-07 13:42:36,511 | INFO | GET /health -> 200 (0ms) [anonymous]
2026-10-07 13:46:54,403 | INFO | GET / -> 200 (1ms) [anonymous]
2026-10-07 13:46:54,455 | INFO | GET /css/responsive.css -> 200 (1ms) [anonymous]
2026-10-07 13:46:54,456 | INFO | GET /css/style.css -> 200 (3ms) [anonymous]
2026-10-07 13:46:54,459 | INFO | GET /css/login.css -> 200 (1ms) [anonymous]
2026-10-07 13:46:54,460 | INFO | GET /js/auth.js -> 200 (1ms) [anonymous]
2026-10-07 13:46:54,718 | INFO | GET /favicon.ico -> 404 (0ms) [anonymous]
2026-10-07 13:48:02,220 | INFO | POST /api/auth/login -> 200 (355ms) [anonymous]
2026-10-07 13:48:02,607 | INFO | GET /pages/admin-dashboard.html -> 200 (1ms) [anonymous]
2026-10-07 13:48:02,660 | INFO | GET /css/dashboard.css -> 200 (1ms) [anonymous]
2026-10-07 13:48:02,684 | INFO | GET /js/auth.js -> 304 (2ms) [anonymous]
2026-10-07 13:48:02,692 | INFO | GET /js/dashboard.js -> 200 (5ms) [anonymous]
2026-10-07 13:48:02,695 | INFO | GET /css/responsive.css -> 304 (6ms) [anonymous]
2026-10-07 13:48:02,699 | INFO | GET /css/style.css -> 304 (4ms) [anonymous]
2026-10-07 13:48:02,860 | INFO | GET /components/sidebar.html -> 200 (0ms) [anonymous]
2026-10-07 13:48:02,862 | INFO | GET /components/navbar.html -> 200 (0ms) [anonymous]
2026-10-07 13:48:02,869 | INFO | GET /components/modals.html -> 200 (3ms) [anonymous]
2026-10-07 13:48:02,870 | INFO | GET /components/footer.html -> 200 (5ms) [anonymous]
2026-10-07 13:48:03,108 | INFO | GET /api/auth/notifications -> 200 (116ms) [Test Name]
2026-10-07 13:48:03,276 | INFO | GET /api/followups -> 200 (280ms) [Test Name]
2026-10-07 13:48:03,293 | INFO | GET /api/leads -> 200 (299ms) [Test Name]
2026-10-07 13:48:03,446 | INFO | GET /api/reports/dashboard -> 200 (453ms) [Test Name]
2026-10-07 13:48:14,549 | INFO | GET /pages/reports.html -> 200 (0ms) [anonymous]
2026-10-07 13:48:14,579 | INFO | GET /js/reports.js -> 200 (0ms) [anonymous]
2026-10-07 13:48:14,584 | INFO | GET /css/style.css -> 304 (1ms) [anonymous]
2026-10-07 13:48:14,596 | INFO | GET /css/dashboard.css -> 304 (4ms) [anonymous]
2026-10-07 13:48:14,597 | INFO | GET /js/auth.js -> 304 (2ms) [anonymous]
2026-10-07 13:48:14,598 | INFO | GET /css/responsive.css -> 304 (4ms) [anonymous]
2026-10-07 13:48:14,657 | INFO | GET /components/sidebar.html -> 304 (6ms) [anonymous]
2026-10-07 13:48:14,658 | INFO | GET /components/navbar.html -> 304 (4ms) [anonymous]
2026-10-07 13:48:14,664 | INFO | GET /components/footer.html -> 304 (0ms) [anonymous]
2026-10-07 13:48:14,850 | INFO | GET /api/reports/export -> 200 (146ms) [Test Name]
2026-10-07 13:48:14,980 | INFO | GET /api/reports/activity -> 200 (278ms) [Test Name]
2026-10-07 13:48:15,168 | INFO | GET /api/auth/notifications -> 200 (452ms) [Test Name]
2026-10-07 13:48:15,198 | INFO | GET /api/reports/monthly -> 200 (497ms) [Test Name]
2026-10-07 13:48:15,365 | INFO | GET /api/reports/summary -> 200 (666ms) [Test Name]
2026-10-07 13:48:15,626 | INFO | GET /api/reports/powerbi -> 200 (913ms) [Test Name]
2026-10-07 13:48:15,635 | INFO | GET /api/reports/dashboard -> 200 (740ms) [Test Name]
2026-10-07 13:48:18,040 | INFO | GET /pages/projects.html -> 200 (1ms) [anonymous]
2026-10-07 13:48:18,057 | INFO | GET /css/style.css -> 304 (0ms) [anonymous]
2026-10-07 13:48:18,070 | INFO | GET /js/projects.js -> 200 (4ms) [anonymous]
2026-10-07 13:48:18,072 | INFO | GET /css/responsive.css -> 304 (2ms) [anonymous]
2026-10-07 13:48:18,075 | INFO | GET /css/dashboard.css -> 304 (1ms) [anonymous]
2026-10-07 13:48:18,078 | INFO | GET /js/auth.js -> 304 (1ms) [anonymous]
2026-10-07 13:48:18,131 | INFO | GET /components/footer.html -> 304 (0ms) [anonymous]
2026-10-07 13:48:18,135 | INFO | GET /components/navbar.html -> 304 (1ms) [anonymous]
2026-10-07 13:48:18,142 | INFO | GET /components/sidebar.html -> 304 (2ms) [anonymous]
2026-10-07 13:48:18,145 | INFO | GET /components/modals.html -> 304 (1ms) [anonymous]
2026-10-07 13:48:18,316 | INFO | GET /api/auth/notifications -> 200 (124ms) [Test Name]
2026-10-07 13:48:18,424 | INFO | GET /api/employees -> 200 (229ms) [Test Name]
2026-10-07 13:48:18,508 | INFO | GET /api/companies -> 200 (315ms) [Test Name]
2026-10-07 13:48:18,548 | INFO | GET /api/developers -> 200 (350ms) [Test Name]
2026-10-07 13:48:18,735 | INFO | GET /api/projects -> 200 (170ms) [Test Name]
2026-10-07 13:48:22,276 | INFO | GET /pages/developers.html -> 200 (0ms) [anonymous]
2026-10-07 13:48:22,305 | INFO | GET /js/developers.js -> 200 (0ms) [anonymous]
2026-10-07 13:48:22,319 | INFO | GET /css/style.css -> 304 (2ms) [anonymous]
2026-10-07 13:48:22,321 | INFO | GET /css/dashboard.css -> 304 (2ms) [anonymous]
2026-10-07 13:48:22,322 | INFO | GET /css/responsive.css -> 304 (2ms) [anonymous]
2026-10-07 13:48:22,326 | INFO | GET /js/auth.js -> 304 (1ms) [anonymous]
2026-10-07 13:48:22,379 | INFO | GET /components/sidebar.html -> 304 (2ms) [anonymous]
2026-10-07 13:48:22,382 | INFO | GET /components/navbar.html -> 304 (4ms) [anonymous]
2026-10-07 13:48:22,387 | INFO | GET /components/footer.html -> 304 (2ms) [anonymous]
2026-10-07 13:48:22,390 | INFO | GET /components/modals.html -> 304 (1ms) [anonymous]
2026-10-07 13:48:22,508 | INFO | GET /api/auth/notifications -> 200 (83ms) [Test Name]
2026-10-07 13:48:22,577 | INFO | GET /api/developers -> 200 (149ms) [Test Name]
2026-10-07 13:48:29,654 | INFO | GET /pages/companies.html -> 200 (0ms) [anonymous]
2026-10-07 13:48:29,701 | INFO | GET /js/leads.js -> 200 (2ms) [anonymous]
2026-10-07 13:48:29,701 | INFO | GET /js/auth.js -> 304 (0ms) [anonymous]
2026-10-07 13:48:29,705 | INFO | GET /css/responsive.css -> 304 (1ms) [anonymous]
2026-10-07 13:48:29,709 | INFO | GET /css/dashboard.css -> 304 (2ms) [anonymous]
2026-10-07 13:48:29,717 | INFO | GET /css/style.css -> 304 (2ms) [anonymous]
2026-10-07 13:48:29,771 | INFO | GET /components/sidebar.html -> 304 (2ms) [anonymous]
2026-10-07 13:48:29,777 | INFO | GET /components/navbar.html -> 304 (2ms) [anonymous]
2026-10-07 13:48:29,782 | INFO | GET /components/footer.html -> 304 (3ms) [anonymous]
2026-10-07 13:48:29,783 | INFO | GET /components/modals.html -> 304 (1ms) [anonymous]
2026-10-07 13:48:29,910 | INFO | GET /api/auth/notifications -> 200 (96ms) [Test Name]
2026-10-07 13:48:29,986 | INFO | GET /api/companies -> 200 (169ms) [Test Name]
2026-10-07 13:48:34,487 | INFO | GET /pages/leads.html -> 200 (0ms) [anonymous]
2026-10-07 13:48:34,511 | INFO | GET /css/style.css -> 304 (1ms) [anonymous]
2026-10-07 13:48:34,515 | INFO | GET /css/responsive.css -> 304 (2ms) [anonymous]
2026-10-07 13:48:34,517 | INFO | GET /css/dashboard.css -> 304 (2ms) [anonymous]
2026-10-07 13:48:34,525 | INFO | GET /js/auth.js -> 304 (3ms) [anonymous]
2026-10-07 13:48:34,526 | INFO | GET /js/leads.js -> 304 (1ms) [anonymous]
2026-10-07 13:48:34,566 | INFO | GET /components/navbar.html -> 304 (2ms) [anonymous]
2026-10-07 13:48:34,568 | INFO | GET /components/sidebar.html -> 304 (2ms) [anonymous]
2026-10-07 13:48:34,572 | INFO | GET /components/footer.html -> 304 (3ms) [anonymous]
2026-10-07 13:48:34,578 | INFO | GET /components/modals.html -> 304 (1ms) [anonymous]
2026-10-07 13:48:34,730 | INFO | GET /api/leads -> 200 (112ms) [Test Name]
2026-10-07 13:48:34,743 | INFO | GET /api/auth/notifications -> 200 (120ms) [Test Name]
2026-10-07 13:48:35,983 | INFO | GET /pages/followups.html -> 200 (0ms) [anonymous]
2026-10-07 13:48:36,049 | INFO | GET /css/style.css -> 304 (1ms) [anonymous]
2026-10-07 13:48:36,059 | INFO | GET /css/dashboard.css -> 304 (1ms) [anonymous]
2026-10-07 13:48:36,068 | INFO | GET /css/responsive.css -> 304 (2ms) [anonymous]
2026-10-07 13:48:36,070 | INFO | GET /js/auth.js -> 304 (4ms) [anonymous]
2026-10-07 13:48:36,075 | INFO | GET /js/leads.js -> 304 (3ms) [anonymous]
2026-10-07 13:48:36,113 | INFO | GET /components/sidebar.html -> 304 (1ms) [anonymous]
2026-10-07 13:48:36,117 | INFO | GET /components/navbar.html -> 304 (2ms) [anonymous]
2026-10-07 13:48:36,122 | INFO | GET /components/footer.html -> 304 (6ms) [anonymous]
2026-10-07 13:48:36,124 | INFO | GET /components/modals.html -> 304 (0ms) [anonymous]
2026-10-07 13:48:36,276 | INFO | GET /api/followups -> 200 (112ms) [Test Name]
2026-10-07 13:48:36,337 | INFO | GET /api/auth/notifications -> 200 (164ms) [Test Name]
2026-10-07 13:48:36,341 | INFO | GET /api/employees -> 200 (164ms) [Test Name]
2026-10-07 13:49:44,128 | INFO | GET /pages/admin-dashboard.html -> 304 (1ms) [anonymous]
2026-10-07 13:49:44,149 | INFO | GET /css/style.css -> 304 (0ms) [anonymous]
2026-10-07 13:49:44,166 | INFO | GET /css/dashboard.css -> 304 (5ms) [anonymous]
2026-10-07 13:49:44,168 | INFO | GET /js/dashboard.js -> 304 (5ms) [anonymous]
2026-10-07 13:49:44,169 | INFO | GET /js/auth.js -> 304 (3ms) [anonymous]
2026-10-07 13:49:44,169 | INFO | GET /css/responsive.css -> 304 (1ms) [anonymous]
2026-10-07 13:49:44,230 | INFO | GET /components/sidebar.html -> 304 (1ms) [anonymous]
2026-10-07 13:49:44,257 | INFO | GET /components/navbar.html -> 304 (6ms) [anonymous]
2026-10-07 13:49:44,259 | INFO | GET /components/footer.html -> 304 (3ms) [anonymous]
2026-10-07 13:49:44,266 | INFO | GET /components/modals.html -> 304 (1ms) [anonymous]
2026-10-07 13:49:44,396 | INFO | GET /api/auth/notifications -> 200 (92ms) [Test Name]
2026-10-07 13:49:44,526 | INFO | GET /api/followups -> 200 (215ms) [Test Name]
2026-10-07 13:49:44,534 | INFO | GET /api/leads -> 200 (225ms) [Test Name]
2026-10-07 13:49:44,643 | INFO | GET /api/reports/dashboard -> 200 (337ms) [Test Name]
2026-10-07 13:49:51,638 | INFO | GET /pages/leads.html -> 304 (0ms) [anonymous]
2026-10-07 13:49:51,671 | INFO | GET /css/style.css -> 304 (1ms) [anonymous]
2026-10-07 13:49:51,689 | INFO | GET /css/dashboard.css -> 304 (3ms) [anonymous]
2026-10-07 13:49:51,695 | INFO | GET /css/responsive.css -> 304 (1ms) [anonymous]
2026-10-07 13:49:51,704 | INFO | GET /js/auth.js -> 304 (3ms) [anonymous]
2026-10-07 13:49:51,709 | INFO | GET /js/leads.js -> 304 (6ms) [anonymous]
2026-10-07 13:49:51,755 | INFO | GET /components/sidebar.html -> 304 (2ms) [anonymous]
2026-10-07 13:49:51,756 | INFO | GET /components/navbar.html -> 304 (1ms) [anonymous]
2026-10-07 13:49:51,762 | INFO | GET /components/footer.html -> 304 (3ms) [anonymous]
2026-10-07 13:49:51,767 | INFO | GET /components/modals.html -> 304 (7ms) [anonymous]
2026-10-07 13:49:51,924 | INFO | GET /api/auth/notifications -> 200 (96ms) [Test Name]
2026-10-07 13:49:51,977 | INFO | GET /api/leads -> 200 (136ms) [Test Name]
2026-10-07 13:49:59,059 | INFO | GET /api/leads/lead_5735fe3feb1b -> 200 (60ms) [Test Name]
2026-10-07 13:50:09,367 | INFO | GET /pages/followups.html -> 304 (0ms) [anonymous]
2026-10-07 13:50:09,390 | INFO | GET /css/style.css -> 304 (1ms) [anonymous]
2026-10-07 13:50:09,407 | INFO | GET /css/dashboard.css -> 304 (3ms) [anonymous]
2026-10-07 13:50:09,413 | INFO | GET /css/responsive.css -> 304 (3ms) [anonymous]
2026-10-07 13:50:09,414 | INFO | GET /js/auth.js -> 304 (1ms) [anonymous]
2026-10-07 13:50:09,418 | INFO | GET /js/leads.js -> 304 (1ms) [anonymous]
2026-10-07 13:50:09,470 | INFO | GET /components/sidebar.html -> 304 (3ms) [anonymous]
2026-10-07 13:50:09,475 | INFO | GET /components/navbar.html -> 304 (3ms) [anonymous]
2026-10-07 13:50:09,476 | INFO | GET /components/footer.html -> 304 (3ms) [anonymous]
2026-10-07 13:50:09,477 | INFO | GET /components/modals.html -> 304 (1ms) [anonymous]
2026-10-07 13:50:09,597 | INFO | GET /api/auth/notifications -> 200 (90ms) [Test Name]
2026-10-07 13:50:09,665 | INFO | GET /api/employees -> 200 (159ms) [Test Name]
2026-10-07 13:50:09,683 | INFO | GET /api/followups -> 200 (174ms) [Test Name]
2026-10-07 13:50:11,999 | INFO | GET /pages/projects.html -> 304 (0ms) [anonymous]
2026-10-07 13:50:12,018 | INFO | GET /css/style.css -> 304 (0ms) [anonymous]
2026-10-07 13:50:12,024 | INFO | GET /css/dashboard.css -> 304 (2ms) [anonymous]
2026-10-07 13:50:12,038 | INFO | GET /css/responsive.css -> 304 (7ms) [anonymous]
2026-10-07 13:50:12,048 | INFO | GET /js/auth.js -> 304 (6ms) [anonymous]
2026-10-07 13:50:12,057 | INFO | GET /js/projects.js -> 304 (1ms) [anonymous]
2026-10-07 13:50:12,138 | INFO | GET /components/sidebar.html -> 304 (4ms) [anonymous]
2026-10-07 13:50:12,148 | INFO | GET /components/navbar.html -> 304 (5ms) [anonymous]
2026-10-07 13:50:12,162 | INFO | GET /components/footer.html -> 304 (9ms) [anonymous]
2026-10-07 13:50:12,168 | INFO | GET /components/modals.html -> 304 (8ms) [anonymous]
2026-10-07 13:50:12,347 | INFO | GET /api/auth/notifications -> 200 (137ms) [Test Name]
2026-10-07 13:50:12,453 | INFO | GET /api/employees -> 200 (222ms) [Test Name]
2026-10-07 13:50:12,524 | INFO | GET /api/companies -> 200 (309ms) [Test Name]
2026-10-07 13:50:12,555 | INFO | GET /api/developers -> 200 (320ms) [Test Name]
2026-10-07 13:50:12,720 | INFO | GET /api/projects -> 200 (153ms) [Test Name]
2026-10-07 13:50:14,184 | INFO | GET /pages/developers.html -> 304 (0ms) [anonymous]
2026-10-07 13:50:14,205 | INFO | GET /css/style.css -> 304 (1ms) [anonymous]
2026-10-07 13:50:14,225 | INFO | GET /css/dashboard.css -> 304 (2ms) [anonymous]
2026-10-07 13:50:14,227 | INFO | GET /js/auth.js -> 304 (3ms) [anonymous]
2026-10-07 13:50:14,233 | INFO | GET /js/developers.js -> 304 (1ms) [anonymous]
2026-10-07 13:50:14,235 | INFO | GET /css/responsive.css -> 304 (5ms) [anonymous]
2026-10-07 13:50:14,285 | INFO | GET /components/sidebar.html -> 304 (4ms) [anonymous]
2026-10-07 13:50:14,288 | INFO | GET /components/navbar.html -> 304 (3ms) [anonymous]
2026-10-07 13:50:14,289 | INFO | GET /components/footer.html -> 304 (1ms) [anonymous]
2026-10-07 13:50:14,297 | INFO | GET /components/modals.html -> 304 (1ms) [anonymous]
2026-10-07 13:50:14,421 | INFO | GET /api/auth/notifications -> 200 (84ms) [Test Name]
2026-10-07 13:50:14,491 | INFO | GET /api/developers -> 200 (152ms) [Test Name]
2026-10-07 13:50:20,539 | INFO | GET /pages/reports.html -> 304 (1ms) [anonymous]
2026-10-07 13:50:20,561 | INFO | GET /css/style.css -> 304 (0ms) [anonymous]
2026-10-07 13:50:20,567 | INFO | GET /js/reports.js -> 304 (0ms) [anonymous]
2026-10-07 13:50:20,568 | INFO | GET /css/dashboard.css -> 304 (3ms) [anonymous]
2026-10-07 13:50:20,575 | INFO | GET /js/auth.js -> 304 (7ms) [anonymous]
2026-10-07 13:50:20,578 | INFO | GET /css/responsive.css -> 304 (1ms) [anonymous]
2026-10-07 13:50:20,625 | INFO | GET /components/sidebar.html -> 304 (1ms) [anonymous]
2026-10-07 13:50:20,631 | INFO | GET /components/navbar.html -> 304 (1ms) [anonymous]
2026-10-07 13:50:20,634 | INFO | GET /components/footer.html -> 304 (2ms) [anonymous]
2026-10-07 13:50:20,764 | INFO | GET /api/auth/notifications -> 200 (101ms) [Test Name]
2026-10-07 13:50:20,978 | INFO | GET /api/reports/export -> 200 (279ms) [Test Name]
2026-10-07 13:50:20,993 | INFO | GET /api/reports/activity -> 200 (297ms) [Test Name]
2026-10-07 13:50:21,199 | INFO | GET /api/reports/monthly -> 200 (515ms) [Test Name]
2026-10-07 13:50:21,385 | INFO | GET /api/reports/summary -> 200 (719ms) [Test Name]
2026-10-07 13:50:21,547 | INFO | GET /api/reports/dashboard -> 200 (866ms) [Test Name]
2026-10-07 13:50:21,627 | INFO | GET /api/reports/powerbi -> 200 (828ms) [Test Name]
2026-10-07 13:50:32,029 | INFO | GET /pages/developers.html -> 304 (0ms) [anonymous]
2026-10-07 13:50:32,051 | INFO | GET /css/style.css -> 304 (1ms) [anonymous]
2026-10-07 13:50:32,069 | INFO | GET /js/auth.js -> 304 (0ms) [anonymous]
2026-10-07 13:50:32,074 | INFO | GET /css/responsive.css -> 304 (3ms) [anonymous]
2026-10-07 13:50:32,078 | INFO | GET /css/dashboard.css -> 304 (5ms) [anonymous]
2026-10-07 13:50:32,079 | INFO | GET /js/developers.js -> 304 (3ms) [anonymous]
2026-10-07 13:50:32,124 | INFO | GET /components/sidebar.html -> 304 (2ms) [anonymous]
2026-10-07 13:50:32,125 | INFO | GET /components/navbar.html -> 304 (1ms) [anonymous]
2026-10-07 13:50:32,133 | INFO | GET /components/footer.html -> 304 (2ms) [anonymous]
2026-10-07 13:50:32,134 | INFO | GET /components/modals.html -> 304 (1ms) [anonymous]
2026-10-07 13:50:32,266 | INFO | GET /api/auth/notifications -> 200 (92ms) [Test Name]
2026-10-07 13:50:32,336 | INFO | GET /api/developers -> 200 (158ms) [Test Name]
2026-10-07 13:51:23,567 | INFO | GET / -> 200 (0ms) [anonymous]
2026-10-07 13:51:23,621 | INFO | GET /css/login.css -> 200 (1ms) [anonymous]
2026-10-07 13:51:23,622 | INFO | GET /css/style.css -> 200 (1ms) [anonymous]
2026-10-07 13:51:23,630 | INFO | GET /css/responsive.css -> 200 (1ms) [anonymous]
2026-10-07 13:51:23,639 | INFO | GET /js/auth.js -> 200 (2ms) [anonymous]
2026-10-07 13:51:23,822 | INFO | GET /favicon.ico -> 404 (0ms) [anonymous]
2026-10-07 13:58:09,339 | INFO | GET /pages/followups.html -> 304 (0ms) [anonymous]
2026-10-07 13:58:09,359 | INFO | GET /css/style.css -> 304 (0ms) [anonymous]
2026-10-07 13:58:09,368 | INFO | GET /css/responsive.css -> 304 (0ms) [anonymous]
2026-10-07 13:58:09,368 | INFO | GET /css/dashboard.css -> 304 (2ms) [anonymous]
2026-10-07 13:58:09,373 | INFO | GET /js/auth.js -> 304 (0ms) [anonymous]
2026-10-07 13:58:09,377 | INFO | GET /js/leads.js -> 304 (1ms) [anonymous]
2026-10-07 13:58:09,396 | INFO | GET /components/sidebar.html -> 304 (2ms) [anonymous]
2026-10-07 13:58:09,400 | INFO | GET /components/navbar.html -> 304 (5ms) [anonymous]
2026-10-07 13:58:09,407 | INFO | GET /components/footer.html -> 304 (4ms) [anonymous]
2026-10-07 13:58:09,418 | INFO | GET /components/modals.html -> 304 (4ms) [anonymous]
2026-10-07 13:58:09,492 | INFO | GET /api/auth/notifications -> 200 (54ms) [Test Name]
2026-10-07 13:58:09,510 | INFO | GET /api/employees -> 200 (71ms) [Test Name]
2026-10-07 13:58:09,522 | INFO | GET /api/followups -> 200 (81ms) [Test Name]
2026-10-07 13:58:11,488 | INFO | GET /pages/admin-dashboard.html -> 304 (0ms) [anonymous]
2026-10-07 13:58:11,509 | INFO | GET /css/style.css -> 304 (1ms) [anonymous]
2026-10-07 13:58:11,516 | INFO | GET /css/dashboard.css -> 304 (2ms) [anonymous]
2026-10-07 13:58:11,518 | INFO | GET /js/dashboard.js -> 304 (0ms) [anonymous]
2026-10-07 13:58:11,520 | INFO | GET /css/responsive.css -> 304 (4ms) [anonymous]
2026-10-07 13:58:11,524 | INFO | GET /js/auth.js -> 304 (3ms) [anonymous]
2026-10-07 13:58:11,551 | INFO | GET /components/sidebar.html -> 304 (1ms) [anonymous]
2026-10-07 13:58:11,553 | INFO | GET /components/navbar.html -> 304 (0ms) [anonymous]
2026-10-07 13:58:11,559 | INFO | GET /components/footer.html -> 304 (2ms) [anonymous]
2026-10-07 13:58:11,563 | INFO | GET /components/modals.html -> 304 (0ms) [anonymous]
2026-10-07 13:58:11,647 | INFO | GET /api/auth/notifications -> 200 (63ms) [Test Name]
2026-10-07 13:58:11,713 | INFO | GET /api/followups -> 200 (123ms) [Test Name]
2026-10-07 13:58:11,719 | INFO | GET /api/leads -> 200 (130ms) [Test Name]
2026-10-07 13:58:11,789 | INFO | GET /api/reports/dashboard -> 200 (204ms) [Test Name]
2026-10-07 13:58:19,686 | INFO | GET /pages/leads.html -> 304 (1ms) [anonymous]
2026-10-07 13:58:19,707 | INFO | GET /css/style.css -> 304 (0ms) [anonymous]
2026-10-07 13:58:19,713 | INFO | GET /js/auth.js -> 304 (2ms) [anonymous]
2026-10-07 13:58:19,716 | INFO | GET /css/responsive.css -> 304 (3ms) [anonymous]
2026-10-07 13:58:19,717 | INFO | GET /css/dashboard.css -> 304 (2ms) [anonymous]
2026-10-07 13:58:19,722 | INFO | GET /js/leads.js -> 304 (1ms) [anonymous]
2026-10-07 13:58:19,762 | INFO | GET /components/sidebar.html -> 304 (2ms) [anonymous]
2026-10-07 13:58:19,764 | INFO | GET /components/navbar.html -> 304 (2ms) [anonymous]
2026-10-07 13:58:19,765 | INFO | GET /components/footer.html -> 304 (1ms) [anonymous]
2026-10-07 13:58:19,766 | INFO | GET /components/modals.html -> 304 (0ms) [anonymous]
2026-10-07 13:58:19,859 | INFO | GET /api/auth/notifications -> 200 (58ms) [Test Name]
2026-10-07 13:58:19,883 | INFO | GET /api/leads -> 200 (80ms) [Test Name]
2026-10-07 13:58:33,541 | INFO | GET /api/auth/notifications -> 200 (38ms) [Test Name]
2026-10-07 13:58:41,417 | INFO | GET /pages/settings.html -> 200 (0ms) [anonymous]
2026-10-07 13:58:41,438 | INFO | GET /css/style.css -> 304 (0ms) [anonymous]
2026-10-07 13:58:41,448 | INFO | GET /css/dashboard.css -> 304 (0ms) [anonymous]
2026-10-07 13:58:41,452 | INFO | GET /css/responsive.css -> 304 (0ms) [anonymous]
2026-10-07 13:58:41,456 | INFO | GET /js/auth.js -> 304 (2ms) [anonymous]
2026-10-07 13:58:41,457 | INFO | GET /js/dashboard.js -> 304 (1ms) [anonymous]
2026-10-07 13:58:41,496 | INFO | GET /components/sidebar.html -> 304 (2ms) [anonymous]
2026-10-07 13:58:41,501 | INFO | GET /components/navbar.html -> 304 (5ms) [anonymous]
2026-10-07 13:58:41,503 | INFO | GET /components/footer.html -> 304 (4ms) [anonymous]
2026-10-07 13:58:41,523 | INFO | GET /components/modals.html -> 304 (3ms) [anonymous]
2026-10-07 13:58:41,552 | INFO | GET /api/auth/me -> 200 (14ms) [Test Name]
2026-10-07 13:58:41,624 | INFO | GET /api/auth/notifications -> 200 (85ms) [Test Name]
2026-10-07 13:58:41,645 | INFO | GET /api/employees/emp_9370c1d0a3e4 -> 200 (50ms) [Test Name]
2026-10-07 13:59:08,275 | INFO | PUT /api/auth/profile -> 200 (47ms) [Test Name]
2026-10-07 13:59:08,370 | INFO | GET /api/auth/me -> 200 (20ms) [prasanna]
2026-10-07 13:59:08,411 | INFO | GET /api/employees/emp_9370c1d0a3e4 -> 200 (31ms) [prasanna]
2026-10-07 13:59:15,093 | INFO | GET /pages/settings.html -> 304 (0ms) [anonymous]
2026-10-07 13:59:15,120 | INFO | GET /css/style.css -> 304 (0ms) [anonymous]
2026-10-07 13:59:15,128 | INFO | GET /css/dashboard.css -> 304 (2ms) [anonymous]
2026-10-07 13:59:15,131 | INFO | GET /css/responsive.css -> 304 (1ms) [anonymous]
2026-10-07 13:59:15,131 | INFO | GET /js/auth.js -> 304 (0ms) [anonymous]
2026-10-07 13:59:15,134 | INFO | GET /js/dashboard.js -> 304 (1ms) [anonymous]
2026-10-07 13:59:15,160 | INFO | GET /components/sidebar.html -> 304 (2ms) [anonymous]
2026-10-07 13:59:15,164 | INFO | GET /components/footer.html -> 304 (1ms) [anonymous]
2026-10-07 13:59:15,175 | INFO | GET /components/navbar.html -> 304 (4ms) [anonymous]
2026-10-07 13:59:15,176 | INFO | GET /components/modals.html -> 304 (2ms) [anonymous]
2026-10-07 13:59:15,240 | INFO | GET /api/auth/me -> 200 (33ms) [prasanna]
2026-10-07 13:59:15,248 | INFO | GET /api/auth/notifications -> 200 (48ms) [prasanna]
2026-10-07 13:59:15,306 | INFO | GET /api/employees/emp_9370c1d0a3e4 -> 200 (48ms) [prasanna]
2026-10-07 13:59:21,942 | INFO | GET /pages/leads.html -> 304 (0ms) [anonymous]
2026-10-07 13:59:21,960 | INFO | GET /css/style.css -> 304 (0ms) [anonymous]
2026-10-07 13:59:21,969 | INFO | GET /css/dashboard.css -> 304 (0ms) [anonymous]
2026-10-07 13:59:21,974 | INFO | GET /css/responsive.css -> 304 (0ms) [anonymous]
2026-10-07 13:59:21,982 | INFO | GET /js/auth.js -> 304 (5ms) [anonymous]
2026-10-07 13:59:21,982 | INFO | GET /js/leads.js -> 304 (2ms) [anonymous]
2026-10-07 13:59:22,014 | INFO | GET /components/sidebar.html -> 304 (7ms) [anonymous]
2026-10-07 13:59:22,021 | INFO | GET /components/navbar.html -> 304 (0ms) [anonymous]
2026-10-07 13:59:22,026 | INFO | GET /components/footer.html -> 304 (0ms) [anonymous]
2026-10-07 13:59:22,030 | INFO | GET /components/modals.html -> 304 (2ms) [anonymous]
2026-10-07 13:59:22,105 | INFO | GET /api/auth/notifications -> 200 (54ms) [prasanna]
2026-10-07 13:59:22,124 | INFO | GET /api/leads -> 200 (71ms) [prasanna]
2026-10-07 14:07:09,316 | INFO | CRM backend ready on http://0.0.0.0:5000
2026-10-07 14:07:09,597 | INFO | CRM backend ready on http://0.0.0.0:5000
2026-10-07 14:07:09,618 | INFO | GET /health -> 200 (0ms) [anonymous]
2026-10-07 14:07:09,630 | INFO | POST /api/auth/login -> 401 (8ms) [anonymous]
2026-10-07 14:07:09,826 | INFO | CRM backend ready on http://0.0.0.0:5001
2026-10-07 14:07:09,847 | INFO | POST /api/auth/login -> 200 (215ms) [anonymous]
2026-10-07 14:07:09,858 | INFO | GET /api/auth/me -> 200 (9ms) [prasanna]
2026-10-07 14:07:09,860 | INFO | GET /api/leads -> 401 (0ms) [anonymous]
2026-10-07 14:07:10,123 | INFO | POST /api/employees -> 201 (262ms) [prasanna]
2026-10-07 14:07:10,472 | INFO | POST /api/employees -> 201 (267ms) [prasanna]
2026-10-07 14:07:10,700 | INFO | GET /api/employees -> 200 (59ms) [prasanna]
2026-10-07 14:07:10,860 | INFO | POST /api/companies -> 201 (157ms) [prasanna]
2026-10-07 14:07:11,091 | INFO | POST /api/leads -> 201 (147ms) [prasanna]
2026-10-07 14:07:11,256 | INFO | GET /api/leads/lead_afbba64ebbfd -> 200 (63ms) [prasanna]
2026-10-07 14:07:11,341 | INFO | POST /api/leads/lead_afbba64ebbfd/followups -> 201 (84ms) [prasanna]
2026-10-07 14:07:11,517 | INFO | POST /api/leads/lead_afbba64ebbfd/calls -> 201 (86ms) [prasanna]
2026-10-07 14:07:11,644 | INFO | GET /api/followups -> 200 (47ms) [prasanna]
2026-10-07 14:07:11,689 | INFO | GET /api/calls -> 200 (41ms) [prasanna]
2026-10-07 14:07:11,828 | INFO | POST /api/developers -> 201 (137ms) [prasanna]
2026-10-07 14:07:12,103 | INFO | POST /api/projects -> 201 (195ms) [prasanna]
2026-10-07 14:07:12,255 | INFO | POST /api/projects/prj_08b622becdd9/tasks -> 201 (61ms) [prasanna]
2026-10-07 14:07:12,392 | INFO | GET /health -> 200 (0ms) [anonymous]
2026-10-07 14:07:12,478 | INFO | GET /pages/employees.html -> 200 (24ms) [anonymous]
2026-10-07 14:07:12,487 | INFO | PUT /api/projects/tasks/tsk_9f2d2d2caf7b -> 200 (134ms) [prasanna]
2026-10-07 14:07:12,677 | INFO | POST /api/projects/prj_08b622becdd9/updates -> 201 (91ms) [prasanna]
2026-10-07 14:07:12,849 | INFO | POST /api/projects/prj_08b622becdd9/assignments -> 201 (94ms) [prasanna]
2026-10-07 14:07:13,130 | INFO | GET /api/developers/dev_4bed2c6b00a7 -> 200 (98ms) [prasanna]
2026-10-07 14:07:13,261 | INFO | GET /api/reports/summary -> 200 (129ms) [prasanna]
2026-10-07 14:07:13,391 | INFO | GET /api/reports/dashboard -> 200 (128ms) [prasanna]
2026-10-07 14:07:13,456 | INFO | GET /api/reports/daily -> 200 (63ms) [prasanna]
2026-10-07 14:07:13,536 | INFO | GET /api/reports/weekly -> 200 (79ms) [prasanna]
2026-10-07 14:07:13,599 | INFO | GET /api/reports/monthly -> 200 (60ms) [prasanna]
2026-10-07 14:07:13,656 | INFO | GET /api/reports/yearly -> 200 (53ms) [prasanna]
2026-10-07 14:07:13,693 | INFO | GET /api/reports/export/leads -> 200 (34ms) [prasanna]
2026-10-07 14:07:13,762 | INFO | POST /api/reports/powerbi/export -> 200 (67ms) [prasanna]
2026-10-07 14:07:13,905 | INFO | GET /api/reports/activity -> 200 (57ms) [prasanna]
2026-10-07 14:07:14,165 | INFO | POST /api/auth/login -> 200 (257ms) [anonymous]
2026-10-07 14:07:14,218 | INFO | GET /api/employees -> 200 (51ms) [Jane Employee]
2026-10-07 14:07:14,230 | INFO | POST /api/employees -> 403 (9ms) [Jane Employee]
2026-10-07 14:07:14,372 | INFO | GET /api/reports/summary -> 200 (50ms) [Jane Employee]
2026-10-07 14:07:14,597 | INFO | POST /api/auth/login -> 200 (223ms) [anonymous]
2026-10-07 14:07:14,623 | INFO | GET /api/reports/summary -> 200 (23ms) [John Dev]
2026-10-07 14:07:14,635 | INFO | DELETE /api/leads/lead_afbba64ebbfd -> 403 (10ms) [John Dev]
2026-10-07 14:07:14,927 | INFO | DELETE /api/leads/lead_afbba64ebbfd -> 200 (207ms) [prasanna]
2026-10-07 14:07:15,244 | INFO | DELETE /api/projects/prj_08b622becdd9 -> 200 (228ms) [prasanna]
2026-10-07 14:08:00,624 | INFO | GET /pages/employees.html -> 200 (0ms) [anonymous]
2026-10-07 14:08:00,876 | INFO | GET /js/employees.js -> 200 (0ms) [anonymous]
2026-10-07 14:08:00,897 | INFO | GET /js/auth.js -> 200 (0ms) [anonymous]
2026-10-07 14:08:00,897 | INFO | GET /css/dashboard.css -> 304 (15ms) [anonymous]
2026-10-07 14:08:00,906 | INFO | GET /css/responsive.css -> 304 (12ms) [anonymous]
2026-10-07 14:08:00,909 | INFO | GET /css/style.css -> 304 (17ms) [anonymous]
2026-10-07 14:08:01,053 | INFO | GET /components/sidebar.html -> 200 (13ms) [anonymous]
2026-10-07 14:08:01,054 | INFO | GET /components/footer.html -> 304 (11ms) [anonymous]
2026-10-07 14:08:01,055 | INFO | GET /components/navbar.html -> 304 (13ms) [anonymous]
2026-10-07 14:08:01,069 | INFO | GET /components/modals.html -> 304 (19ms) [anonymous]
2026-10-07 14:08:01,250 | INFO | GET /api/auth/notifications -> 200 (80ms) [prasanna]
2026-10-07 14:08:01,334 | INFO | GET /api/employees -> 200 (164ms) [prasanna]
2026-10-07 14:08:01,350 | INFO | GET /api/employees -> 200 (178ms) [prasanna]
2026-10-07 14:08:12,374 | INFO | GET /api/employees/emp_454f73ec5b29 -> 200 (45ms) [prasanna]
2026-10-07 14:30:08,122 | INFO | GET /pages/employees.html -> 304 (1ms) [anonymous]
2026-10-07 14:30:08,147 | INFO | GET /css/style.css -> 304 (0ms) [anonymous]
2026-10-07 14:30:08,152 | INFO | GET /css/dashboard.css -> 304 (2ms) [anonymous]
2026-10-07 14:30:08,153 | INFO | GET /css/responsive.css -> 304 (1ms) [anonymous]
2026-10-07 14:30:08,162 | INFO | GET /js/auth.js -> 304 (1ms) [anonymous]
2026-10-07 14:30:08,166 | INFO | GET /js/employees.js -> 304 (1ms) [anonymous]
2026-10-07 14:30:08,204 | INFO | GET /components/sidebar.html -> 304 (1ms) [anonymous]
2026-10-07 14:30:08,205 | INFO | GET /components/navbar.html -> 304 (1ms) [anonymous]
2026-10-07 14:30:08,208 | INFO | GET /components/footer.html -> 304 (1ms) [anonymous]
2026-10-07 14:30:08,211 | INFO | GET /components/modals.html -> 304 (2ms) [anonymous]
2026-10-07 14:30:08,288 | INFO | GET /api/auth/notifications -> 200 (56ms) [prasanna]
2026-10-07 14:30:08,354 | INFO | GET /api/employees -> 200 (121ms) [prasanna]
2026-10-07 14:30:08,371 | INFO | GET /api/employees -> 200 (138ms) [prasanna]
2026-10-07 14:30:48,026 | INFO | GET /api/employees/emp_454f73ec5b29 -> 200 (42ms) [prasanna]
2026-10-07 14:42:06,423 | INFO | GET /pages/employees.html -> 304 (0ms) [anonymous]
2026-10-07 14:42:06,447 | INFO | GET /css/style.css -> 304 (0ms) [anonymous]
2026-10-07 14:42:06,455 | INFO | GET /css/dashboard.css -> 304 (0ms) [anonymous]
2026-10-07 14:42:06,462 | INFO | GET /css/responsive.css -> 304 (0ms) [anonymous]
2026-10-07 14:42:06,469 | INFO | GET /js/auth.js -> 304 (4ms) [anonymous]
2026-10-07 14:42:06,470 | INFO | GET /js/employees.js -> 304 (3ms) [anonymous]
2026-10-07 14:42:06,486 | INFO | GET /components/sidebar.html -> 304 (1ms) [anonymous]
2026-10-07 14:42:06,496 | INFO | GET /components/navbar.html -> 304 (4ms) [anonymous]
2026-10-07 14:42:06,501 | INFO | GET /components/modals.html -> 304 (1ms) [anonymous]
2026-10-07 14:42:06,502 | INFO | GET /components/footer.html -> 304 (3ms) [anonymous]
2026-10-07 14:42:06,584 | INFO | GET /api/auth/notifications -> 200 (56ms) [prasanna]
2026-10-07 14:42:06,646 | INFO | GET /api/employees -> 200 (117ms) [prasanna]
2026-10-07 14:42:06,663 | INFO | GET /api/employees -> 200 (133ms) [prasanna]
2026-10-07 14:42:17,012 | INFO | GET /api/employees/emp_7dc671eb915e -> 200 (41ms) [prasanna]
2026-10-07 14:44:26,748 | INFO | GET /pages/employees.html -> 304 (0ms) [anonymous]
2026-10-07 14:44:26,787 | INFO | GET /css/style.css -> 304 (0ms) [anonymous]
2026-10-07 14:44:26,790 | INFO | GET /css/dashboard.css -> 304 (2ms) [anonymous]
2026-10-07 14:44:26,792 | INFO | GET /css/responsive.css -> 304 (2ms) [anonymous]
2026-10-07 14:44:26,794 | INFO | GET /js/auth.js -> 304 (1ms) [anonymous]
2026-10-07 14:44:26,797 | INFO | GET /js/employees.js -> 304 (1ms) [anonymous]
2026-10-07 14:44:26,830 | INFO | GET /components/footer.html -> 304 (0ms) [anonymous]
2026-10-07 14:44:26,830 | INFO | GET /components/navbar.html -> 304 (1ms) [anonymous]
2026-10-07 14:44:26,831 | INFO | GET /components/sidebar.html -> 304 (3ms) [anonymous]
2026-10-07 14:44:26,832 | INFO | GET /components/modals.html -> 304 (0ms) [anonymous]
2026-10-07 14:44:26,913 | INFO | GET /api/auth/notifications -> 200 (59ms) [prasanna]
2026-10-07 14:44:26,973 | INFO | GET /api/employees -> 200 (118ms) [prasanna]
2026-10-07 14:44:26,990 | INFO | GET /api/employees -> 200 (133ms) [prasanna]
2026-10-07 14:44:58,981 | INFO | GET /api/employees -> 200 (50ms) [prasanna]
2026-10-07 14:45:02,397 | INFO | GET /api/employees -> 200 (43ms) [prasanna]
2026-10-07 14:45:08,283 | INFO | GET /pages/companies.html -> 304 (402ms) [anonymous]
2026-10-07 14:45:08,294 | INFO | GET /css/style.css -> 304 (1ms) [anonymous]
2026-10-07 14:45:08,301 | INFO | GET /css/dashboard.css -> 304 (0ms) [anonymous]
2026-10-07 14:45:08,306 | INFO | GET /css/responsive.css -> 304 (1ms) [anonymous]
2026-10-07 14:45:08,308 | INFO | GET /js/auth.js -> 304 (1ms) [anonymous]
2026-10-07 14:45:08,504 | INFO | GET /js/leads.js -> 304 (195ms) [anonymous]
2026-10-07 14:45:08,524 | INFO | GET /components/sidebar.html -> 304 (2ms) [anonymous]
2026-10-07 14:45:08,525 | INFO | GET /components/navbar.html -> 304 (1ms) [anonymous]
2026-10-07 14:45:08,527 | INFO | GET /components/footer.html -> 304 (1ms) [anonymous]
2026-10-07 14:45:08,529 | INFO | GET /components/modals.html -> 304 (1ms) [anonymous]
2026-10-07 14:45:08,611 | INFO | GET /api/auth/notifications -> 200 (55ms) [prasanna]
2026-10-07 14:45:08,663 | INFO | GET /api/companies -> 200 (105ms) [prasanna]
2026-10-07 14:45:10,444 | INFO | GET /pages/leads.html -> 304 (16ms) [anonymous]
2026-10-07 14:45:10,461 | INFO | GET /css/style.css -> 304 (1ms) [anonymous]
2026-10-07 14:45:10,468 | INFO | GET /css/dashboard.css -> 304 (2ms) [anonymous]
2026-10-07 14:45:10,470 | INFO | GET /css/responsive.css -> 304 (2ms) [anonymous]
2026-10-07 14:45:10,471 | INFO | GET /js/auth.js -> 304 (1ms) [anonymous]
2026-10-07 14:45:10,475 | INFO | GET /js/leads.js -> 304 (2ms) [anonymous]
2026-10-07 14:45:10,497 | INFO | GET /components/sidebar.html -> 304 (3ms) [anonymous]
2026-10-07 14:45:10,500 | INFO | GET /components/navbar.html -> 304 (2ms) [anonymous]
2026-10-07 14:45:10,506 | INFO | GET /components/footer.html -> 304 (4ms) [anonymous]
2026-10-07 14:45:10,518 | INFO | GET /components/modals.html -> 304 (1ms) [anonymous]
2026-10-07 14:45:10,574 | INFO | GET /api/auth/notifications -> 200 (41ms) [prasanna]
2026-10-07 14:45:10,603 | INFO | GET /api/leads -> 200 (70ms) [prasanna]
2026-10-07 14:45:12,072 | INFO | GET /pages/developers.html -> 304 (52ms) [anonymous]
2026-10-07 14:45:12,087 | INFO | GET /css/style.css -> 304 (0ms) [anonymous]
2026-10-07 14:45:12,093 | INFO | GET /css/dashboard.css -> 304 (2ms) [anonymous]
2026-10-07 14:45:12,097 | INFO | GET /js/auth.js -> 304 (2ms) [anonymous]
2026-10-07 14:45:12,097 | INFO | GET /css/responsive.css -> 304 (1ms) [anonymous]
2026-10-07 14:45:12,194 | INFO | GET /js/developers.js -> 304 (92ms) [anonymous]
2026-10-07 14:45:12,211 | INFO | GET /components/sidebar.html -> 304 (1ms) [anonymous]
2026-10-07 14:45:12,213 | INFO | GET /components/navbar.html -> 304 (2ms) [anonymous]
2026-10-07 14:45:12,215 | INFO | GET /components/modals.html -> 304 (0ms) [anonymous]
2026-10-07 14:45:12,216 | INFO | GET /components/footer.html -> 304 (3ms) [anonymous]
2026-10-07 14:45:12,317 | INFO | GET /api/auth/notifications -> 200 (76ms) [prasanna]
2026-10-07 14:45:12,356 | INFO | GET /api/developers -> 200 (115ms) [prasanna]
2026-10-07 14:45:14,562 | INFO | GET /pages/projects.html -> 304 (19ms) [anonymous]
2026-10-07 14:45:14,580 | INFO | GET /css/style.css -> 304 (1ms) [anonymous]
2026-10-07 14:45:14,585 | INFO | GET /js/auth.js -> 304 (3ms) [anonymous]
2026-10-07 14:45:14,588 | INFO | GET /css/responsive.css -> 304 (4ms) [anonymous]
2026-10-07 14:45:14,592 | INFO | GET /css/dashboard.css -> 304 (2ms) [anonymous]
2026-10-07 14:45:14,661 | INFO | GET /js/projects.js -> 304 (65ms) [anonymous]
2026-10-07 14:45:14,682 | INFO | GET /components/navbar.html -> 304 (1ms) [anonymous]
2026-10-07 14:45:14,683 | INFO | GET /components/sidebar.html -> 304 (2ms) [anonymous]
2026-10-07 14:45:14,685 | INFO | GET /components/footer.html -> 304 (3ms) [anonymous]
2026-10-07 14:45:14,686 | INFO | GET /components/modals.html -> 304 (1ms) [anonymous]
2026-10-07 14:45:14,754 | INFO | GET /api/auth/notifications -> 200 (48ms) [prasanna]
2026-10-07 14:45:14,864 | INFO | GET /api/employees -> 200 (153ms) [prasanna]
2026-10-07 14:45:14,891 | INFO | GET /api/developers -> 200 (178ms) [prasanna]
2026-10-07 14:45:14,899 | INFO | GET /api/companies -> 200 (191ms) [prasanna]
2026-10-07 14:45:14,980 | INFO | GET /api/projects -> 200 (70ms) [prasanna]
2026-10-07 14:45:16,861 | INFO | GET /pages/reports.html -> 304 (24ms) [anonymous]
2026-10-07 14:45:16,878 | INFO | GET /css/style.css -> 304 (1ms) [anonymous]
2026-10-07 14:45:16,882 | INFO | GET /css/dashboard.css -> 304 (1ms) [anonymous]
2026-10-07 14:45:16,890 | INFO | GET /css/responsive.css -> 304 (3ms) [anonymous]
2026-10-07 14:45:16,892 | INFO | GET /js/auth.js -> 304 (1ms) [anonymous]
2026-10-07 14:45:16,997 | INFO | GET /js/reports.js -> 304 (104ms) [anonymous]
2026-10-07 14:45:17,014 | INFO | GET /components/navbar.html -> 304 (1ms) [anonymous]
2026-10-07 14:45:17,014 | INFO | GET /components/sidebar.html -> 304 (3ms) [anonymous]
2026-10-07 14:45:17,015 | INFO | GET /components/footer.html -> 304 (1ms) [anonymous]
2026-10-07 14:45:17,094 | INFO | GET /api/auth/notifications -> 200 (53ms) [prasanna]
2026-10-07 14:45:17,153 | INFO | GET /api/reports/export -> 200 (106ms) [prasanna]
2026-10-07 14:45:17,236 | INFO | GET /api/reports/activity -> 200 (187ms) [prasanna]
2026-10-07 14:45:17,346 | INFO | GET /api/reports/monthly -> 200 (301ms) [prasanna]
2026-10-07 14:45:17,395 | INFO | GET /api/reports/summary -> 200 (352ms) [prasanna]
2026-10-07 14:45:17,474 | INFO | GET /api/reports/dashboard -> 200 (432ms) [prasanna]
2026-10-07 14:45:17,517 | INFO | GET /api/reports/powerbi -> 200 (413ms) [prasanna]
2026-10-07 14:45:19,347 | INFO | GET /pages/developers.html -> 304 (0ms) [anonymous]
2026-10-07 14:45:19,363 | INFO | GET /css/style.css -> 304 (0ms) [anonymous]
2026-10-07 14:45:19,374 | INFO | GET /css/dashboard.css -> 304 (6ms) [anonymous]
2026-10-07 14:45:19,375 | INFO | GET /css/responsive.css -> 304 (6ms) [anonymous]
2026-10-07 14:45:19,380 | INFO | GET /js/auth.js -> 304 (3ms) [anonymous]
2026-10-07 14:45:19,381 | INFO | GET /js/developers.js -> 304 (0ms) [anonymous]
2026-10-07 14:45:19,412 | INFO | GET /components/sidebar.html -> 304 (3ms) [anonymous]
2026-10-07 14:45:19,413 | INFO | GET /components/navbar.html -> 304 (0ms) [anonymous]
2026-10-07 14:45:19,416 | INFO | GET /components/footer.html -> 304 (0ms) [anonymous]
2026-10-07 14:45:19,420 | INFO | GET /components/modals.html -> 304 (0ms) [anonymous]
2026-10-07 14:45:19,484 | INFO | GET /api/auth/notifications -> 200 (44ms) [prasanna]
2026-10-07 14:45:19,514 | INFO | GET /api/developers -> 200 (71ms) [prasanna]
2026-10-07 14:45:22,321 | INFO | GET /pages/settings.html -> 304 (17ms) [anonymous]
2026-10-07 14:45:22,336 | INFO | GET /css/style.css -> 304 (0ms) [anonymous]
2026-10-07 14:45:22,354 | INFO | GET /css/dashboard.css -> 304 (1ms) [anonymous]
2026-10-07 14:45:22,358 | INFO | GET /css/responsive.css -> 304 (2ms) [anonymous]
2026-10-07 14:45:22,360 | INFO | GET /js/dashboard.js -> 200 (0ms) [anonymous]
2026-10-07 14:45:22,361 | INFO | GET /js/auth.js -> 304 (3ms) [anonymous]
2026-10-07 14:45:22,387 | INFO | GET /components/sidebar.html -> 304 (0ms) [anonymous]
2026-10-07 14:45:22,389 | INFO | GET /components/navbar.html -> 304 (0ms) [anonymous]
2026-10-07 14:45:22,394 | INFO | GET /components/footer.html -> 304 (2ms) [anonymous]
2026-10-07 14:45:22,395 | INFO | GET /components/modals.html -> 304 (2ms) [anonymous]
2026-10-07 14:45:22,459 | INFO | GET /api/auth/me -> 200 (33ms) [prasanna]
2026-10-07 14:45:22,476 | INFO | GET /api/auth/notifications -> 200 (51ms) [prasanna]
2026-10-07 14:45:22,528 | INFO | GET /api/employees/emp_9370c1d0a3e4 -> 200 (55ms) [prasanna]
2026-10-07 14:45:42,940 | INFO | GET /pages/companies.html -> 304 (0ms) [anonymous]
2026-10-07 14:45:42,961 | INFO | GET /css/style.css -> 304 (0ms) [anonymous]
2026-10-07 14:45:42,969 | INFO | GET /css/dashboard.css -> 304 (3ms) [anonymous]
2026-10-07 14:45:42,975 | INFO | GET /js/leads.js -> 304 (2ms) [anonymous]
2026-10-07 14:45:42,975 | INFO | GET /css/responsive.css -> 304 (3ms) [anonymous]
2026-10-07 14:45:42,978 | INFO | GET /js/auth.js -> 304 (1ms) [anonymous]
2026-10-07 14:45:43,009 | INFO | GET /components/navbar.html -> 304 (2ms) [anonymous]
2026-10-07 14:45:43,011 | INFO | GET /components/sidebar.html -> 304 (3ms) [anonymous]
2026-10-07 14:45:43,013 | INFO | GET /components/footer.html -> 304 (1ms) [anonymous]
2026-10-07 14:45:43,018 | INFO | GET /components/modals.html -> 304 (2ms) [anonymous]
2026-10-07 14:45:43,091 | INFO | GET /api/auth/notifications -> 200 (52ms) [prasanna]
2026-10-07 14:45:43,125 | INFO | GET /api/companies -> 200 (85ms) [prasanna]
2026-10-07 14:45:44,155 | INFO | GET /pages/employees.html -> 304 (0ms) [anonymous]
2026-10-07 14:45:44,170 | INFO | GET /css/style.css -> 304 (0ms) [anonymous]
2026-10-07 14:45:44,176 | INFO | GET /css/responsive.css -> 304 (2ms) [anonymous]
2026-10-07 14:45:44,177 | INFO | GET /css/dashboard.css -> 304 (2ms) [anonymous]
2026-10-07 14:45:44,185 | INFO | GET /js/auth.js -> 304 (2ms) [anonymous]
2026-10-07 14:45:44,186 | INFO | GET /js/employees.js -> 304 (2ms) [anonymous]
2026-10-07 14:45:44,243 | INFO | GET /components/sidebar.html -> 304 (5ms) [anonymous]
2026-10-07 14:45:44,244 | INFO | GET /components/navbar.html -> 304 (2ms) [anonymous]
2026-10-07 14:45:44,247 | INFO | GET /components/footer.html -> 304 (4ms) [anonymous]
2026-10-07 14:45:44,251 | INFO | GET /components/modals.html -> 304 (1ms) [anonymous]
2026-10-07 14:45:44,318 | INFO | GET /api/auth/notifications -> 200 (47ms) [prasanna]
2026-10-07 14:45:44,377 | INFO | GET /api/employees -> 200 (105ms) [prasanna]
2026-10-07 14:45:44,393 | INFO | GET /api/employees -> 200 (120ms) [prasanna]
2026-10-07 14:52:26,598 | INFO | GET /pages/employees.html -> 200 (1ms) [anonymous]
2026-10-07 14:52:26,621 | INFO | GET /css/style.css -> 304 (0ms) [anonymous]
2026-10-07 14:52:26,626 | INFO | GET /js/auth.js -> 200 (0ms) [anonymous]
2026-10-07 14:52:26,636 | INFO | GET /css/responsive.css -> 304 (1ms) [anonymous]
2026-10-07 14:52:26,638 | INFO | GET /css/dashboard.css -> 304 (1ms) [anonymous]
2026-10-07 14:52:26,641 | INFO | GET /js/employees.js -> 200 (2ms) [anonymous]
2026-10-07 14:52:26,679 | INFO | GET /components/sidebar.html -> 304 (1ms) [anonymous]
2026-10-07 14:52:26,681 | INFO | GET /components/navbar.html -> 304 (1ms) [anonymous]
2026-10-07 14:52:26,686 | INFO | GET /components/footer.html -> 304 (5ms) [anonymous]
2026-10-07 14:52:26,688 | INFO | GET /components/modals.html -> 304 (3ms) [anonymous]
2026-10-07 14:52:26,714 | INFO | GET /api/roles -> 404 (0ms) [anonymous]
2026-10-07 14:52:26,780 | INFO | GET /api/auth/notifications -> 200 (60ms) [prasanna]
2026-10-07 14:52:26,882 | INFO | GET /api/employees -> 200 (130ms) [prasanna]
2026-10-07 14:52:26,897 | INFO | GET /api/employees -> 200 (137ms) [prasanna]
2026-10-07 14:53:59,609 | INFO | CRM backend ready on http://0.0.0.0:5000
2026-10-07 14:53:59,987 | INFO | CRM backend ready on http://0.0.0.0:5000
2026-10-07 14:54:00,018 | INFO | GET /health -> 200 (0ms) [anonymous]
2026-10-07 14:54:00,021 | INFO | POST /api/auth/login -> 401 (0ms) [anonymous]
2026-10-07 14:54:00,273 | INFO | POST /api/auth/login -> 200 (251ms) [anonymous]
2026-10-07 14:54:00,276 | INFO | GET /api/auth/me -> 200 (1ms) [prasanna]
2026-10-07 14:54:00,277 | INFO | GET /api/leads -> 401 (0ms) [anonymous]
2026-10-07 14:54:00,506 | INFO | POST /api/employees -> 201 (225ms) [prasanna]
2026-10-07 14:54:00,837 | INFO | POST /api/employees -> 201 (252ms) [prasanna]
2026-10-07 14:54:00,916 | INFO | GET /api/employees -> 200 (1ms) [prasanna]
2026-10-07 14:54:01,022 | INFO | POST /api/companies -> 201 (104ms) [prasanna]
2026-10-07 14:54:01,210 | INFO | POST /api/leads -> 201 (108ms) [prasanna]
2026-10-07 14:54:01,291 | INFO | GET /api/leads/lead_d3a42cf59620 -> 200 (0ms) [prasanna]
2026-10-07 14:54:01,355 | INFO | POST /api/leads/lead_d3a42cf59620/followups -> 201 (61ms) [prasanna]
2026-10-07 14:54:01,521 | INFO | POST /api/leads/lead_d3a42cf59620/calls -> 201 (73ms) [prasanna]
2026-10-07 14:54:01,608 | INFO | GET /api/followups -> 200 (1ms) [prasanna]
2026-10-07 14:54:01,610 | INFO | GET /api/calls -> 200 (0ms) [prasanna]
2026-10-07 14:54:01,721 | INFO | POST /api/developers -> 201 (108ms) [prasanna]
2026-10-07 14:54:01,937 | INFO | POST /api/projects -> 201 (131ms) [prasanna]
2026-10-07 14:54:02,056 | INFO | POST /api/projects/prj_6e544f05d8a0/tasks -> 201 (27ms) [prasanna]
2026-10-07 14:54:02,225 | INFO | PUT /api/projects/tasks/tsk_6021e7ee1538 -> 200 (74ms) [prasanna]
2026-10-07 14:54:02,403 | INFO | POST /api/projects/prj_6e544f05d8a0/updates -> 201 (60ms) [prasanna]
2026-10-07 14:54:02,562 | INFO | POST /api/projects/prj_6e544f05d8a0/assignments -> 201 (69ms) [prasanna]
2026-10-07 14:54:02,772 | INFO | GET /api/developers/dev_75c35a552fa5 -> 200 (0ms) [prasanna]
2026-10-07 14:54:02,778 | INFO | GET /api/reports/summary -> 200 (2ms) [prasanna]
2026-10-07 14:54:02,782 | INFO | GET /api/reports/dashboard -> 200 (0ms) [prasanna]
2026-10-07 14:54:02,898 | INFO | GET /api/reports/daily -> 200 (115ms) [prasanna]
2026-10-07 14:54:02,935 | INFO | GET /api/reports/weekly -> 200 (34ms) [prasanna]
2026-10-07 14:54:02,972 | INFO | GET /api/reports/monthly -> 200 (35ms) [prasanna]
2026-10-07 14:54:03,007 | INFO | GET /api/reports/yearly -> 200 (33ms) [prasanna]
2026-10-07 14:54:03,025 | INFO | GET /api/reports/export/leads -> 200 (16ms) [prasanna]
2026-10-07 14:54:03,104 | INFO | POST /api/reports/powerbi/export -> 200 (76ms) [prasanna]
2026-10-07 14:54:03,195 | INFO | GET /api/reports/activity -> 200 (0ms) [prasanna]
2026-10-07 14:54:03,411 | INFO | POST /api/auth/login -> 200 (213ms) [anonymous]
2026-10-07 14:54:03,414 | INFO | GET /api/employees -> 200 (0ms) [Jane Employee]
2026-10-07 14:54:03,415 | INFO | POST /api/employees -> 403 (0ms) [Jane Employee]
2026-10-07 14:54:03,575 | INFO | GET /api/reports/summary -> 200 (0ms) [Jane Employee]
2026-10-07 14:54:03,823 | INFO | POST /api/auth/login -> 200 (245ms) [anonymous]
2026-10-07 14:54:03,825 | INFO | GET /api/reports/summary -> 200 (1ms) [John Dev]
2026-10-07 14:54:03,827 | INFO | DELETE /api/leads/lead_d3a42cf59620 -> 403 (0ms) [John Dev]
2026-10-07 14:54:03,923 | INFO | GET /api/roles -> 200 (0ms) [prasanna]
2026-10-07 14:54:04,057 | INFO | POST /api/roles -> 201 (132ms) [prasanna]
2026-10-07 14:54:04,150 | INFO | POST /api/roles -> 422 (0ms) [prasanna]
2026-10-07 14:54:04,512 | INFO | POST /api/employees -> 201 (267ms) [prasanna]
2026-10-07 14:54:04,636 | INFO | POST /api/employees -> 422 (0ms) [prasanna]
2026-10-07 14:54:04,951 | INFO | POST /api/auth/login -> 200 (220ms) [anonymous]
2026-10-07 14:54:04,954 | INFO | GET /api/leads -> 200 (0ms) [Rita Role]
2026-10-07 14:54:04,956 | INFO | GET /api/reports/summary -> 200 (0ms) [Rita Role]
2026-10-07 14:54:04,959 | INFO | POST /api/roles -> 403 (0ms) [Rita Role]
2026-10-07 14:54:05,059 | INFO | DELETE /api/roles/role_21dfc0e5863f -> 409 (0ms) [prasanna]
2026-10-07 14:54:05,304 | INFO | DELETE /api/employees/emp_d894353c4d0b -> 200 (143ms) [prasanna]
2026-10-07 14:54:05,533 | INFO | DELETE /api/roles/role_21dfc0e5863f -> 200 (130ms) [prasanna]
2026-10-07 14:54:05,631 | INFO | DELETE /api/roles/role_46052807f7bb -> 400 (0ms) [prasanna]
2026-10-07 14:54:05,890 | INFO | DELETE /api/leads/lead_d3a42cf59620 -> 200 (159ms) [prasanna]
2026-10-07 14:54:06,225 | INFO | DELETE /api/projects/prj_6e544f05d8a0 -> 200 (227ms) [prasanna]
2026-10-07 14:54:19,356 | INFO | CRM backend ready on http://0.0.0.0:5001
2026-10-07 14:54:22,037 | INFO | GET /health -> 200 (0ms) [anonymous]
2026-10-07 14:54:22,314 | INFO | POST /api/auth/login -> 200 (202ms) [anonymous]
2026-10-07 14:55:51,232 | INFO | GET /pages/employees.html -> 304 (0ms) [anonymous]
2026-10-07 14:55:51,262 | INFO | GET /css/style.css -> 304 (0ms) [anonymous]
2026-10-07 14:55:51,268 | INFO | GET /css/dashboard.css -> 304 (0ms) [anonymous]
2026-10-07 14:55:51,281 | INFO | GET /css/responsive.css -> 304 (10ms) [anonymous]
2026-10-07 14:55:51,282 | INFO | GET /js/auth.js -> 304 (9ms) [anonymous]
2026-10-07 14:55:51,363 | INFO | GET /js/employees.js -> 304 (0ms) [anonymous]
2026-10-07 14:55:51,403 | INFO | GET /components/sidebar.html -> 304 (1ms) [anonymous]
2026-10-07 14:55:51,406 | INFO | GET /components/navbar.html -> 304 (1ms) [anonymous]
2026-10-07 14:55:51,414 | INFO | GET /components/footer.html -> 304 (3ms) [anonymous]
2026-10-07 14:55:51,415 | INFO | GET /components/modals.html -> 304 (0ms) [anonymous]
2026-10-07 14:55:51,436 | INFO | GET /api/auth/notifications -> 200 (0ms) [prasanna]
2026-10-07 14:55:51,439 | INFO | GET /api/roles -> 200 (1ms) [prasanna]
2026-10-07 14:55:51,457 | INFO | GET /api/employees -> 200 (0ms) [prasanna]
2026-10-07 14:55:51,463 | INFO | GET /api/employees -> 200 (2ms) [prasanna]
2026-10-07 14:56:04,018 | INFO | GET /api/employees -> 200 (0ms) [prasanna]
2026-10-07 14:56:12,631 | INFO | GET /api/employees -> 200 (0ms) [prasanna]
2026-10-07 14:56:41,404 | INFO | GET /pages/leads.html -> 304 (0ms) [anonymous]
2026-10-07 14:56:41,425 | INFO | GET /css/style.css -> 304 (0ms) [anonymous]
2026-10-07 14:56:41,436 | INFO | GET /css/dashboard.css -> 304 (1ms) [anonymous]
2026-10-07 14:56:41,439 | INFO | GET /css/responsive.css -> 304 (3ms) [anonymous]
2026-10-07 14:56:41,441 | INFO | GET /js/auth.js -> 304 (2ms) [anonymous]
2026-10-07 14:56:41,446 | INFO | GET /js/leads.js -> 304 (3ms) [anonymous]
2026-10-07 14:56:41,486 | INFO | GET /components/sidebar.html -> 304 (2ms) [anonymous]
2026-10-07 14:56:41,487 | INFO | GET /components/navbar.html -> 304 (0ms) [anonymous]
2026-10-07 14:56:41,495 | INFO | GET /components/footer.html -> 304 (4ms) [anonymous]
2026-10-07 14:56:41,496 | INFO | GET /components/modals.html -> 304 (4ms) [anonymous]
2026-10-07 14:56:41,513 | INFO | GET /api/auth/notifications -> 200 (1ms) [prasanna]
2026-10-07 14:56:41,520 | INFO | GET /api/leads -> 200 (0ms) [prasanna]
2026-10-07 14:56:42,529 | INFO | GET /pages/employees.html -> 304 (0ms) [anonymous]
2026-10-07 14:56:42,546 | INFO | GET /css/style.css -> 304 (0ms) [anonymous]
2026-10-07 14:56:42,551 | INFO | GET /css/dashboard.css -> 304 (1ms) [anonymous]
2026-10-07 14:56:42,551 | INFO | GET /css/responsive.css -> 304 (0ms) [anonymous]
2026-10-07 14:56:42,564 | INFO | GET /js/auth.js -> 304 (0ms) [anonymous]
2026-10-07 14:56:42,567 | INFO | GET /js/employees.js -> 304 (0ms) [anonymous]
2026-10-07 14:56:42,594 | INFO | GET /components/sidebar.html -> 304 (4ms) [anonymous]
2026-10-07 14:56:42,596 | INFO | GET /components/navbar.html -> 304 (4ms) [anonymous]
2026-10-07 14:56:42,603 | INFO | GET /components/footer.html -> 304 (3ms) [anonymous]
2026-10-07 14:56:42,604 | INFO | GET /components/modals.html -> 304 (2ms) [anonymous]
2026-10-07 14:56:42,631 | INFO | GET /api/auth/notifications -> 200 (0ms) [prasanna]
2026-10-07 14:56:42,633 | INFO | GET /api/roles -> 200 (0ms) [prasanna]
2026-10-07 14:56:42,646 | INFO | GET /api/employees -> 200 (0ms) [prasanna]
2026-10-07 14:56:42,650 | INFO | GET /api/employees -> 200 (1ms) [prasanna]
2026-10-07 14:56:46,936 | INFO | GET /api/employees/emp_71ca7c5adcc5 -> 200 (0ms) [prasanna]
2026-10-07 14:56:54,816 | INFO | GET /api/employees/emp_71ca7c5adcc5 -> 200 (0ms) [prasanna]
2026-10-07 14:56:56,393 | INFO | GET /api/employees/emp_71ca7c5adcc5 -> 200 (0ms) [prasanna]
2026-10-07 14:56:57,668 | INFO | GET /api/employees/emp_71ca7c5adcc5 -> 200 (0ms) [prasanna]
2026-10-07 14:57:13,630 | INFO | GET /pages/projects.html -> 304 (0ms) [anonymous]
2026-10-07 14:57:13,652 | INFO | GET /css/style.css -> 304 (0ms) [anonymous]
2026-10-07 14:57:13,656 | INFO | GET /css/responsive.css -> 304 (2ms) [anonymous]
2026-10-07 14:57:13,657 | INFO | GET /css/dashboard.css -> 304 (0ms) [anonymous]
2026-10-07 14:57:13,660 | INFO | GET /js/auth.js -> 304 (0ms) [anonymous]
2026-10-07 14:57:13,672 | INFO | GET /js/projects.js -> 200 (3ms) [anonymous]
2026-10-07 14:57:13,699 | INFO | GET /components/sidebar.html -> 304 (1ms) [anonymous]
2026-10-07 14:57:13,707 | INFO | GET /components/navbar.html -> 304 (1ms) [anonymous]
2026-10-07 14:57:13,709 | INFO | GET /components/modals.html -> 304 (0ms) [anonymous]
2026-10-07 14:57:13,709 | INFO | GET /components/footer.html -> 304 (2ms) [anonymous]
2026-10-07 14:57:13,730 | INFO | GET /api/auth/notifications -> 200 (1ms) [prasanna]
2026-10-07 14:57:13,740 | INFO | GET /api/companies -> 200 (0ms) [prasanna]
2026-10-07 14:57:13,750 | INFO | GET /api/employees -> 200 (0ms) [prasanna]
2026-10-07 14:57:13,756 | INFO | GET /api/developers -> 200 (0ms) [prasanna]
2026-10-07 14:57:13,768 | INFO | GET /api/projects -> 200 (0ms) [prasanna]
2026-10-07 14:57:15,080 | INFO | GET /pages/developers.html -> 304 (0ms) [anonymous]
2026-10-07 14:57:15,099 | INFO | GET /css/style.css -> 304 (0ms) [anonymous]
2026-10-07 14:57:15,105 | INFO | GET /css/dashboard.css -> 304 (0ms) [anonymous]
2026-10-07 14:57:15,110 | INFO | GET /css/responsive.css -> 304 (1ms) [anonymous]
2026-10-07 14:57:15,115 | INFO | GET /js/auth.js -> 304 (3ms) [anonymous]
2026-10-07 14:57:15,117 | INFO | GET /js/developers.js -> 200 (3ms) [anonymous]
2026-10-07 14:57:15,153 | INFO | GET /components/sidebar.html -> 304 (0ms) [anonymous]
2026-10-07 14:57:15,156 | INFO | GET /components/navbar.html -> 304 (2ms) [anonymous]
2026-10-07 14:57:15,158 | INFO | GET /components/footer.html -> 304 (2ms) [anonymous]
2026-10-07 14:57:15,159 | INFO | GET /components/modals.html -> 304 (1ms) [anonymous]
2026-10-07 14:57:15,185 | INFO | GET /api/auth/notifications -> 200 (0ms) [prasanna]
2026-10-07 14:57:15,187 | INFO | GET /api/developers -> 200 (0ms) [prasanna]
2026-10-07 14:57:21,166 | INFO | GET /pages/reports.html -> 304 (0ms) [anonymous]
2026-10-07 14:57:21,192 | INFO | GET /css/style.css -> 304 (1ms) [anonymous]
2026-10-07 14:57:21,197 | INFO | GET /css/dashboard.css -> 304 (0ms) [anonymous]
2026-10-07 14:57:21,201 | INFO | GET /css/responsive.css -> 304 (0ms) [anonymous]
2026-10-07 14:57:21,207 | INFO | GET /js/auth.js -> 304 (4ms) [anonymous]
2026-10-07 14:57:21,211 | INFO | GET /js/reports.js -> 304 (0ms) [anonymous]
2026-10-07 14:57:21,233 | INFO | GET /components/sidebar.html -> 304 (3ms) [anonymous]
2026-10-07 14:57:21,234 | INFO | GET /components/navbar.html -> 304 (2ms) [anonymous]
2026-10-07 14:57:21,238 | INFO | GET /components/footer.html -> 304 (0ms) [anonymous]
2026-10-07 14:57:21,263 | INFO | GET /api/auth/notifications -> 200 (0ms) [prasanna]
2026-10-07 14:57:21,265 | INFO | GET /api/reports/summary -> 200 (0ms) [prasanna]
2026-10-07 14:57:21,270 | INFO | GET /api/reports/dashboard -> 200 (0ms) [prasanna]
2026-10-07 14:57:21,284 | INFO | GET /api/reports/activity -> 200 (0ms) [prasanna]
2026-10-07 14:57:21,287 | INFO | GET /api/reports/export -> 200 (0ms) [prasanna]
2026-10-07 14:57:21,390 | INFO | GET /api/reports/monthly -> 200 (111ms) [prasanna]
2026-10-07 14:57:21,500 | INFO | GET /api/reports/powerbi -> 200 (211ms) [prasanna]
2026-10-07 14:57:28,295 | INFO | GET /pages/developers.html -> 304 (0ms) [anonymous]
2026-10-07 14:57:28,318 | INFO | GET /css/style.css -> 304 (3ms) [anonymous]
2026-10-07 14:57:28,330 | INFO | GET /css/dashboard.css -> 304 (3ms) [anonymous]
2026-10-07 14:57:28,331 | INFO | GET /css/responsive.css -> 304 (1ms) [anonymous]
2026-10-07 14:57:28,337 | INFO | GET /js/auth.js -> 304 (1ms) [anonymous]
2026-10-07 14:57:28,340 | INFO | GET /js/developers.js -> 304 (0ms) [anonymous]
2026-10-07 14:57:28,376 | INFO | GET /components/navbar.html -> 304 (1ms) [anonymous]
2026-10-07 14:57:28,376 | INFO | GET /components/sidebar.html -> 304 (1ms) [anonymous]
2026-10-07 14:57:28,378 | INFO | GET /components/footer.html -> 304 (2ms) [anonymous]
2026-10-07 14:57:28,379 | INFO | GET /components/modals.html -> 304 (0ms) [anonymous]
2026-10-07 14:57:28,404 | INFO | GET /api/auth/notifications -> 200 (0ms) [prasanna]
2026-10-07 14:57:28,406 | INFO | GET /api/developers -> 200 (0ms) [prasanna]
2026-10-07 14:57:34,675 | INFO | GET /pages/employees.html -> 304 (0ms) [anonymous]
2026-10-07 14:57:34,699 | INFO | GET /css/style.css -> 304 (0ms) [anonymous]
2026-10-07 14:57:34,705 | INFO | GET /css/dashboard.css -> 304 (1ms) [anonymous]
2026-10-07 14:57:34,714 | INFO | GET /css/responsive.css -> 304 (7ms) [anonymous]
2026-10-07 14:57:34,714 | INFO | GET /js/auth.js -> 304 (1ms) [anonymous]
2026-10-07 14:57:34,716 | INFO | GET /js/employees.js -> 304 (1ms) [anonymous]
2026-10-07 14:57:34,750 | INFO | GET /components/navbar.html -> 304 (0ms) [anonymous]
2026-10-07 14:57:34,755 | INFO | GET /components/sidebar.html -> 304 (0ms) [anonymous]
2026-10-07 14:57:34,758 | INFO | GET /components/footer.html -> 304 (1ms) [anonymous]
2026-10-07 14:57:34,762 | INFO | GET /components/modals.html -> 304 (2ms) [anonymous]
2026-10-07 14:57:34,785 | INFO | GET /api/auth/notifications -> 200 (0ms) [prasanna]
2026-10-07 14:57:34,787 | INFO | GET /api/roles -> 200 (0ms) [prasanna]
2026-10-07 14:57:34,805 | INFO | GET /api/employees -> 200 (2ms) [prasanna]
2026-10-07 14:57:34,808 | INFO | GET /api/employees -> 200 (0ms) [prasanna]
2026-10-07 14:58:07,990 | INFO | GET /pages/developers.html -> 304 (0ms) [anonymous]
2026-10-07 14:58:08,016 | INFO | GET /css/style.css -> 304 (0ms) [anonymous]
2026-10-07 14:58:08,020 | INFO | GET /css/dashboard.css -> 304 (0ms) [anonymous]
2026-10-07 14:58:08,024 | INFO | GET /css/responsive.css -> 304 (2ms) [anonymous]
2026-10-07 14:58:08,025 | INFO | GET /js/auth.js -> 304 (1ms) [anonymous]
2026-10-07 14:58:08,030 | INFO | GET /js/developers.js -> 304 (2ms) [anonymous]
2026-10-07 14:58:08,068 | INFO | GET /components/sidebar.html -> 304 (6ms) [anonymous]
2026-10-07 14:58:08,072 | INFO | GET /components/navbar.html -> 304 (1ms) [anonymous]
2026-10-07 14:58:08,072 | INFO | GET /components/footer.html -> 304 (0ms) [anonymous]
2026-10-07 14:58:08,074 | INFO | GET /components/modals.html -> 304 (0ms) [anonymous]
2026-10-07 14:58:08,103 | INFO | GET /api/auth/notifications -> 200 (0ms) [prasanna]
2026-10-07 14:58:08,105 | INFO | GET /api/developers -> 200 (0ms) [prasanna]
2026-10-07 14:58:11,236 | INFO | GET /pages/reports.html -> 304 (0ms) [anonymous]
2026-10-07 14:58:11,261 | INFO | GET /css/style.css -> 304 (2ms) [anonymous]
2026-10-07 14:58:11,278 | INFO | GET /css/dashboard.css -> 304 (5ms) [anonymous]
2026-10-07 14:58:11,279 | INFO | GET /js/reports.js -> 304 (1ms) [anonymous]
2026-10-07 14:58:11,282 | INFO | GET /js/auth.js -> 304 (0ms) [anonymous]
2026-10-07 14:58:11,287 | INFO | GET /css/responsive.css -> 304 (0ms) [anonymous]
2026-10-07 14:58:11,312 | INFO | GET /components/sidebar.html -> 304 (0ms) [anonymous]
2026-10-07 14:58:11,318 | INFO | GET /components/navbar.html -> 304 (2ms) [anonymous]
2026-10-07 14:58:11,328 | INFO | GET /components/footer.html -> 304 (1ms) [anonymous]
2026-10-07 14:58:11,339 | INFO | GET /api/auth/notifications -> 200 (0ms) [prasanna]
2026-10-07 14:58:11,341 | INFO | GET /api/reports/summary -> 200 (0ms) [prasanna]
2026-10-07 14:58:11,345 | INFO | GET /api/reports/dashboard -> 200 (0ms) [prasanna]
2026-10-07 14:58:11,356 | INFO | GET /api/reports/activity -> 200 (0ms) [prasanna]
2026-10-07 14:58:11,358 | INFO | GET /api/reports/export -> 200 (0ms) [prasanna]
2026-10-07 14:58:11,446 | INFO | GET /api/reports/monthly -> 200 (99ms) [prasanna]
2026-10-07 14:58:11,565 | INFO | GET /api/reports/powerbi -> 200 (189ms) [prasanna]
2026-10-07 14:58:13,925 | INFO | GET /pages/projects.html -> 304 (0ms) [anonymous]
2026-10-07 14:58:13,943 | INFO | GET /css/style.css -> 304 (0ms) [anonymous]
2026-10-07 14:58:13,950 | INFO | GET /css/dashboard.css -> 304 (0ms) [anonymous]
2026-10-07 14:58:13,956 | INFO | GET /css/responsive.css -> 304 (2ms) [anonymous]
2026-10-07 14:58:13,963 | INFO | GET /js/auth.js -> 304 (3ms) [anonymous]
2026-10-07 14:58:13,963 | INFO | GET /js/projects.js -> 304 (1ms) [anonymous]
2026-10-07 14:58:13,998 | INFO | GET /components/sidebar.html -> 304 (1ms) [anonymous]
2026-10-07 14:58:14,000 | INFO | GET /components/navbar.html -> 304 (2ms) [anonymous]
2026-10-07 14:58:14,002 | INFO | GET /components/footer.html -> 304 (2ms) [anonymous]
2026-10-07 14:58:14,004 | INFO | GET /components/modals.html -> 304 (0ms) [anonymous]
2026-10-07 14:58:14,036 | INFO | GET /api/auth/notifications -> 200 (0ms) [prasanna]
2026-10-07 14:58:14,038 | INFO | GET /api/companies -> 200 (0ms) [prasanna]
2026-10-07 14:58:14,044 | INFO | GET /api/employees -> 200 (2ms) [prasanna]
2026-10-07 14:58:14,048 | INFO | GET /api/developers -> 200 (0ms) [prasanna]
2026-10-07 14:58:14,065 | INFO | GET /api/projects -> 200 (0ms) [prasanna]
2026-10-07 14:58:19,430 | INFO | GET /pages/followups.html -> 304 (21ms) [anonymous]
2026-10-07 14:58:19,450 | INFO | GET /css/style.css -> 304 (0ms) [anonymous]
2026-10-07 14:58:19,464 | INFO | GET /js/auth.js -> 304 (0ms) [anonymous]
2026-10-07 14:58:19,464 | INFO | GET /css/dashboard.css -> 304 (3ms) [anonymous]
2026-10-07 14:58:19,469 | INFO | GET /css/responsive.css -> 304 (3ms) [anonymous]
2026-10-07 14:58:19,470 | INFO | GET /js/leads.js -> 304 (2ms) [anonymous]
2026-10-07 14:58:19,504 | INFO | GET /components/navbar.html -> 304 (1ms) [anonymous]
2026-10-07 14:58:19,506 | INFO | GET /components/sidebar.html -> 304 (6ms) [anonymous]
2026-10-07 14:58:19,510 | INFO | GET /components/modals.html -> 304 (1ms) [anonymous]
2026-10-07 14:58:19,510 | INFO | GET /components/footer.html -> 304 (4ms) [anonymous]
2026-10-07 14:58:19,533 | INFO | GET /api/auth/notifications -> 200 (0ms) [prasanna]
2026-10-07 14:58:19,536 | INFO | GET /api/employees -> 200 (2ms) [prasanna]
2026-10-07 14:58:19,540 | INFO | GET /api/followups -> 200 (0ms) [prasanna]
2026-10-07 14:58:21,616 | INFO | GET /pages/leads.html -> 304 (0ms) [anonymous]
2026-10-07 14:58:21,633 | INFO | GET /css/style.css -> 304 (2ms) [anonymous]
2026-10-07 14:58:21,640 | INFO | GET /css/responsive.css -> 304 (3ms) [anonymous]
2026-10-07 14:58:21,640 | INFO | GET /css/dashboard.css -> 304 (1ms) [anonymous]
2026-10-07 14:58:21,651 | INFO | GET /js/auth.js -> 304 (2ms) [anonymous]
2026-10-07 14:58:21,652 | INFO | GET /js/leads.js -> 304 (1ms) [anonymous]
2026-10-07 14:58:21,679 | INFO | GET /components/sidebar.html -> 304 (4ms) [anonymous]
2026-10-07 14:58:21,688 | INFO | GET /components/navbar.html -> 304 (3ms) [anonymous]
2026-10-07 14:58:21,690 | INFO | GET /components/footer.html -> 304 (2ms) [anonymous]
2026-10-07 14:58:21,694 | INFO | GET /components/modals.html -> 304 (0ms) [anonymous]
2026-10-07 14:58:21,715 | INFO | GET /api/auth/notifications -> 200 (0ms) [prasanna]
2026-10-07 14:58:21,720 | INFO | GET /api/leads -> 200 (0ms) [prasanna]
2026-10-07 14:58:23,079 | INFO | GET /pages/companies.html -> 304 (1ms) [anonymous]
2026-10-07 14:58:23,097 | INFO | GET /css/style.css -> 304 (0ms) [anonymous]
2026-10-07 14:58:23,107 | INFO | GET /css/responsive.css -> 304 (0ms) [anonymous]
2026-10-07 14:58:23,117 | INFO | GET /css/dashboard.css -> 304 (2ms) [anonymous]
2026-10-07 14:58:23,122 | INFO | GET /js/auth.js -> 304 (1ms) [anonymous]
2026-10-07 14:58:23,123 | INFO | GET /js/leads.js -> 304 (2ms) [anonymous]
2026-10-07 14:58:23,156 | INFO | GET /components/sidebar.html -> 304 (0ms) [anonymous]
2026-10-07 14:58:23,158 | INFO | GET /components/navbar.html -> 304 (0ms) [anonymous]
2026-10-07 14:58:23,160 | INFO | GET /components/footer.html -> 304 (1ms) [anonymous]
2026-10-07 14:58:23,161 | INFO | GET /components/modals.html -> 304 (0ms) [anonymous]
2026-10-07 14:58:23,184 | INFO | GET /api/auth/notifications -> 200 (1ms) [prasanna]
2026-10-07 14:58:23,188 | INFO | GET /api/companies -> 200 (0ms) [prasanna]
2026-10-07 14:58:24,607 | INFO | GET /pages/companies.html -> 304 (1ms) [anonymous]
2026-10-07 14:58:24,623 | INFO | GET /css/style.css -> 304 (0ms) [anonymous]
2026-10-07 14:58:24,637 | INFO | GET /css/dashboard.css -> 304 (1ms) [anonymous]
2026-10-07 14:58:24,638 | INFO | GET /css/responsive.css -> 304 (1ms) [anonymous]
2026-10-07 14:58:24,643 | INFO | GET /js/auth.js -> 304 (2ms) [anonymous]
2026-10-07 14:58:24,644 | INFO | GET /js/leads.js -> 304 (1ms) [anonymous]
2026-10-07 14:58:24,678 | INFO | GET /components/navbar.html -> 304 (1ms) [anonymous]
2026-10-07 14:58:24,684 | INFO | GET /components/sidebar.html -> 304 (4ms) [anonymous]
2026-10-07 14:58:24,687 | INFO | GET /components/footer.html -> 304 (1ms) [anonymous]
2026-10-07 14:58:24,688 | INFO | GET /components/modals.html -> 304 (0ms) [anonymous]
2026-10-07 14:58:24,711 | INFO | GET /api/auth/notifications -> 200 (1ms) [prasanna]
2026-10-07 14:58:24,713 | INFO | GET /api/companies -> 200 (0ms) [prasanna]
2026-10-07 14:58:25,603 | INFO | GET /pages/employees.html -> 304 (0ms) [anonymous]
2026-10-07 14:58:25,625 | INFO | GET /css/style.css -> 304 (1ms) [anonymous]
2026-10-07 14:58:25,640 | INFO | GET /css/dashboard.css -> 304 (1ms) [anonymous]
2026-10-07 14:58:25,646 | INFO | GET /css/responsive.css -> 304 (2ms) [anonymous]
2026-10-07 14:58:25,647 | INFO | GET /js/auth.js -> 304 (6ms) [anonymous]
2026-10-07 14:58:25,649 | INFO | GET /js/employees.js -> 304 (0ms) [anonymous]
2026-10-07 14:58:25,672 | INFO | GET /components/navbar.html -> 304 (1ms) [anonymous]
2026-10-07 14:58:25,674 | INFO | GET /components/sidebar.html -> 304 (6ms) [anonymous]
2026-10-07 14:58:25,692 | INFO | GET /components/footer.html -> 304 (2ms) [anonymous]
2026-10-07 14:58:25,692 | INFO | GET /components/modals.html -> 304 (0ms) [anonymous]
2026-10-07 14:58:25,714 | INFO | GET /api/auth/notifications -> 200 (1ms) [prasanna]
2026-10-07 14:58:25,717 | INFO | GET /api/roles -> 200 (1ms) [prasanna]
2026-10-07 14:58:25,728 | INFO | GET /api/employees -> 200 (0ms) [prasanna]
2026-10-07 14:58:25,735 | INFO | GET /api/employees -> 200 (0ms) [prasanna]
2026-10-07 14:59:51,958 | INFO | GET /api/employees/emp_44fb076c2d06 -> 200 (0ms) [prasanna]
2026-10-07 15:00:05,520 | INFO | PUT /api/employees/emp_44fb076c2d06 -> 200 (209ms) [prasanna]
2026-10-07 15:00:05,652 | INFO | GET /api/employees -> 200 (0ms) [prasanna]
2026-10-07 15:00:05,654 | INFO | GET /api/employees -> 200 (0ms) [prasanna]
2026-10-07 15:03:45,520 | INFO | CRM backend ready on http://0.0.0.0:5000
2026-10-07 15:03:45,805 | INFO | CRM backend ready on http://0.0.0.0:5000
2026-10-07 15:03:45,818 | INFO | GET /health -> 200 (0ms) [anonymous]
2026-10-07 15:03:45,820 | INFO | POST /api/auth/login -> 401 (0ms) [anonymous]
2026-10-07 15:03:46,079 | INFO | POST /api/auth/login -> 200 (258ms) [anonymous]
2026-10-07 15:03:46,081 | INFO | GET /api/auth/me -> 200 (0ms) [prasanna]
2026-10-07 15:03:46,082 | INFO | GET /api/leads -> 401 (0ms) [anonymous]
2026-10-07 15:03:46,322 | INFO | POST /api/employees -> 201 (238ms) [prasanna]
2026-10-07 15:03:46,694 | INFO | POST /api/employees -> 201 (275ms) [prasanna]
2026-10-07 15:03:46,790 | INFO | GET /api/employees -> 200 (0ms) [prasanna]
2026-10-07 15:03:46,920 | INFO | POST /api/companies -> 201 (127ms) [prasanna]
2026-10-07 15:03:47,141 | INFO | POST /api/leads -> 201 (119ms) [prasanna]
2026-10-07 15:03:47,241 | INFO | GET /api/leads/lead_56401cc5a527 -> 200 (0ms) [prasanna]
2026-10-07 15:03:47,376 | INFO | POST /api/leads/lead_56401cc5a527/followups -> 201 (131ms) [prasanna]
2026-10-07 15:03:47,541 | INFO | POST /api/leads/lead_56401cc5a527/calls -> 201 (57ms) [prasanna]
2026-10-07 15:03:47,639 | INFO | GET /api/followups -> 200 (0ms) [prasanna]
2026-10-07 15:03:47,640 | INFO | GET /api/calls -> 200 (0ms) [prasanna]
2026-10-07 15:03:47,766 | INFO | POST /api/developers -> 201 (124ms) [prasanna]
2026-10-07 15:03:48,173 | INFO | POST /api/projects -> 201 (302ms) [prasanna]
2026-10-07 15:03:48,300 | INFO | POST /api/projects/prj_c0c6e77a129d/tasks -> 201 (20ms) [prasanna]
2026-10-07 15:03:48,471 | INFO | PUT /api/projects/tasks/tsk_d946270bf96e -> 200 (67ms) [prasanna]
2026-10-07 15:03:48,702 | INFO | POST /api/projects/prj_c0c6e77a129d/updates -> 201 (131ms) [prasanna]
2026-10-07 15:03:48,892 | INFO | POST /api/projects/prj_c0c6e77a129d/assignments -> 201 (60ms) [prasanna]
2026-10-07 15:03:48,995 | INFO | GET /api/developers/dev_45cf8f8092b9 -> 200 (1ms) [prasanna]
2026-10-07 15:03:48,997 | INFO | GET /api/reports/summary -> 200 (1ms) [prasanna]
2026-10-07 15:03:49,000 | INFO | GET /api/reports/dashboard -> 200 (0ms) [prasanna]
2026-10-07 15:03:49,070 | INFO | GET /api/reports/daily -> 200 (68ms) [prasanna]
2026-10-07 15:03:49,099 | INFO | GET /api/reports/weekly -> 200 (26ms) [prasanna]
2026-10-07 15:03:49,132 | INFO | GET /api/reports/monthly -> 200 (31ms) [prasanna]
2026-10-07 15:03:49,165 | INFO | GET /api/reports/yearly -> 200 (30ms) [prasanna]
2026-10-07 15:03:49,185 | INFO | GET /api/reports/export/leads -> 200 (18ms) [prasanna]
2026-10-07 15:03:49,267 | INFO | POST /api/reports/powerbi/export -> 200 (80ms) [prasanna]
2026-10-07 15:03:49,369 | INFO | GET /api/reports/activity -> 200 (1ms) [prasanna]
2026-10-07 15:03:49,600 | INFO | POST /api/auth/login -> 200 (228ms) [anonymous]
2026-10-07 15:03:49,602 | INFO | GET /api/employees -> 200 (0ms) [Jane Employee]
2026-10-07 15:03:49,604 | INFO | POST /api/employees -> 403 (0ms) [Jane Employee]
2026-10-07 15:03:49,711 | INFO | GET /api/reports/summary -> 200 (0ms) [Jane Employee]
2026-10-07 15:03:50,010 | INFO | POST /api/auth/login -> 200 (296ms) [anonymous]
2026-10-07 15:03:50,011 | INFO | GET /api/reports/summary -> 200 (0ms) [John Dev]
2026-10-07 15:03:50,013 | INFO | DELETE /api/leads/lead_56401cc5a527 -> 403 (0ms) [John Dev]
2026-10-07 15:03:50,146 | INFO | GET /api/roles -> 200 (0ms) [prasanna]
2026-10-07 15:03:50,279 | INFO | POST /api/roles -> 201 (132ms) [prasanna]
2026-10-07 15:03:50,389 | INFO | POST /api/roles -> 422 (1ms) [prasanna]
2026-10-07 15:03:50,804 | INFO | POST /api/employees -> 201 (299ms) [prasanna]
2026-10-07 15:03:50,909 | INFO | POST /api/employees -> 422 (0ms) [prasanna]
2026-10-07 15:03:51,299 | INFO | POST /api/auth/login -> 200 (276ms) [anonymous]
2026-10-07 15:03:51,301 | INFO | GET /api/leads -> 200 (0ms) [Rita Role]
2026-10-07 15:03:51,302 | INFO | GET /api/reports/summary -> 200 (0ms) [Rita Role]
2026-10-07 15:03:51,304 | INFO | POST /api/roles -> 403 (0ms) [Rita Role]
2026-10-07 15:03:51,454 | INFO | DELETE /api/roles/role_fc3202afe001 -> 409 (0ms) [prasanna]
2026-10-07 15:03:51,707 | INFO | DELETE /api/employees/emp_62cdb7a1fd52 -> 200 (144ms) [prasanna]
2026-10-07 15:03:51,990 | INFO | DELETE /api/roles/role_fc3202afe001 -> 200 (136ms) [prasanna]
2026-10-07 15:03:52,099 | INFO | DELETE /api/roles/role_46052807f7bb -> 400 (0ms) [prasanna]
2026-10-07 15:03:52,375 | INFO | DELETE /api/leads/lead_56401cc5a527 -> 200 (161ms) [prasanna]
2026-10-07 15:03:52,687 | INFO | DELETE /api/projects/prj_c0c6e77a129d -> 200 (199ms) [prasanna]
2026-10-07 15:03:52,799 | INFO | PUT /api/auth/change-password -> 403 (0ms) [Jane Employee]
2026-10-07 15:03:52,914 | INFO | POST /api/auth/register -> 403 (0ms) [Jane Employee]
2026-10-07 15:03:53,340 | INFO | PUT /api/auth/change-password -> 200 (286ms) [prasanna]
2026-10-07 15:03:53,724 | INFO | PUT /api/employees/emp_f107436a6acc -> 200 (269ms) [prasanna]
2026-10-07 15:03:54,065 | INFO | POST /api/auth/login -> 200 (232ms) [anonymous]
2026-10-07 15:03:54,217 | INFO | DELETE /api/employees/emp_f107436a6acc -> 200 (150ms) [prasanna]
2026-10-07 15:03:54,482 | INFO | DELETE /api/employees/emp_cc33755250a4 -> 200 (148ms) [prasanna]
2026-10-07 15:04:15,657 | INFO | CRM backend ready on http://0.0.0.0:5001
2026-10-07 15:04:18,174 | INFO | GET /health -> 200 (1ms) [anonymous]
2026-10-07 15:04:46,134 | INFO | GET /api/employees/emp_454f73ec5b29 -> 200 (0ms) [prasanna]
2026-10-07 15:04:56,541 | INFO | GET /api/employees/emp_01d49e50aa22 -> 200 (1ms) [prasanna]
2026-10-07 15:05:31,683 | INFO | GET /pages/companies.html -> 304 (0ms) [anonymous]
2026-10-07 15:05:31,707 | INFO | GET /css/style.css -> 304 (0ms) [anonymous]
2026-10-07 15:05:31,717 | INFO | GET /css/dashboard.css -> 304 (0ms) [anonymous]
2026-10-07 15:05:31,724 | INFO | GET /css/responsive.css -> 304 (2ms) [anonymous]
2026-10-07 15:05:31,725 | INFO | GET /js/auth.js -> 304 (0ms) [anonymous]
2026-10-07 15:05:31,728 | INFO | GET /js/leads.js -> 304 (2ms) [anonymous]
2026-10-07 15:05:31,763 | INFO | GET /components/sidebar.html -> 304 (4ms) [anonymous]
2026-10-07 15:05:31,763 | INFO | GET /components/navbar.html -> 304 (3ms) [anonymous]
2026-10-07 15:05:31,765 | INFO | GET /components/footer.html -> 304 (4ms) [anonymous]
2026-10-07 15:05:31,766 | INFO | GET /components/modals.html -> 304 (1ms) [anonymous]
2026-10-07 15:05:31,799 | INFO | GET /api/auth/notifications -> 200 (1ms) [prasanna]
2026-10-07 15:05:31,806 | INFO | GET /api/companies -> 200 (0ms) [prasanna]
2026-10-07 15:05:34,112 | INFO | GET /pages/leads.html -> 304 (0ms) [anonymous]
2026-10-07 15:05:34,133 | INFO | GET /css/style.css -> 304 (0ms) [anonymous]
2026-10-07 15:05:34,146 | INFO | GET /css/dashboard.css -> 304 (1ms) [anonymous]
2026-10-07 15:05:34,150 | INFO | GET /css/responsive.css -> 304 (1ms) [anonymous]
2026-10-07 15:05:34,151 | INFO | GET /js/auth.js -> 304 (1ms) [anonymous]
2026-10-07 15:05:34,153 | INFO | GET /js/leads.js -> 304 (1ms) [anonymous]
2026-10-07 15:05:34,189 | INFO | GET /components/navbar.html -> 304 (2ms) [anonymous]
2026-10-07 15:05:34,189 | INFO | GET /components/sidebar.html -> 304 (1ms) [anonymous]
2026-10-07 15:05:34,203 | INFO | GET /components/footer.html -> 304 (0ms) [anonymous]
2026-10-07 15:05:34,205 | INFO | GET /components/modals.html -> 304 (0ms) [anonymous]
2026-10-07 15:05:34,223 | INFO | GET /api/auth/notifications -> 200 (0ms) [prasanna]
2026-10-07 15:05:34,225 | INFO | GET /api/leads -> 200 (0ms) [prasanna]
2026-10-07 15:05:36,596 | INFO | GET /pages/companies.html -> 304 (0ms) [anonymous]
2026-10-07 15:05:36,617 | INFO | GET /css/style.css -> 304 (0ms) [anonymous]
2026-10-07 15:05:36,629 | INFO | GET /css/dashboard.css -> 304 (1ms) [anonymous]
2026-10-07 15:05:36,638 | INFO | GET /css/responsive.css -> 304 (3ms) [anonymous]
2026-10-07 15:05:36,638 | INFO | GET /js/auth.js -> 304 (3ms) [anonymous]
2026-10-07 15:05:36,639 | INFO | GET /js/leads.js -> 304 (2ms) [anonymous]
2026-10-07 15:05:36,669 | INFO | GET /components/navbar.html -> 304 (2ms) [anonymous]
2026-10-07 15:05:36,670 | INFO | GET /components/sidebar.html -> 304 (3ms) [anonymous]
2026-10-07 15:05:36,670 | INFO | GET /components/footer.html -> 304 (1ms) [anonymous]
2026-10-07 15:05:36,672 | INFO | GET /components/modals.html -> 304 (0ms) [anonymous]
2026-10-07 15:05:36,699 | INFO | GET /api/auth/notifications -> 200 (0ms) [prasanna]
2026-10-07 15:05:36,700 | INFO | GET /api/companies -> 200 (0ms) [prasanna]
2026-10-07 15:05:44,638 | INFO | GET /api/companies/cmp_96f0e46740a8 -> 200 (2ms) [prasanna]
2026-10-07 15:05:54,179 | INFO | GET /pages/projects.html -> 304 (1ms) [anonymous]
2026-10-07 15:05:54,195 | INFO | GET /css/style.css -> 304 (0ms) [anonymous]
2026-10-07 15:05:54,209 | INFO | GET /css/dashboard.css -> 304 (4ms) [anonymous]
2026-10-07 15:05:54,210 | INFO | GET /css/responsive.css -> 304 (2ms) [anonymous]
2026-10-07 15:05:54,213 | INFO | GET /js/auth.js -> 304 (1ms) [anonymous]
2026-10-07 15:05:54,215 | INFO | GET /js/projects.js -> 304 (0ms) [anonymous]
2026-10-07 15:05:54,251 | INFO | GET /components/navbar.html -> 304 (0ms) [anonymous]
2026-10-07 15:05:54,254 | INFO | GET /components/footer.html -> 304 (0ms) [anonymous]
2026-10-07 15:05:54,254 | INFO | GET /components/sidebar.html -> 304 (1ms) [anonymous]
2026-10-07 15:05:54,260 | INFO | GET /components/modals.html -> 304 (0ms) [anonymous]
2026-10-07 15:05:54,284 | INFO | GET /api/auth/notifications -> 200 (0ms) [prasanna]
2026-10-07 15:05:54,285 | INFO | GET /api/companies -> 200 (0ms) [prasanna]
2026-10-07 15:05:54,286 | INFO | GET /api/employees -> 200 (0ms) [prasanna]
2026-10-07 15:05:54,288 | INFO | GET /api/developers -> 200 (0ms) [prasanna]
2026-10-07 15:05:54,317 | INFO | GET /api/projects -> 200 (0ms) [prasanna]
2026-10-07 15:10:18,080 | INFO | GET /pages/employees.html -> 304 (0ms) [anonymous]
2026-10-07 15:10:18,100 | INFO | GET /css/style.css -> 304 (0ms) [anonymous]
2026-10-07 15:10:18,105 | INFO | GET /css/responsive.css -> 304 (2ms) [anonymous]
2026-10-07 15:10:18,110 | INFO | GET /css/dashboard.css -> 304 (3ms) [anonymous]
2026-10-07 15:10:18,120 | INFO | GET /js/auth.js -> 304 (1ms) [anonymous]
2026-10-07 15:10:18,120 | INFO | GET /js/employees.js -> 304 (0ms) [anonymous]
2026-10-07 15:10:18,154 | INFO | GET /components/sidebar.html -> 304 (1ms) [anonymous]
2026-10-07 15:10:18,156 | INFO | GET /components/navbar.html -> 304 (2ms) [anonymous]
2026-10-07 15:10:18,157 | INFO | GET /components/footer.html -> 304 (1ms) [anonymous]
2026-10-07 15:10:18,162 | INFO | GET /components/modals.html -> 304 (4ms) [anonymous]
2026-10-07 15:10:18,185 | INFO | GET /api/auth/notifications -> 200 (0ms) [prasanna]
2026-10-07 15:10:18,190 | INFO | GET /api/roles -> 200 (0ms) [prasanna]
2026-10-07 15:10:18,205 | INFO | GET /api/employees -> 200 (0ms) [prasanna]
2026-10-07 15:10:18,206 | INFO | GET /api/employees -> 200 (0ms) [prasanna]
2026-10-07 15:10:44,310 | INFO | GET /.well-known/appspecific/com.chrome.devtools.json -> 404 (0ms) [anonymous]
2026-10-07 15:10:44,320 | INFO | GET /css/style.css -> 304 (0ms) [anonymous]
2026-10-07 15:10:44,323 | INFO | GET /css/dashboard.css -> 304 (1ms) [anonymous]
2026-10-07 15:10:44,325 | INFO | GET /css/responsive.css -> 304 (2ms) [anonymous]
2026-10-07 15:11:30,346 | INFO | GET /api/employees -> 200 (3ms) [prasanna]
2026-10-07 15:11:35,113 | INFO | GET /api/employees -> 200 (0ms) [prasanna]
2026-10-07 15:18:15,730 | INFO | GET /api/employees -> 200 (1ms) [prasanna]
2026-10-07 15:23:34,105 | INFO | GET /api/employees -> 200 (1ms) [prasanna]
2026-10-07 15:23:37,209 | INFO | GET /api/employees -> 200 (0ms) [prasanna]
2026-10-07 15:23:42,295 | INFO | GET /api/employees -> 200 (0ms) [prasanna]
2026-10-07 15:23:46,097 | INFO | GET /api/employees -> 200 (0ms) [prasanna]
2026-10-07 15:23:49,179 | INFO | GET /api/employees -> 200 (1ms) [prasanna]
2026-10-07 15:23:52,026 | INFO | GET /api/employees -> 200 (0ms) [prasanna]
2026-10-07 15:23:56,593 | INFO | GET /api/employees -> 200 (0ms) [prasanna]
2026-10-07 15:24:00,327 | INFO | GET /pages/admin-dashboard.html -> 200 (1ms) [anonymous]
2026-10-07 15:24:00,365 | INFO | GET /css/style.css -> 304 (3ms) [anonymous]
2026-10-07 15:24:00,392 | INFO | GET /css/responsive.css -> 304 (1ms) [anonymous]
2026-10-07 15:24:00,393 | INFO | GET /css/dashboard.css -> 304 (3ms) [anonymous]
2026-10-07 15:24:00,399 | INFO | GET /js/auth.js -> 304 (3ms) [anonymous]
2026-10-07 15:24:00,402 | INFO | GET /js/dashboard.js -> 200 (4ms) [anonymous]
2026-10-07 15:24:00,494 | INFO | GET /components/sidebar.html -> 304 (3ms) [anonymous]
2026-10-07 15:24:00,498 | INFO | GET /components/navbar.html -> 304 (2ms) [anonymous]
2026-10-07 15:24:00,506 | INFO | GET /components/footer.html -> 304 (5ms) [anonymous]
2026-10-07 15:24:00,527 | INFO | GET /components/modals.html -> 304 (3ms) [anonymous]
2026-10-07 15:24:00,537 | INFO | GET /.well-known/appspecific/com.chrome.devtools.json -> 404 (0ms) [anonymous]
2026-10-07 15:24:00,572 | INFO | GET /api/auth/notifications -> 200 (0ms) [prasanna]
2026-10-07 15:24:00,587 | INFO | GET /api/employees -> 200 (3ms) [prasanna]
2026-10-07 15:24:00,622 | INFO | GET /api/reports/dashboard -> 200 (3ms) [prasanna]
2026-10-07 15:24:00,631 | INFO | GET /api/leads -> 200 (4ms) [prasanna]
2026-10-07 15:24:00,641 | INFO | GET /api/followups -> 200 (3ms) [prasanna]
2026-10-07 15:24:06,183 | INFO | GET /pages/admin-dashboard.html -> 304 (1ms) [anonymous]
2026-10-07 15:24:06,244 | INFO | GET /.well-known/appspecific/com.chrome.devtools.json -> 404 (0ms) [anonymous]
2026-10-07 15:24:06,265 | INFO | GET /css/style.css -> 304 (6ms) [anonymous]
2026-10-07 15:24:06,268 | INFO | GET /css/dashboard.css -> 304 (7ms) [anonymous]
2026-10-07 15:24:06,273 | INFO | GET /css/responsive.css -> 304 (5ms) [anonymous]
2026-10-07 15:24:06,279 | INFO | GET /js/dashboard.js -> 304 (2ms) [anonymous]
2026-10-07 15:24:06,281 | INFO | GET /js/auth.js -> 304 (9ms) [anonymous]
2026-10-07 15:24:06,386 | INFO | GET /components/sidebar.html -> 304 (1ms) [anonymous]
2026-10-07 15:24:06,390 | INFO | GET /components/navbar.html -> 304 (3ms) [anonymous]
2026-10-07 15:24:06,393 | INFO | GET /components/footer.html -> 304 (3ms) [anonymous]
2026-10-07 15:24:06,398 | INFO | GET /components/modals.html -> 304 (5ms) [anonymous]
2026-10-07 15:24:06,471 | INFO | GET /api/auth/notifications -> 200 (1ms) [prasanna]
2026-10-07 15:24:06,475 | INFO | GET /api/reports/dashboard -> 200 (0ms) [prasanna]
2026-10-07 15:24:06,486 | INFO | GET /api/leads -> 200 (0ms) [prasanna]
2026-10-07 15:24:06,515 | INFO | GET /api/followups -> 200 (1ms) [prasanna]
2026-10-07 15:24:06,526 | INFO | GET /api/employees -> 200 (2ms) [prasanna]
2026-10-07 15:24:15,124 | INFO | GET /pages/leads.html -> 304 (0ms) [anonymous]
2026-10-07 15:24:15,144 | INFO | GET /css/style.css -> 304 (1ms) [anonymous]
2026-10-07 15:24:15,150 | INFO | GET /css/dashboard.css -> 304 (1ms) [anonymous]
2026-10-07 15:24:15,153 | INFO | GET /css/responsive.css -> 304 (1ms) [anonymous]
2026-10-07 15:24:15,156 | INFO | GET /js/auth.js -> 304 (3ms) [anonymous]
2026-10-07 15:24:15,159 | INFO | GET /js/leads.js -> 304 (0ms) [anonymous]
2026-10-07 15:24:15,198 | INFO | GET /components/sidebar.html -> 304 (0ms) [anonymous]
2026-10-07 15:24:15,203 | INFO | GET /components/footer.html -> 304 (3ms) [anonymous]
2026-10-07 15:24:15,206 | INFO | GET /components/navbar.html -> 304 (4ms) [anonymous]
2026-10-07 15:24:15,211 | INFO | GET /components/modals.html -> 304 (6ms) [anonymous]
2026-10-07 15:24:15,238 | INFO | GET /api/auth/notifications -> 200 (1ms) [prasanna]
2026-10-07 15:24:15,242 | INFO | GET /api/leads -> 200 (1ms) [prasanna]
2026-10-07 15:24:17,079 | INFO | GET /api/companies -> 200 (0ms) [prasanna]
2026-10-07 15:24:17,081 | INFO | GET /api/employees -> 200 (0ms) [prasanna]
2026-10-07 15:25:32,773 | INFO | POST /api/leads -> 201 (402ms) [prasanna]
2026-10-07 15:25:32,980 | INFO | GET /api/leads -> 200 (0ms) [prasanna]
2026-10-07 15:25:39,942 | INFO | GET /pages/projects.html -> 304 (1ms) [anonymous]
2026-10-07 15:25:39,964 | INFO | GET /css/style.css -> 304 (1ms) [anonymous]
2026-10-07 15:25:39,971 | INFO | GET /css/dashboard.css -> 304 (3ms) [anonymous]
2026-10-07 15:25:39,972 | INFO | GET /css/responsive.css -> 304 (4ms) [anonymous]
2026-10-07 15:25:39,975 | INFO | GET /js/auth.js -> 304 (4ms) [anonymous]
2026-10-07 15:25:39,980 | INFO | GET /js/projects.js -> 304 (1ms) [anonymous]
2026-10-07 15:25:40,015 | INFO | GET /components/sidebar.html -> 304 (0ms) [anonymous]
2026-10-07 15:25:40,026 | INFO | GET /components/navbar.html -> 304 (4ms) [anonymous]
2026-10-07 15:25:40,034 | INFO | GET /components/modals.html -> 304 (3ms) [anonymous]
2026-10-07 15:25:40,035 | INFO | GET /components/footer.html -> 304 (1ms) [anonymous]
2026-10-07 15:25:40,065 | INFO | GET /api/auth/notifications -> 200 (2ms) [prasanna]
2026-10-07 15:25:40,069 | INFO | GET /api/companies -> 200 (0ms) [prasanna]
2026-10-07 15:25:40,071 | INFO | GET /api/employees -> 200 (0ms) [prasanna]
2026-10-07 15:25:40,081 | INFO | GET /api/developers -> 200 (0ms) [prasanna]
2026-10-07 15:25:40,103 | INFO | GET /api/projects -> 200 (0ms) [prasanna]
2026-10-07 15:25:46,344 | INFO | GET /api/projects/prj_e827c6422159 -> 200 (0ms) [prasanna]
2026-10-07 15:25:50,182 | INFO | GET /api/projects/prj_e827c6422159 -> 200 (1ms) [prasanna]
2026-10-07 15:25:51,822 | INFO | GET /api/projects/prj_7b8a25a41db6 -> 200 (0ms) [prasanna]
2026-10-07 15:25:58,836 | INFO | GET /api/projects/prj_7b8a25a41db6 -> 200 (0ms) [prasanna]
2026-10-07 15:26:01,969 | INFO | GET /api/projects/prj_7b8a25a41db6 -> 200 (0ms) [prasanna]
2026-10-07 15:26:14,771 | INFO | GET /api/projects/prj_e827c6422159 -> 200 (0ms) [prasanna]
2026-10-07 15:26:35,472 | INFO | GET /pages/companies.html -> 304 (1ms) [anonymous]
2026-10-07 15:26:35,493 | INFO | GET /css/style.css -> 304 (1ms) [anonymous]
2026-10-07 15:26:35,499 | INFO | GET /css/dashboard.css -> 304 (2ms) [anonymous]
2026-10-07 15:26:35,500 | INFO | GET /css/responsive.css -> 304 (3ms) [anonymous]
2026-10-07 15:26:35,507 | INFO | GET /js/auth.js -> 304 (5ms) [anonymous]
2026-10-07 15:26:35,509 | INFO | GET /js/leads.js -> 304 (2ms) [anonymous]
2026-10-07 15:26:35,567 | INFO | GET /components/sidebar.html -> 304 (5ms) [anonymous]
2026-10-07 15:26:35,574 | INFO | GET /components/navbar.html -> 304 (10ms) [anonymous]
2026-10-07 15:26:35,575 | INFO | GET /components/footer.html -> 304 (8ms) [anonymous]
2026-10-07 15:26:35,578 | INFO | GET /components/modals.html -> 304 (7ms) [anonymous]
2026-10-07 15:26:35,621 | INFO | GET /api/auth/notifications -> 200 (2ms) [prasanna]
2026-10-07 15:26:35,626 | INFO | GET /api/companies -> 200 (0ms) [prasanna]
2026-10-07 15:26:38,344 | INFO | GET /pages/leads.html -> 304 (1ms) [anonymous]
2026-10-07 15:26:38,363 | INFO | GET /css/style.css -> 304 (1ms) [anonymous]
2026-10-07 15:26:38,370 | INFO | GET /css/dashboard.css -> 304 (2ms) [anonymous]
2026-10-07 15:26:38,371 | INFO | GET /css/responsive.css -> 304 (2ms) [anonymous]
2026-10-07 15:26:38,378 | INFO | GET /js/auth.js -> 304 (6ms) [anonymous]
2026-10-07 15:26:38,379 | INFO | GET /js/leads.js -> 304 (1ms) [anonymous]
2026-10-07 15:26:38,416 | INFO | GET /components/sidebar.html -> 304 (2ms) [anonymous]
2026-10-07 15:26:38,418 | INFO | GET /components/navbar.html -> 304 (3ms) [anonymous]
2026-10-07 15:26:38,419 | INFO | GET /components/footer.html -> 304 (2ms) [anonymous]
2026-10-07 15:26:38,422 | INFO | GET /components/modals.html -> 304 (0ms) [anonymous]
2026-10-07 15:26:38,456 | INFO | GET /api/auth/notifications -> 200 (0ms) [prasanna]
2026-10-07 15:26:38,464 | INFO | GET /api/leads -> 200 (0ms) [prasanna]
2026-10-07 15:26:44,426 | INFO | GET /api/leads/lead_4e3663c29444 -> 200 (0ms) [prasanna]
2026-10-07 15:27:11,511 | INFO | GET /pages/reports.html -> 304 (0ms) [anonymous]
2026-10-07 15:27:11,537 | INFO | GET /css/style.css -> 304 (4ms) [anonymous]
2026-10-07 15:27:11,538 | INFO | GET /css/dashboard.css -> 304 (1ms) [anonymous]
2026-10-07 15:27:11,541 | INFO | GET /css/responsive.css -> 304 (1ms) [anonymous]
2026-10-07 15:27:11,544 | INFO | GET /js/auth.js -> 304 (1ms) [anonymous]
2026-10-07 15:27:11,548 | INFO | GET /js/reports.js -> 304 (2ms) [anonymous]
2026-10-07 15:27:11,578 | INFO | GET /components/sidebar.html -> 304 (4ms) [anonymous]
2026-10-07 15:27:11,580 | INFO | GET /components/navbar.html -> 304 (2ms) [anonymous]
2026-10-07 15:27:11,584 | INFO | GET /components/footer.html -> 304 (2ms) [anonymous]
2026-10-07 15:27:11,610 | INFO | GET /api/auth/notifications -> 200 (0ms) [prasanna]
2026-10-07 15:27:11,615 | INFO | GET /api/reports/summary -> 200 (1ms) [prasanna]
2026-10-07 15:27:11,623 | INFO | GET /api/reports/dashboard -> 200 (3ms) [prasanna]
2026-10-07 15:27:11,633 | INFO | GET /api/reports/export -> 200 (0ms) [prasanna]
2026-10-07 15:27:11,647 | INFO | GET /api/reports/activity -> 200 (1ms) [prasanna]
2026-10-07 15:27:11,766 | INFO | GET /api/reports/monthly -> 200 (136ms) [prasanna]
2026-10-07 15:27:12,021 | INFO | GET /api/reports/powerbi -> 200 (368ms) [prasanna]
2026-10-07 15:27:13,451 | INFO | GET /pages/developers.html -> 304 (1ms) [anonymous]
2026-10-07 15:27:13,471 | INFO | GET /css/style.css -> 304 (2ms) [anonymous]
2026-10-07 15:27:13,476 | INFO | GET /css/responsive.css -> 304 (1ms) [anonymous]
2026-10-07 15:27:13,478 | INFO | GET /css/dashboard.css -> 304 (2ms) [anonymous]
2026-10-07 15:27:13,487 | INFO | GET /js/developers.js -> 304 (5ms) [anonymous]
2026-10-07 15:27:13,488 | INFO | GET /js/auth.js -> 304 (9ms) [anonymous]
2026-10-07 15:27:13,526 | INFO | GET /components/navbar.html -> 304 (2ms) [anonymous]
2026-10-07 15:27:13,528 | INFO | GET /components/sidebar.html -> 304 (2ms) [anonymous]
2026-10-07 15:27:13,529 | INFO | GET /components/footer.html -> 304 (1ms) [anonymous]
2026-10-07 15:27:13,535 | INFO | GET /components/modals.html -> 304 (1ms) [anonymous]
2026-10-07 15:27:13,562 | INFO | GET /api/auth/notifications -> 200 (0ms) [prasanna]
2026-10-07 15:27:13,569 | INFO | GET /api/developers -> 200 (0ms) [prasanna]
2026-10-07 15:27:15,865 | INFO | GET /pages/developers.html -> 304 (0ms) [anonymous]
2026-10-07 15:27:15,887 | INFO | GET /css/style.css -> 304 (2ms) [anonymous]
2026-10-07 15:27:15,894 | INFO | GET /js/auth.js -> 304 (3ms) [anonymous]
2026-10-07 15:27:15,894 | INFO | GET /css/responsive.css -> 304 (2ms) [anonymous]
2026-10-07 15:27:15,900 | INFO | GET /css/dashboard.css -> 304 (5ms) [anonymous]
2026-10-07 15:27:15,903 | INFO | GET /js/developers.js -> 304 (1ms) [anonymous]
2026-10-07 15:27:15,941 | INFO | GET /components/sidebar.html -> 304 (2ms) [anonymous]
2026-10-07 15:27:15,943 | INFO | GET /components/navbar.html -> 304 (3ms) [anonymous]
2026-10-07 15:27:15,949 | INFO | GET /components/footer.html -> 304 (6ms) [anonymous]
2026-10-07 15:27:15,951 | INFO | GET /components/modals.html -> 304 (3ms) [anonymous]
2026-10-07 15:27:16,122 | INFO | GET /api/auth/notifications -> 200 (1ms) [prasanna]
2026-10-07 15:27:16,124 | INFO | GET /api/developers -> 200 (0ms) [prasanna]
2026-10-07 15:30:10,655 | INFO | POST /api/auth/login -> 200 (412ms) [anonymous]
2026-10-07 15:30:10,692 | INFO | GET /api/employees -> 200 (1ms) [prasanna]
2026-10-07 15:30:10,981 | INFO | DELETE /api/employees/emp_196d8a285c39 -> 200 (278ms) [prasanna]
2026-10-07 15:30:11,492 | INFO | DELETE /api/employees/emp_9d0fbd56ec24 -> 200 (226ms) [prasanna]
2026-10-07 15:30:12,032 | INFO | DELETE /api/employees/emp_0b2e267a9000 -> 200 (304ms) [prasanna]
2026-10-07 15:30:12,605 | INFO | DELETE /api/employees/emp_6f583634660f -> 200 (353ms) [prasanna]
2026-10-07 15:30:13,162 | INFO | DELETE /api/employees/emp_7dc671eb915e -> 200 (347ms) [prasanna]
2026-10-07 15:30:13,945 | INFO | DELETE /api/employees/emp_4f02548bd68c -> 200 (478ms) [prasanna]
2026-10-07 15:30:14,549 | INFO | DELETE /api/employees/emp_71ca7c5adcc5 -> 200 (366ms) [prasanna]
2026-10-07 15:30:15,131 | INFO | DELETE /api/employees/emp_91b75e5840a2 -> 200 (332ms) [prasanna]
2026-10-07 15:30:15,661 | INFO | DELETE /api/employees/emp_01d49e50aa22 -> 200 (304ms) [prasanna]
2026-10-07 15:30:16,322 | INFO | DELETE /api/employees/emp_44fb076c2d06 -> 200 (286ms) [prasanna]
2026-10-07 15:30:16,872 | INFO | DELETE /api/employees/emp_454f73ec5b29 -> 200 (314ms) [prasanna]
2026-10-07 15:30:17,444 | INFO | DELETE /api/employees/emp_b2f3221db97f -> 200 (312ms) [prasanna]
2026-10-07 15:30:18,256 | INFO | POST /api/employees -> 201 (563ms) [prasanna]
2026-10-07 15:30:20,059 | INFO | PUT /api/employees/emp_1fb95b3210e9 -> 200 (328ms) [prasanna]
2026-10-07 15:30:20,297 | INFO | GET /api/employees/emp_1fb95b3210e9 -> 200 (0ms) [prasanna]
2026-10-07 15:30:20,759 | INFO | POST /api/auth/login -> 200 (450ms) [anonymous]
2026-10-07 15:30:20,775 | INFO | PUT /api/auth/change-password -> 403 (0ms) [Test Scientist]
2026-10-07 15:30:21,545 | INFO | PUT /api/employees/emp_1fb95b3210e9 -> 200 (511ms) [prasanna]
2026-10-07 15:30:21,827 | INFO | GET /pages/employees.html -> 200 (0ms) [anonymous]
2026-10-07 15:30:22,310 | INFO | GET /css/dashboard.css -> 200 (1ms) [anonymous]
2026-10-07 15:30:22,310 | INFO | GET /css/style.css -> 200 (2ms) [anonymous]
2026-10-07 15:30:22,311 | INFO | GET /css/responsive.css -> 200 (1ms) [anonymous]
2026-10-07 15:30:22,344 | INFO | GET /js/auth.js -> 200 (1ms) [anonymous]
2026-10-07 15:30:22,350 | INFO | GET /js/employees.js -> 200 (0ms) [anonymous]
2026-10-07 15:30:22,622 | INFO | GET /components/sidebar.html -> 200 (4ms) [anonymous]
2026-10-07 15:30:22,622 | INFO | GET /components/footer.html -> 200 (2ms) [anonymous]
2026-10-07 15:30:22,623 | INFO | GET /components/navbar.html -> 200 (4ms) [anonymous]
2026-10-07 15:30:22,624 | INFO | GET /components/modals.html -> 200 (2ms) [anonymous]
2026-10-07 15:30:22,713 | INFO | GET /api/auth/notifications -> 200 (0ms) [prasanna]
2026-10-07 15:30:22,716 | INFO | GET /api/roles -> 200 (1ms) [prasanna]
2026-10-07 15:30:22,745 | INFO | GET /api/employees -> 200 (1ms) [prasanna]
2026-10-07 15:30:22,750 | INFO | GET /api/employees -> 200 (0ms) [prasanna]
2026-10-07 15:30:25,322 | INFO | GET /api/employees -> 200 (1ms) [prasanna]
2026-10-07 15:30:26,837 | INFO | GET /api/roles -> 200 (1ms) [prasanna]
2026-10-07 15:30:27,227 | INFO | DELETE /api/employees/emp_1fb95b3210e9 -> 200 (371ms) [prasanna]
2026-10-07 15:30:48,374 | INFO | GET /pages/projects.html -> 304 (0ms) [anonymous]
2026-10-07 15:30:48,398 | INFO | GET /css/style.css -> 304 (1ms) [anonymous]
2026-10-07 15:30:48,412 | INFO | GET /css/responsive.css -> 304 (3ms) [anonymous]
2026-10-07 15:30:48,415 | INFO | GET /css/dashboard.css -> 304 (4ms) [anonymous]
2026-10-07 15:30:48,416 | INFO | GET /js/auth.js -> 304 (3ms) [anonymous]
2026-10-07 15:30:48,418 | INFO | GET /js/projects.js -> 304 (2ms) [anonymous]
2026-10-07 15:30:48,467 | INFO | GET /components/sidebar.html -> 304 (1ms) [anonymous]
2026-10-07 15:30:48,473 | INFO | GET /components/footer.html -> 304 (3ms) [anonymous]
2026-10-07 15:30:48,485 | INFO | GET /components/navbar.html -> 304 (0ms) [anonymous]
2026-10-07 15:30:48,494 | INFO | GET /components/modals.html -> 304 (2ms) [anonymous]
2026-10-07 15:30:48,508 | INFO | GET /api/auth/notifications -> 200 (0ms) [prasanna]
2026-10-07 15:30:48,512 | INFO | GET /api/companies -> 200 (0ms) [prasanna]
2026-10-07 15:30:48,513 | INFO | GET /api/employees -> 200 (0ms) [prasanna]
2026-10-07 15:30:48,529 | INFO | GET /api/developers -> 200 (2ms) [prasanna]
2026-10-07 15:30:48,546 | INFO | GET /api/projects -> 200 (0ms) [prasanna]
2026-10-07 15:30:52,311 | INFO | GET /api/projects/prj_7b8a25a41db6 -> 200 (0ms) [prasanna]
2026-10-07 15:30:58,488 | INFO | GET /pages/settings.html -> 200 (1ms) [anonymous]
2026-10-07 15:30:58,516 | INFO | GET /css/style.css -> 304 (0ms) [anonymous]
2026-10-07 15:30:58,526 | INFO | GET /css/responsive.css -> 304 (0ms) [anonymous]
2026-10-07 15:30:58,530 | INFO | GET /css/dashboard.css -> 304 (7ms) [anonymous]
2026-10-07 15:30:58,532 | INFO | GET /js/auth.js -> 304 (3ms) [anonymous]
2026-10-07 15:30:58,533 | INFO | GET /js/dashboard.js -> 304 (1ms) [anonymous]
2026-10-07 15:30:58,577 | INFO | GET /components/sidebar.html -> 304 (0ms) [anonymous]
2026-10-07 15:30:58,586 | INFO | GET /components/navbar.html -> 304 (7ms) [anonymous]
2026-10-07 15:30:58,588 | INFO | GET /components/footer.html -> 304 (3ms) [anonymous]
2026-10-07 15:30:58,589 | INFO | GET /components/modals.html -> 304 (1ms) [anonymous]
2026-10-07 15:30:58,627 | INFO | GET /api/auth/notifications -> 200 (0ms) [prasanna]
2026-10-07 15:30:58,631 | INFO | GET /api/auth/me -> 200 (0ms) [prasanna]
2026-10-07 15:30:58,650 | INFO | GET /api/employees/emp_9370c1d0a3e4 -> 200 (0ms) [prasanna]
2026-10-07 15:31:09,524 | INFO | GET /pages/reports.html -> 304 (1ms) [anonymous]
2026-10-07 15:31:09,549 | INFO | GET /css/style.css -> 304 (1ms) [anonymous]
2026-10-07 15:31:09,556 | INFO | GET /css/dashboard.css -> 304 (2ms) [anonymous]
2026-10-07 15:31:09,559 | INFO | GET /css/responsive.css -> 304 (0ms) [anonymous]
2026-10-07 15:31:09,566 | INFO | GET /js/auth.js -> 304 (1ms) [anonymous]
2026-10-07 15:31:09,573 | INFO | GET /js/reports.js -> 304 (1ms) [anonymous]
2026-10-07 15:31:09,701 | INFO | GET /components/sidebar.html -> 304 (1ms) [anonymous]
2026-10-07 15:31:09,766 | INFO | GET /components/navbar.html -> 304 (0ms) [anonymous]
2026-10-07 15:31:09,773 | INFO | GET /components/footer.html -> 304 (2ms) [anonymous]
2026-10-07 15:31:09,813 | INFO | GET /api/auth/notifications -> 200 (0ms) [prasanna]
2026-10-07 15:31:09,818 | INFO | GET /api/reports/summary -> 200 (1ms) [prasanna]
2026-10-07 15:31:09,841 | INFO | GET /api/reports/activity -> 200 (0ms) [prasanna]
2026-10-07 15:31:09,867 | INFO | GET /api/reports/dashboard -> 200 (0ms) [prasanna]
2026-10-07 15:31:09,874 | INFO | GET /api/reports/export -> 200 (0ms) [prasanna]
2026-10-07 15:31:09,982 | INFO | GET /api/reports/monthly -> 200 (118ms) [prasanna]
2026-10-07 15:31:10,268 | INFO | GET /api/reports/powerbi -> 200 (392ms) [prasanna]
2026-10-07 15:31:12,323 | INFO | GET /pages/settings.html -> 304 (1ms) [anonymous]
2026-10-07 15:31:12,347 | INFO | GET /css/style.css -> 304 (0ms) [anonymous]
2026-10-07 15:31:12,363 | INFO | GET /css/dashboard.css -> 304 (2ms) [anonymous]
2026-10-07 15:31:12,366 | INFO | GET /js/auth.js -> 304 (1ms) [anonymous]
2026-10-07 15:31:12,369 | INFO | GET /css/responsive.css -> 304 (6ms) [anonymous]
2026-10-07 15:31:12,372 | INFO | GET /js/dashboard.js -> 304 (3ms) [anonymous]
2026-10-07 15:31:12,429 | INFO | GET /components/sidebar.html -> 304 (0ms) [anonymous]
2026-10-07 15:31:12,440 | INFO | GET /components/navbar.html -> 304 (7ms) [anonymous]
2026-10-07 15:31:12,441 | INFO | GET /components/footer.html -> 304 (4ms) [anonymous]
2026-10-07 15:31:12,449 | INFO | GET /components/modals.html -> 304 (0ms) [anonymous]
2026-10-07 15:31:12,483 | INFO | GET /api/auth/notifications -> 200 (0ms) [prasanna]
2026-10-07 15:31:12,486 | INFO | GET /api/auth/me -> 200 (0ms) [prasanna]
2026-10-07 15:31:12,529 | INFO | GET /api/employees/emp_9370c1d0a3e4 -> 200 (1ms) [prasanna]
2026-10-07 15:31:23,382 | INFO | GET /pages/reports.html -> 304 (0ms) [anonymous]
2026-10-07 15:31:23,403 | INFO | GET /css/style.css -> 304 (0ms) [anonymous]
2026-10-07 15:31:23,415 | INFO | GET /css/dashboard.css -> 304 (1ms) [anonymous]
2026-10-07 15:31:23,428 | INFO | GET /css/responsive.css -> 304 (2ms) [anonymous]
2026-10-07 15:31:23,437 | INFO | GET /js/auth.js -> 304 (4ms) [anonymous]
2026-10-07 15:31:23,438 | INFO | GET /js/reports.js -> 304 (2ms) [anonymous]
2026-10-07 15:31:23,469 | INFO | GET /components/sidebar.html -> 304 (3ms) [anonymous]
2026-10-07 15:31:23,470 | INFO | GET /components/footer.html -> 304 (1ms) [anonymous]
2026-10-07 15:31:23,471 | INFO | GET /components/navbar.html -> 304 (4ms) [anonymous]
2026-10-07 15:31:23,511 | INFO | GET /api/auth/notifications -> 200 (0ms) [prasanna]
2026-10-07 15:31:23,515 | INFO | GET /api/reports/summary -> 200 (0ms) [prasanna]
2026-10-07 15:31:23,517 | INFO | GET /api/reports/dashboard -> 200 (0ms) [prasanna]
2026-10-07 15:31:23,522 | INFO | GET /api/reports/activity -> 200 (1ms) [prasanna]
2026-10-07 15:31:23,529 | INFO | GET /api/reports/export -> 200 (0ms) [prasanna]
2026-10-07 15:31:23,663 | INFO | GET /api/reports/monthly -> 200 (145ms) [prasanna]
2026-10-07 15:31:23,966 | INFO | GET /api/reports/powerbi -> 200 (397ms) [prasanna]
2026-10-07 15:31:25,661 | INFO | GET /pages/projects.html -> 304 (0ms) [anonymous]
2026-10-07 15:31:25,694 | INFO | GET /css/style.css -> 304 (4ms) [anonymous]
2026-10-07 15:31:25,710 | INFO | GET /css/dashboard.css -> 304 (1ms) [anonymous]
2026-10-07 15:31:25,715 | INFO | GET /js/auth.js -> 304 (0ms) [anonymous]
2026-10-07 15:31:25,724 | INFO | GET /css/responsive.css -> 304 (4ms) [anonymous]
2026-10-07 15:31:25,740 | INFO | GET /js/projects.js -> 304 (1ms) [anonymous]
2026-10-07 15:31:25,769 | INFO | GET /components/navbar.html -> 304 (1ms) [anonymous]
2026-10-07 15:31:25,776 | INFO | GET /components/sidebar.html -> 304 (4ms) [anonymous]
2026-10-07 15:31:25,782 | INFO | GET /components/footer.html -> 304 (2ms) [anonymous]
2026-10-07 15:31:25,797 | INFO | GET /components/modals.html -> 304 (1ms) [anonymous]
2026-10-07 15:31:25,832 | INFO | GET /api/auth/notifications -> 200 (0ms) [prasanna]
2026-10-07 15:31:25,848 | INFO | GET /api/companies -> 200 (0ms) [prasanna]
2026-10-07 15:31:25,851 | INFO | GET /api/employees -> 200 (1ms) [prasanna]
2026-10-07 15:31:25,865 | INFO | GET /api/developers -> 200 (0ms) [prasanna]
2026-10-07 15:31:25,898 | INFO | GET /api/projects -> 200 (0ms) [prasanna]
2026-10-07 15:31:26,758 | INFO | GET /pages/companies.html -> 304 (1ms) [anonymous]
2026-10-07 15:31:26,783 | INFO | GET /css/style.css -> 304 (1ms) [anonymous]
2026-10-07 15:31:26,802 | INFO | GET /css/dashboard.css -> 304 (2ms) [anonymous]
2026-10-07 15:31:26,804 | INFO | GET /css/responsive.css -> 304 (2ms) [anonymous]
2026-10-07 15:31:26,806 | INFO | GET /js/auth.js -> 304 (2ms) [anonymous]
2026-10-07 15:31:26,809 | INFO | GET /js/leads.js -> 304 (0ms) [anonymous]
2026-10-07 15:31:26,869 | INFO | GET /components/sidebar.html -> 304 (2ms) [anonymous]
2026-10-07 15:31:26,875 | INFO | GET /components/navbar.html -> 304 (6ms) [anonymous]
2026-10-07 15:31:26,877 | INFO | GET /components/footer.html -> 304 (3ms) [anonymous]
2026-10-07 15:31:26,879 | INFO | GET /components/modals.html -> 304 (2ms) [anonymous]
2026-10-07 15:31:26,906 | INFO | GET /api/auth/notifications -> 200 (1ms) [prasanna]
2026-10-07 15:31:26,908 | INFO | GET /api/companies -> 200 (0ms) [prasanna]
2026-10-07 15:31:29,649 | INFO | GET /pages/leads.html -> 304 (0ms) [anonymous]
2026-10-07 15:31:29,682 | INFO | GET /css/style.css -> 304 (1ms) [anonymous]
2026-10-07 15:31:29,688 | INFO | GET /css/dashboard.css -> 304 (1ms) [anonymous]
2026-10-07 15:31:29,695 | INFO | GET /css/responsive.css -> 304 (5ms) [anonymous]
2026-10-07 15:31:29,697 | INFO | GET /js/auth.js -> 304 (2ms) [anonymous]
2026-10-07 15:31:29,704 | INFO | GET /js/leads.js -> 304 (2ms) [anonymous]
2026-10-07 15:31:29,738 | INFO | GET /components/sidebar.html -> 304 (3ms) [anonymous]
2026-10-07 15:31:29,745 | INFO | GET /components/navbar.html -> 304 (0ms) [anonymous]
2026-10-07 15:31:29,752 | INFO | GET /components/footer.html -> 304 (5ms) [anonymous]
2026-10-07 15:31:29,755 | INFO | GET /components/modals.html -> 304 (4ms) [anonymous]
2026-10-07 15:31:29,784 | INFO | GET /api/auth/notifications -> 200 (0ms) [prasanna]
2026-10-07 15:31:29,787 | INFO | GET /api/leads -> 200 (0ms) [prasanna]
2026-10-07 15:31:36,783 | INFO | GET /pages/developers.html -> 304 (0ms) [anonymous]
2026-10-07 15:31:36,809 | INFO | GET /css/style.css -> 304 (1ms) [anonymous]
2026-10-07 15:31:36,831 | INFO | GET /js/developers.js -> 304 (4ms) [anonymous]
2026-10-07 15:31:36,834 | INFO | GET /js/auth.js -> 304 (3ms) [anonymous]
2026-10-07 15:31:36,836 | INFO | GET /css/responsive.css -> 304 (2ms) [anonymous]
2026-10-07 15:31:36,839 | INFO | GET /css/dashboard.css -> 304 (3ms) [anonymous]
2026-10-07 15:31:36,890 | INFO | GET /components/sidebar.html -> 304 (2ms) [anonymous]
2026-10-07 15:31:36,891 | INFO | GET /components/navbar.html -> 304 (1ms) [anonymous]
2026-10-07 15:31:36,898 | INFO | GET /components/footer.html -> 304 (4ms) [anonymous]
2026-10-07 15:31:36,914 | INFO | GET /components/modals.html -> 304 (6ms) [anonymous]
2026-10-07 15:31:36,935 | INFO | GET /api/auth/notifications -> 200 (0ms) [prasanna]
2026-10-07 15:31:36,937 | INFO | GET /api/developers -> 200 (0ms) [prasanna]
2026-10-07 15:31:44,845 | INFO | GET /api/developers/dev_75c35a552fa5 -> 200 (0ms) [prasanna]
2026-10-07 15:31:50,932 | INFO | GET /pages/followups.html -> 304 (0ms) [anonymous]
2026-10-07 15:31:50,974 | INFO | GET /css/style.css -> 304 (0ms) [anonymous]
2026-10-07 15:31:50,988 | INFO | GET /css/dashboard.css -> 304 (1ms) [anonymous]
2026-10-07 15:31:50,991 | INFO | GET /css/responsive.css -> 304 (2ms) [anonymous]
2026-10-07 15:31:50,993 | INFO | GET /js/leads.js -> 304 (2ms) [anonymous]
2026-10-07 15:31:50,999 | INFO | GET /js/auth.js -> 304 (3ms) [anonymous]
2026-10-07 15:31:51,043 | INFO | GET /components/sidebar.html -> 304 (2ms) [anonymous]
2026-10-07 15:31:51,046 | INFO | GET /components/navbar.html -> 304 (3ms) [anonymous]
2026-10-07 15:31:51,048 | INFO | GET /components/footer.html -> 304 (2ms) [anonymous]
2026-10-07 15:31:51,061 | INFO | GET /components/modals.html -> 304 (1ms) [anonymous]
2026-10-07 15:31:51,088 | INFO | GET /api/auth/notifications -> 200 (0ms) [prasanna]
2026-10-07 15:31:51,091 | INFO | GET /api/employees -> 200 (0ms) [prasanna]
2026-10-07 15:31:51,097 | INFO | GET /api/followups -> 200 (0ms) [prasanna]
2026-10-07 15:31:52,454 | INFO | GET /pages/leads.html -> 304 (0ms) [anonymous]
2026-10-07 15:31:52,483 | INFO | GET /css/style.css -> 304 (3ms) [anonymous]
2026-10-07 15:31:52,489 | INFO | GET /css/dashboard.css -> 304 (3ms) [anonymous]
2026-10-07 15:31:52,496 | INFO | GET /js/auth.js -> 304 (2ms) [anonymous]
2026-10-07 15:31:52,510 | INFO | GET /css/responsive.css -> 304 (5ms) [anonymous]
2026-10-07 15:31:52,511 | INFO | GET /js/leads.js -> 304 (1ms) [anonymous]
2026-10-07 15:31:52,560 | INFO | GET /components/sidebar.html -> 304 (2ms) [anonymous]
2026-10-07 15:31:52,563 | INFO | GET /components/navbar.html -> 304 (3ms) [anonymous]
2026-10-07 15:31:52,566 | INFO | GET /components/footer.html -> 304 (4ms) [anonymous]
2026-10-07 15:31:52,570 | INFO | GET /components/modals.html -> 304 (0ms) [anonymous]
2026-10-07 15:31:52,603 | INFO | GET /api/auth/notifications -> 200 (0ms) [prasanna]
2026-10-07 15:31:52,609 | INFO | GET /api/leads -> 200 (0ms) [prasanna]
2026-10-07 15:31:57,796 | INFO | GET /pages/employees.html -> 200 (0ms) [anonymous]
2026-10-07 15:31:57,821 | INFO | GET /css/style.css -> 304 (0ms) [anonymous]
2026-10-07 15:31:57,840 | INFO | GET /css/dashboard.css -> 304 (1ms) [anonymous]
2026-10-07 15:31:57,845 | INFO | GET /js/auth.js -> 304 (3ms) [anonymous]
2026-10-07 15:31:57,849 | INFO | GET /css/responsive.css -> 304 (1ms) [anonymous]
2026-10-07 15:31:57,853 | INFO | GET /js/employees.js -> 200 (1ms) [anonymous]
2026-10-07 15:31:57,913 | INFO | GET /components/sidebar.html -> 304 (6ms) [anonymous]
2026-10-07 15:31:57,918 | INFO | GET /components/navbar.html -> 304 (0ms) [anonymous]
2026-10-07 15:31:57,924 | INFO | GET /components/footer.html -> 304 (2ms) [anonymous]
2026-10-07 15:31:57,933 | INFO | GET /components/modals.html -> 304 (6ms) [anonymous]
2026-10-07 15:31:57,964 | INFO | GET /api/auth/notifications -> 200 (0ms) [prasanna]
2026-10-07 15:31:57,974 | INFO | GET /api/roles -> 200 (0ms) [prasanna]
2026-10-07 15:31:57,989 | INFO | GET /api/employees -> 200 (0ms) [prasanna]
2026-10-07 15:31:57,994 | INFO | GET /api/employees -> 200 (1ms) [prasanna]
2026-10-07 15:32:11,205 | INFO | GET /api/employees -> 200 (0ms) [prasanna]
2026-10-07 15:32:17,347 | INFO | GET /api/employees -> 200 (0ms) [prasanna]
2026-10-07 15:32:24,576 | INFO | GET /api/employees -> 200 (0ms) [prasanna]
2026-10-07 15:32:27,911 | INFO | GET /pages/developers.html -> 304 (0ms) [anonymous]
2026-10-07 15:32:27,935 | INFO | GET /css/style.css -> 304 (0ms) [anonymous]
2026-10-07 15:32:27,960 | INFO | GET /css/dashboard.css -> 304 (5ms) [anonymous]
2026-10-07 15:32:27,962 | INFO | GET /css/responsive.css -> 304 (4ms) [anonymous]
2026-10-07 15:32:27,964 | INFO | GET /js/auth.js -> 304 (5ms) [anonymous]
2026-10-07 15:32:27,966 | INFO | GET /js/developers.js -> 304 (4ms) [anonymous]
2026-10-07 15:32:28,023 | INFO | GET /components/sidebar.html -> 304 (3ms) [anonymous]
2026-10-07 15:32:28,025 | INFO | GET /components/navbar.html -> 304 (1ms) [anonymous]
2026-10-07 15:32:28,028 | INFO | GET /components/footer.html -> 304 (1ms) [anonymous]
2026-10-07 15:32:28,033 | INFO | GET /components/modals.html -> 304 (4ms) [anonymous]
2026-10-07 15:32:28,076 | INFO | GET /api/auth/notifications -> 200 (1ms) [prasanna]
2026-10-07 15:32:28,079 | INFO | GET /api/developers -> 200 (1ms) [prasanna]
2026-10-07 15:32:35,369 | INFO | GET /pages/employees.html -> 304 (0ms) [anonymous]
2026-10-07 15:32:35,450 | INFO | GET /css/style.css -> 304 (0ms) [anonymous]
2026-10-07 15:32:35,475 | INFO | GET /js/employees.js -> 200 (1ms) [anonymous]
2026-10-07 15:32:35,481 | INFO | GET /js/auth.js -> 304 (2ms) [anonymous]
2026-10-07 15:32:35,484 | INFO | GET /css/responsive.css -> 304 (3ms) [anonymous]
2026-10-07 15:32:35,537 | INFO | GET /css/dashboard.css -> 304 (0ms) [anonymous]
2026-10-07 15:32:35,595 | INFO | GET /components/sidebar.html -> 304 (6ms) [anonymous]
2026-10-07 15:32:35,598 | INFO | GET /components/navbar.html -> 304 (3ms) [anonymous]
2026-10-07 15:32:35,601 | INFO | GET /components/footer.html -> 304 (3ms) [anonymous]
2026-10-07 15:32:35,602 | INFO | GET /components/modals.html -> 304 (1ms) [anonymous]
2026-10-07 15:32:35,630 | INFO | GET /api/auth/notifications -> 200 (0ms) [prasanna]
2026-10-07 15:33:51,399 | INFO | CRM backend ready on http://0.0.0.0:5000
2026-10-07 15:33:51,974 | INFO | CRM backend ready on http://0.0.0.0:5000
2026-10-07 15:33:51,994 | INFO | GET /health -> 200 (0ms) [anonymous]
2026-10-07 15:33:51,997 | INFO | POST /api/auth/login -> 401 (0ms) [anonymous]
2026-10-07 15:33:52,438 | INFO | POST /api/auth/login -> 200 (440ms) [anonymous]
2026-10-07 15:33:52,441 | INFO | GET /api/auth/me -> 200 (0ms) [prasanna]
2026-10-07 15:33:52,442 | INFO | GET /api/leads -> 401 (0ms) [anonymous]
2026-10-07 15:33:52,930 | INFO | POST /api/employees -> 201 (485ms) [prasanna]
2026-10-07 15:33:53,674 | INFO | POST /api/employees -> 201 (478ms) [prasanna]
2026-10-07 15:33:53,905 | INFO | GET /api/employees -> 200 (1ms) [prasanna]
2026-10-07 15:33:54,182 | INFO | POST /api/companies -> 201 (274ms) [prasanna]
2026-10-07 15:33:54,683 | INFO | POST /api/leads -> 201 (271ms) [prasanna]
2026-10-07 15:33:55,030 | INFO | GET /api/leads/lead_441c31f0e019 -> 200 (0ms) [prasanna]
2026-10-07 15:33:55,158 | INFO | POST /api/leads/lead_441c31f0e019/followups -> 201 (125ms) [prasanna]
2026-10-07 15:33:55,508 | INFO | POST /api/leads/lead_441c31f0e019/calls -> 201 (107ms) [prasanna]
2026-10-07 15:33:55,743 | INFO | GET /api/followups -> 200 (0ms) [prasanna]
2026-10-07 15:33:55,746 | INFO | GET /api/calls -> 200 (0ms) [prasanna]
2026-10-07 15:33:56,032 | INFO | POST /api/developers -> 201 (283ms) [prasanna]
2026-10-07 15:33:56,677 | INFO | POST /api/projects -> 201 (341ms) [prasanna]
2026-10-07 15:33:57,036 | INFO | POST /api/projects/prj_4842a288bcdc/tasks -> 201 (49ms) [prasanna]
2026-10-07 15:33:57,408 | INFO | PUT /api/projects/tasks/tsk_359ae0bbebd7 -> 200 (128ms) [prasanna]
2026-10-07 15:33:57,808 | INFO | POST /api/projects/prj_4842a288bcdc/updates -> 201 (102ms) [prasanna]
2026-10-07 15:33:58,148 | INFO | POST /api/projects/prj_4842a288bcdc/assignments -> 201 (117ms) [prasanna]
2026-10-07 15:33:58,382 | INFO | GET /api/developers/dev_9ef008c21878 -> 200 (0ms) [prasanna]
2026-10-07 15:33:58,384 | INFO | GET /api/reports/summary -> 200 (0ms) [prasanna]
2026-10-07 15:33:58,388 | INFO | GET /api/reports/dashboard -> 200 (0ms) [prasanna]
2026-10-07 15:33:58,563 | INFO | GET /api/reports/daily -> 200 (172ms) [prasanna]
2026-10-07 15:33:58,672 | INFO | GET /api/reports/weekly -> 200 (104ms) [prasanna]
2026-10-07 15:33:58,717 | INFO | GET /api/reports/monthly -> 200 (42ms) [prasanna]
2026-10-07 15:33:58,771 | INFO | GET /api/reports/yearly -> 200 (52ms) [prasanna]
2026-10-07 15:33:58,796 | INFO | GET /api/reports/export/leads -> 200 (22ms) [prasanna]
2026-10-07 15:33:58,922 | INFO | POST /api/reports/powerbi/export -> 200 (124ms) [prasanna]
2026-10-07 15:33:59,241 | INFO | GET /api/reports/activity -> 200 (0ms) [prasanna]
2026-10-07 15:33:59,721 | INFO | POST /api/auth/login -> 200 (476ms) [anonymous]
2026-10-07 15:33:59,723 | INFO | GET /api/employees -> 200 (0ms) [Jane Employee]
2026-10-07 15:33:59,726 | INFO | POST /api/employees -> 403 (0ms) [Jane Employee]
2026-10-07 15:33:59,959 | INFO | GET /api/reports/summary -> 200 (1ms) [Jane Employee]
2026-10-07 15:34:00,456 | INFO | POST /api/auth/login -> 200 (495ms) [anonymous]
2026-10-07 15:34:00,458 | INFO | GET /api/reports/summary -> 200 (0ms) [John Dev]
2026-10-07 15:34:00,463 | INFO | DELETE /api/leads/lead_441c31f0e019 -> 403 (0ms) [John Dev]
2026-10-07 15:34:00,691 | INFO | GET /api/roles -> 200 (1ms) [prasanna]
2026-10-07 15:34:00,999 | INFO | POST /api/roles -> 201 (305ms) [prasanna]
2026-10-07 15:34:01,241 | INFO | POST /api/roles -> 422 (0ms) [prasanna]
2026-10-07 15:34:01,970 | INFO | POST /api/employees -> 201 (530ms) [prasanna]
2026-10-07 15:34:02,232 | INFO | POST /api/employees -> 422 (0ms) [prasanna]
2026-10-07 15:34:02,926 | INFO | POST /api/auth/login -> 200 (445ms) [anonymous]
2026-10-07 15:34:02,930 | INFO | GET /api/leads -> 200 (1ms) [Rita Role]
2026-10-07 15:34:02,933 | INFO | GET /api/reports/summary -> 200 (1ms) [Rita Role]
2026-10-07 15:34:02,936 | INFO | POST /api/roles -> 403 (0ms) [Rita Role]
2026-10-07 15:34:03,259 | INFO | DELETE /api/roles/role_4a012ff385fd -> 409 (0ms) [prasanna]
2026-10-07 15:34:03,818 | INFO | DELETE /api/employees/emp_d768e4e75580 -> 200 (355ms) [prasanna]
2026-10-07 15:34:04,380 | INFO | DELETE /api/roles/role_4a012ff385fd -> 200 (306ms) [prasanna]
2026-10-07 15:34:04,677 | INFO | DELETE /api/roles/role_46052807f7bb -> 400 (0ms) [prasanna]
2026-10-07 15:34:05,334 | INFO | POST /api/leads/lead_441c31f0e019/assign -> 200 (396ms) [prasanna]
2026-10-07 15:34:05,726 | INFO | POST /api/projects/prj_4842a288bcdc/tasks -> 201 (122ms) [prasanna]
2026-10-07 15:34:06,366 | INFO | PUT /api/projects/prj_4842a288bcdc -> 200 (263ms) [prasanna]
2026-10-07 15:34:06,622 | INFO | GET /api/employees/emp_3f411aa8cd83 -> 200 (0ms) [prasanna]
2026-10-07 15:34:06,959 | INFO | POST /api/leads/lead_441c31f0e019/assign -> 200 (335ms) [prasanna]
2026-10-07 15:34:07,349 | INFO | PUT /api/projects/tasks/tsk_41b6675fbf12 -> 200 (127ms) [prasanna]
2026-10-07 15:34:08,071 | INFO | PUT /api/projects/prj_4842a288bcdc -> 200 (491ms) [prasanna]
2026-10-07 15:34:08,327 | INFO | GET /api/employees/emp_3f411aa8cd83 -> 200 (0ms) [prasanna]
2026-10-07 15:34:08,807 | INFO | DELETE /api/leads/lead_441c31f0e019 -> 200 (478ms) [prasanna]
2026-10-07 15:34:09,659 | INFO | DELETE /api/projects/prj_4842a288bcdc -> 200 (551ms) [prasanna]
2026-10-07 15:34:10,020 | INFO | PUT /api/auth/change-password -> 403 (0ms) [Jane Employee]
2026-10-07 15:34:10,302 | INFO | POST /api/auth/register -> 403 (0ms) [Jane Employee]
2026-10-07 15:34:11,059 | INFO | PUT /api/auth/change-password -> 200 (438ms) [prasanna]
2026-10-07 15:34:11,775 | INFO | PUT /api/employees/emp_3f411aa8cd83 -> 200 (446ms) [prasanna]
2026-10-07 15:34:12,586 | INFO | POST /api/auth/login -> 200 (528ms) [anonymous]
2026-10-07 15:34:12,917 | INFO | DELETE /api/employees/emp_3f411aa8cd83 -> 200 (329ms) [prasanna]
2026-10-07 15:34:13,566 | INFO | DELETE /api/employees/emp_4a3d15790eaa -> 200 (384ms) [prasanna]
2026-10-07 15:34:26,041 | INFO | CRM backend ready on http://0.0.0.0:5001
2026-10-07 15:34:26,934 | INFO | GET /health -> 200 (0ms) [anonymous]
2026-10-07 15:37:16,472 | INFO | GET /pages/employees.html -> 304 (1ms) [anonymous]
2026-10-07 15:37:16,505 | INFO | GET /css/style.css -> 304 (1ms) [anonymous]
2026-10-07 15:37:16,513 | INFO | GET /css/dashboard.css -> 304 (4ms) [anonymous]
2026-10-07 15:37:16,527 | INFO | GET /css/responsive.css -> 304 (2ms) [anonymous]
2026-10-07 15:37:16,528 | INFO | GET /js/auth.js -> 304 (2ms) [anonymous]
2026-10-07 15:37:16,532 | INFO | GET /js/employees.js -> 200 (1ms) [anonymous]
2026-10-07 15:37:16,586 | INFO | GET /components/sidebar.html -> 304 (0ms) [anonymous]
2026-10-07 15:37:16,606 | INFO | GET /components/navbar.html -> 304 (0ms) [anonymous]
2026-10-07 15:37:16,613 | INFO | GET /components/footer.html -> 304 (2ms) [anonymous]
2026-10-07 15:37:16,622 | INFO | GET /components/modals.html -> 304 (1ms) [anonymous]
2026-10-07 15:37:16,640 | INFO | GET /api/auth/notifications -> 200 (0ms) [prasanna]
2026-10-07 15:37:16,647 | INFO | GET /api/roles -> 200 (0ms) [prasanna]
2026-10-07 15:37:16,667 | INFO | GET /api/employees -> 200 (1ms) [prasanna]
2026-10-07 15:37:16,673 | INFO | GET /api/employees -> 200 (0ms) [prasanna]
2026-10-07 15:40:11,052 | INFO | POST /api/employees -> 201 (675ms) [prasanna]
2026-10-07 15:40:11,374 | INFO | GET /api/employees -> 200 (0ms) [prasanna]
2026-10-07 15:40:11,401 | INFO | GET /api/employees -> 200 (0ms) [prasanna]
2026-10-07 15:40:21,733 | INFO | GET /api/employees/emp_3dbe82c7aa1d -> 200 (0ms) [prasanna]
2026-10-07 15:40:21,736 | INFO | GET /api/leads -> 200 (1ms) [prasanna]
2026-10-07 15:40:21,746 | INFO | GET /api/projects -> 200 (3ms) [prasanna]
2026-10-07 15:40:52,102 | INFO | GET /pages/leads.html -> 304 (0ms) [anonymous]
2026-10-07 15:40:52,134 | INFO | GET /css/style.css -> 304 (2ms) [anonymous]
2026-10-07 15:40:52,148 | INFO | GET /css/dashboard.css -> 304 (3ms) [anonymous]
2026-10-07 15:40:52,161 | INFO | GET /css/responsive.css -> 304 (5ms) [anonymous]
2026-10-07 15:40:52,164 | INFO | GET /js/leads.js -> 304 (2ms) [anonymous]
2026-10-07 15:40:52,164 | INFO | GET /js/auth.js -> 304 (7ms) [anonymous]
2026-10-07 15:40:52,213 | INFO | GET /components/sidebar.html -> 304 (6ms) [anonymous]
2026-10-07 15:40:52,220 | INFO | GET /components/navbar.html -> 304 (4ms) [anonymous]
2026-10-07 15:40:52,221 | INFO | GET /components/footer.html -> 304 (3ms) [anonymous]
2026-10-07 15:40:52,231 | INFO | GET /components/modals.html -> 304 (2ms) [anonymous]
2026-10-07 15:40:52,267 | INFO | GET /api/auth/notifications -> 200 (0ms) [prasanna]
2026-10-07 15:40:52,273 | INFO | GET /api/leads -> 200 (0ms) [prasanna]
2026-10-07 15:40:54,335 | INFO | GET /api/employees -> 200 (0ms) [prasanna]
2026-10-07 15:40:54,339 | INFO | GET /api/companies -> 200 (2ms) [prasanna]
2026-10-07 15:42:37,021 | INFO | POST /api/leads -> 201 (523ms) [prasanna]
2026-10-07 15:42:37,325 | INFO | GET /api/leads -> 200 (0ms) [prasanna]
2026-10-07 15:42:48,398 | INFO | GET /pages/login.html -> 200 (38ms) [anonymous]
2026-10-07 15:42:48,440 | INFO | GET /css/style.css -> 304 (2ms) [anonymous]
2026-10-07 15:42:48,466 | INFO | GET /css/login.css -> 304 (1ms) [anonymous]
2026-10-07 15:42:48,473 | INFO | GET /css/responsive.css -> 304 (2ms) [anonymous]
2026-10-07 15:42:48,477 | INFO | GET /js/auth.js -> 304 (1ms) [anonymous]
2026-10-07 15:42:53,513 | INFO | POST /api/auth/login -> 200 (520ms) [anonymous]
2026-10-07 15:42:53,956 | INFO | GET /pages/employee-dashboard.html -> 200 (53ms) [anonymous]
2026-10-07 15:42:53,996 | INFO | GET /css/style.css -> 304 (1ms) [anonymous]
2026-10-07 15:42:54,023 | INFO | GET /css/dashboard.css -> 304 (4ms) [anonymous]
2026-10-07 15:42:54,027 | INFO | GET /css/responsive.css -> 304 (5ms) [anonymous]
2026-10-07 15:42:54,033 | INFO | GET /js/auth.js -> 304 (6ms) [anonymous]
2026-10-07 15:42:54,034 | INFO | GET /js/dashboard.js -> 304 (2ms) [anonymous]
2026-10-07 15:42:54,097 | INFO | GET /components/sidebar.html -> 304 (1ms) [anonymous]
2026-10-07 15:42:54,103 | INFO | GET /components/navbar.html -> 304 (7ms) [anonymous]
2026-10-07 15:42:54,107 | INFO | GET /components/footer.html -> 304 (1ms) [anonymous]
2026-10-07 15:42:54,108 | INFO | GET /components/modals.html -> 304 (0ms) [anonymous]
2026-10-07 15:42:54,139 | INFO | GET /api/auth/notifications -> 200 (0ms) [jeeva]
2026-10-07 15:42:54,145 | INFO | GET /api/reports/dashboard -> 200 (1ms) [jeeva]
2026-10-07 15:42:54,152 | INFO | GET /api/leads -> 200 (0ms) [jeeva]
2026-10-07 15:42:54,167 | INFO | GET /api/followups -> 200 (0ms) [jeeva]
2026-10-07 15:43:07,423 | INFO | GET /pages/projects.html -> 304 (1ms) [anonymous]
2026-10-07 15:43:07,446 | INFO | GET /css/style.css -> 304 (1ms) [anonymous]
2026-10-07 15:43:07,451 | INFO | GET /css/dashboard.css -> 304 (1ms) [anonymous]
2026-10-07 15:43:07,455 | INFO | GET /css/responsive.css -> 304 (3ms) [anonymous]
2026-10-07 15:43:07,460 | INFO | GET /js/auth.js -> 304 (2ms) [anonymous]
2026-10-07 15:43:07,468 | INFO | GET /js/projects.js -> 304 (3ms) [anonymous]
2026-10-07 15:43:07,558 | INFO | GET /components/sidebar.html -> 304 (3ms) [anonymous]
2026-10-07 15:43:07,564 | INFO | GET /components/navbar.html -> 304 (3ms) [anonymous]
2026-10-07 15:43:07,567 | INFO | GET /components/modals.html -> 304 (4ms) [anonymous]
2026-10-07 15:43:07,571 | INFO | GET /components/footer.html -> 304 (5ms) [anonymous]
2026-10-07 15:43:07,647 | INFO | GET /api/auth/notifications -> 200 (0ms) [jeeva]
2026-10-07 15:43:07,664 | INFO | GET /api/companies -> 200 (0ms) [jeeva]
2026-10-07 15:43:07,667 | INFO | GET /api/employees -> 200 (1ms) [jeeva]
2026-10-07 15:43:07,675 | INFO | GET /api/developers -> 200 (0ms) [jeeva]
2026-10-07 15:43:07,699 | INFO | GET /api/projects -> 200 (0ms) [jeeva]
2026-10-07 15:43:09,719 | INFO | GET /pages/followups.html -> 304 (0ms) [anonymous]
2026-10-07 15:43:09,740 | INFO | GET /css/style.css -> 304 (0ms) [anonymous]
2026-10-07 15:43:09,745 | INFO | GET /css/dashboard.css -> 304 (2ms) [anonymous]
2026-10-07 15:43:09,750 | INFO | GET /css/responsive.css -> 304 (3ms) [anonymous]
2026-10-07 15:43:09,758 | INFO | GET /js/leads.js -> 304 (3ms) [anonymous]
2026-10-07 15:43:09,762 | INFO | GET /js/auth.js -> 304 (1ms) [anonymous]
2026-10-07 15:43:09,825 | INFO | GET /components/sidebar.html -> 304 (1ms) [anonymous]
2026-10-07 15:43:09,837 | INFO | GET /components/navbar.html -> 304 (5ms) [anonymous]
2026-10-07 15:43:09,843 | INFO | GET /components/footer.html -> 304 (6ms) [anonymous]
2026-10-07 15:43:09,844 | INFO | GET /components/modals.html -> 304 (3ms) [anonymous]
2026-10-07 15:43:09,895 | INFO | GET /api/employees -> 200 (1ms) [jeeva]
2026-10-07 15:43:09,898 | INFO | GET /api/auth/notifications -> 200 (0ms) [jeeva]
2026-10-07 15:43:09,905 | INFO | GET /api/followups -> 200 (0ms) [jeeva]
2026-10-07 15:43:12,095 | INFO | GET /pages/leads.html -> 304 (0ms) [anonymous]
2026-10-07 15:43:12,117 | INFO | GET /css/style.css -> 304 (3ms) [anonymous]
2026-10-07 15:43:12,122 | INFO | GET /css/dashboard.css -> 304 (1ms) [anonymous]
2026-10-07 15:43:12,125 | INFO | GET /css/responsive.css -> 304 (3ms) [anonymous]
2026-10-07 15:43:12,126 | INFO | GET /js/auth.js -> 304 (2ms) [anonymous]
2026-10-07 15:43:12,131 | INFO | GET /js/leads.js -> 304 (1ms) [anonymous]
2026-10-07 15:43:12,180 | INFO | GET /components/sidebar.html -> 304 (3ms) [anonymous]
2026-10-07 15:43:12,186 | INFO | GET /components/navbar.html -> 304 (8ms) [anonymous]
2026-10-07 15:43:12,189 | INFO | GET /components/footer.html -> 304 (10ms) [anonymous]
2026-10-07 15:43:12,190 | INFO | GET /components/modals.html -> 304 (1ms) [anonymous]
2026-10-07 15:43:12,228 | INFO | GET /api/auth/notifications -> 200 (0ms) [jeeva]
2026-10-07 15:43:12,235 | INFO | GET /api/leads -> 200 (0ms) [jeeva]
2026-10-07 15:43:31,263 | INFO | GET /pages/followups.html -> 304 (1ms) [anonymous]
2026-10-07 15:43:31,287 | INFO | GET /css/style.css -> 304 (0ms) [anonymous]
2026-10-07 15:43:31,297 | INFO | GET /css/dashboard.css -> 304 (5ms) [anonymous]
2026-10-07 15:43:31,297 | INFO | GET /css/responsive.css -> 304 (1ms) [anonymous]
2026-10-07 15:43:31,306 | INFO | GET /js/auth.js -> 304 (5ms) [anonymous]
2026-10-07 15:43:31,307 | INFO | GET /js/leads.js -> 304 (2ms) [anonymous]
2026-10-07 15:43:31,376 | INFO | GET /components/sidebar.html -> 304 (1ms) [anonymous]
2026-10-07 15:43:31,387 | INFO | GET /components/navbar.html -> 304 (4ms) [anonymous]
2026-10-07 15:43:31,395 | INFO | GET /components/footer.html -> 304 (4ms) [anonymous]
2026-10-07 15:43:31,406 | INFO | GET /components/modals.html -> 304 (1ms) [anonymous]
2026-10-07 15:43:31,449 | INFO | GET /api/auth/notifications -> 200 (1ms) [jeeva]
2026-10-07 15:43:31,469 | INFO | GET /api/employees -> 200 (1ms) [jeeva]
2026-10-07 15:43:31,483 | INFO | GET /api/followups -> 200 (0ms) [jeeva]
2026-10-07 15:43:35,090 | INFO | GET /pages/leads.html -> 304 (0ms) [anonymous]
2026-10-07 15:43:35,140 | INFO | GET /css/style.css -> 304 (0ms) [anonymous]
2026-10-07 15:43:35,149 | INFO | GET /js/leads.js -> 304 (2ms) [anonymous]
2026-10-07 15:43:35,150 | INFO | GET /js/auth.js -> 304 (2ms) [anonymous]
2026-10-07 15:43:35,156 | INFO | GET /css/responsive.css -> 304 (5ms) [anonymous]
2026-10-07 15:43:35,158 | INFO | GET /css/dashboard.css -> 304 (2ms) [anonymous]
2026-10-07 15:43:35,208 | INFO | GET /components/sidebar.html -> 304 (1ms) [anonymous]
2026-10-07 15:43:35,218 | INFO | GET /components/navbar.html -> 304 (2ms) [anonymous]
2026-10-07 15:43:35,219 | INFO | GET /components/footer.html -> 304 (1ms) [anonymous]
2026-10-07 15:43:35,223 | INFO | GET /components/modals.html -> 304 (1ms) [anonymous]
2026-10-07 15:43:35,258 | INFO | GET /api/auth/notifications -> 200 (0ms) [jeeva]
2026-10-07 15:43:35,267 | INFO | GET /api/leads -> 200 (1ms) [jeeva]
2026-10-07 15:43:37,349 | INFO | GET /pages/companies.html -> 304 (0ms) [anonymous]
2026-10-07 15:43:37,378 | INFO | GET /css/style.css -> 304 (0ms) [anonymous]
2026-10-07 15:43:37,388 | INFO | GET /css/responsive.css -> 304 (1ms) [anonymous]
2026-10-07 15:43:37,397 | INFO | GET /css/dashboard.css -> 304 (0ms) [anonymous]
2026-10-07 15:43:37,405 | INFO | GET /js/auth.js -> 304 (5ms) [anonymous]
2026-10-07 15:43:37,407 | INFO | GET /js/leads.js -> 304 (2ms) [anonymous]
2026-10-07 15:43:37,449 | INFO | GET /components/sidebar.html -> 304 (3ms) [anonymous]
2026-10-07 15:43:37,452 | INFO | GET /components/navbar.html -> 304 (2ms) [anonymous]
2026-10-07 15:43:37,454 | INFO | GET /components/footer.html -> 304 (2ms) [anonymous]
2026-10-07 15:43:37,456 | INFO | GET /components/modals.html -> 304 (2ms) [anonymous]
2026-10-07 15:43:37,495 | INFO | GET /api/auth/notifications -> 200 (0ms) [jeeva]
2026-10-07 15:43:37,500 | INFO | GET /api/companies -> 200 (1ms) [jeeva]
2026-10-07 15:43:39,429 | INFO | GET /pages/leads.html -> 304 (0ms) [anonymous]
2026-10-07 15:43:39,462 | INFO | GET /css/style.css -> 304 (1ms) [anonymous]
2026-10-07 15:43:39,474 | INFO | GET /css/dashboard.css -> 304 (5ms) [anonymous]
2026-10-07 15:43:39,477 | INFO | GET /css/responsive.css -> 304 (6ms) [anonymous]
2026-10-07 15:43:39,480 | INFO | GET /js/auth.js -> 304 (4ms) [anonymous]
2026-10-07 15:43:39,482 | INFO | GET /js/leads.js -> 304 (2ms) [anonymous]
2026-10-07 15:43:39,529 | INFO | GET /components/sidebar.html -> 304 (0ms) [anonymous]
2026-10-07 15:43:39,533 | INFO | GET /components/navbar.html -> 304 (0ms) [anonymous]
2026-10-07 15:43:39,545 | INFO | GET /components/modals.html -> 304 (8ms) [anonymous]
2026-10-07 15:43:39,548 | INFO | GET /components/footer.html -> 304 (3ms) [anonymous]
2026-10-07 15:43:39,571 | INFO | GET /api/auth/notifications -> 200 (0ms) [jeeva]
2026-10-07 15:43:39,575 | INFO | GET /api/leads -> 200 (0ms) [jeeva]
2026-10-07 15:45:23,380 | INFO | GET /api/leads/lead_40d2ac2ba106 -> 200 (0ms) [jeeva]
2026-10-07 15:45:43,589 | INFO | GET /pages/followups.html -> 304 (0ms) [anonymous]
2026-10-07 15:45:43,614 | INFO | GET /css/style.css -> 304 (0ms) [anonymous]
2026-10-07 15:45:43,619 | INFO | GET /css/dashboard.css -> 304 (1ms) [anonymous]
2026-10-07 15:45:43,629 | INFO | GET /css/responsive.css -> 304 (5ms) [anonymous]
2026-10-07 15:45:43,639 | INFO | GET /js/auth.js -> 304 (3ms) [anonymous]
2026-10-07 15:45:43,644 | INFO | GET /js/leads.js -> 304 (2ms) [anonymous]
2026-10-07 15:45:43,672 | INFO | GET /components/sidebar.html -> 304 (2ms) [anonymous]
2026-10-07 15:45:43,677 | INFO | GET /components/navbar.html -> 304 (5ms) [anonymous]
2026-10-07 15:45:43,685 | INFO | GET /components/footer.html -> 304 (4ms) [anonymous]
2026-10-07 15:45:43,686 | INFO | GET /components/modals.html -> 304 (2ms) [anonymous]
2026-10-07 15:45:43,716 | INFO | GET /api/auth/notifications -> 200 (0ms) [jeeva]
2026-10-07 15:45:43,718 | INFO | GET /api/employees -> 200 (0ms) [jeeva]
2026-10-07 15:45:43,724 | INFO | GET /api/followups -> 200 (2ms) [jeeva]
2026-10-07 15:45:44,964 | INFO | GET /pages/leads.html -> 304 (0ms) [anonymous]
2026-10-07 15:45:44,983 | INFO | GET /css/style.css -> 304 (0ms) [anonymous]
2026-10-07 15:45:44,995 | INFO | GET /css/dashboard.css -> 304 (4ms) [anonymous]
2026-10-07 15:45:45,008 | INFO | GET /js/auth.js -> 304 (3ms) [anonymous]
2026-10-07 15:45:45,011 | INFO | GET /css/responsive.css -> 304 (8ms) [anonymous]
2026-10-07 15:45:45,013 | INFO | GET /js/leads.js -> 304 (3ms) [anonymous]
2026-10-07 15:45:45,064 | INFO | GET /components/sidebar.html -> 304 (2ms) [anonymous]
2026-10-07 15:45:45,066 | INFO | GET /components/navbar.html -> 304 (2ms) [anonymous]
2026-10-07 15:45:45,069 | INFO | GET /components/footer.html -> 304 (1ms) [anonymous]
2026-10-07 15:45:45,074 | INFO | GET /components/modals.html -> 304 (6ms) [anonymous]
2026-10-07 15:45:45,114 | INFO | GET /api/auth/notifications -> 200 (0ms) [jeeva]
2026-10-07 15:45:45,120 | INFO | GET /api/leads -> 200 (0ms) [jeeva]
2026-10-07 15:50:14,331 | INFO | GET /pages/leads.html -> 304 (0ms) [anonymous]
2026-10-07 15:50:14,361 | INFO | GET /css/style.css -> 304 (2ms) [anonymous]
2026-10-07 15:50:14,379 | INFO | GET /css/responsive.css -> 304 (0ms) [anonymous]
2026-10-07 15:50:14,384 | INFO | GET /css/dashboard.css -> 304 (1ms) [anonymous]
2026-10-07 15:50:14,386 | INFO | GET /js/auth.js -> 304 (1ms) [anonymous]
2026-10-07 15:50:14,393 | INFO | GET /js/leads.js -> 304 (1ms) [anonymous]
2026-10-07 15:50:14,448 | INFO | GET /components/sidebar.html -> 304 (2ms) [anonymous]
2026-10-07 15:50:14,452 | INFO | GET /components/navbar.html -> 304 (0ms) [anonymous]
2026-10-07 15:50:14,467 | INFO | GET /components/footer.html -> 304 (1ms) [anonymous]
2026-10-07 15:50:14,485 | INFO | GET /components/modals.html -> 304 (5ms) [anonymous]
2026-10-07 15:50:14,523 | INFO | GET /api/auth/notifications -> 200 (1ms) [jeeva]
2026-10-07 15:50:14,531 | INFO | GET /api/leads -> 200 (0ms) [jeeva]
2026-10-07 15:50:19,856 | INFO | GET /pages/developers.html -> 304 (1ms) [anonymous]
2026-10-07 15:50:19,877 | INFO | GET /css/style.css -> 304 (1ms) [anonymous]
2026-10-07 15:50:19,887 | INFO | GET /css/dashboard.css -> 304 (1ms) [anonymous]
2026-10-07 15:50:19,893 | INFO | GET /css/responsive.css -> 304 (3ms) [anonymous]
2026-10-07 15:50:19,899 | INFO | GET /js/auth.js -> 304 (2ms) [anonymous]
2026-10-07 15:50:19,905 | INFO | GET /js/developers.js -> 304 (2ms) [anonymous]
2026-10-07 15:50:19,980 | INFO | GET /components/sidebar.html -> 304 (1ms) [anonymous]
2026-10-07 15:50:19,992 | INFO | GET /components/navbar.html -> 304 (4ms) [anonymous]
2026-10-07 15:50:19,993 | INFO | GET /components/footer.html -> 304 (2ms) [anonymous]
2026-10-07 15:50:20,001 | INFO | GET /components/modals.html -> 304 (5ms) [anonymous]
2026-10-07 15:50:20,055 | INFO | GET /api/auth/notifications -> 200 (1ms) [jeeva]
2026-10-07 15:50:20,062 | INFO | GET /api/developers -> 200 (0ms) [jeeva]
2026-10-07 15:50:51,105 | INFO | GET /api/developers/dev_9ef008c21878 -> 200 (0ms) [jeeva]
2026-10-07 15:53:36,581 | INFO | CRM backend ready on http://0.0.0.0:5000
2026-10-07 15:53:37,290 | INFO | CRM backend ready on http://0.0.0.0:5000
2026-10-07 15:53:37,318 | INFO | GET /health -> 200 (0ms) [anonymous]
2026-10-07 15:53:37,322 | INFO | POST /api/auth/login -> 401 (1ms) [anonymous]
2026-10-07 15:53:37,859 | INFO | POST /api/auth/login -> 200 (533ms) [anonymous]
2026-10-07 15:53:37,862 | INFO | GET /api/auth/me -> 200 (0ms) [prasanna]
2026-10-07 15:53:37,864 | INFO | GET /api/leads -> 401 (0ms) [anonymous]
2026-10-07 15:53:38,432 | INFO | POST /api/employees -> 201 (566ms) [prasanna]
2026-10-07 15:53:39,287 | INFO | POST /api/employees -> 201 (538ms) [prasanna]
2026-10-07 15:53:39,588 | INFO | GET /api/employees -> 200 (0ms) [prasanna]
2026-10-07 15:53:39,974 | INFO | POST /api/companies -> 201 (383ms) [prasanna]
2026-10-07 15:53:40,557 | INFO | POST /api/leads -> 201 (314ms) [prasanna]
2026-10-07 15:53:40,822 | INFO | GET /api/leads/lead_9d4d784c0d85 -> 200 (1ms) [prasanna]
2026-10-07 15:53:40,939 | INFO | POST /api/leads/lead_9d4d784c0d85/followups -> 201 (115ms) [prasanna]
2026-10-07 15:53:41,351 | INFO | POST /api/leads/lead_9d4d784c0d85/calls -> 201 (138ms) [prasanna]
2026-10-07 15:53:41,783 | INFO | GET /api/followups -> 200 (0ms) [prasanna]
2026-10-07 15:53:41,786 | INFO | GET /api/calls -> 200 (0ms) [prasanna]
2026-10-07 15:53:42,123 | INFO | POST /api/developers -> 201 (335ms) [prasanna]
2026-10-07 15:53:42,776 | INFO | POST /api/projects -> 201 (378ms) [prasanna]
2026-10-07 15:53:43,111 | INFO | POST /api/projects/prj_404a609f3ac0/tasks -> 201 (42ms) [prasanna]
2026-10-07 15:53:43,520 | INFO | PUT /api/projects/tasks/tsk_7c9f5b66e1cf -> 200 (126ms) [prasanna]
2026-10-07 15:53:43,969 | INFO | POST /api/projects/prj_404a609f3ac0/updates -> 201 (107ms) [prasanna]
2026-10-07 15:53:44,358 | INFO | POST /api/projects/prj_404a609f3ac0/assignments -> 201 (113ms) [prasanna]
2026-10-07 15:53:44,635 | INFO | GET /api/developers/dev_cb060f5f507d -> 200 (0ms) [prasanna]
2026-10-07 15:53:44,638 | INFO | GET /api/reports/summary -> 200 (0ms) [prasanna]
2026-10-07 15:53:44,642 | INFO | GET /api/reports/dashboard -> 200 (1ms) [prasanna]
2026-10-07 15:53:44,784 | INFO | GET /api/reports/daily -> 200 (137ms) [prasanna]
2026-10-07 15:53:44,847 | INFO | GET /api/reports/weekly -> 200 (60ms) [prasanna]
2026-10-07 15:53:44,907 | INFO | GET /api/reports/monthly -> 200 (58ms) [prasanna]
2026-10-07 15:53:44,968 | INFO | GET /api/reports/yearly -> 200 (58ms) [prasanna]
2026-10-07 15:53:45,001 | INFO | GET /api/reports/export/leads -> 200 (31ms) [prasanna]
2026-10-07 15:53:45,146 | INFO | POST /api/reports/powerbi/export -> 200 (142ms) [prasanna]
2026-10-07 15:53:45,482 | INFO | GET /api/reports/activity -> 200 (0ms) [prasanna]
2026-10-07 15:53:46,019 | INFO | POST /api/auth/login -> 200 (534ms) [anonymous]
2026-10-07 15:53:46,021 | INFO | GET /api/employees -> 200 (0ms) [Jane Employee]
2026-10-07 15:53:46,024 | INFO | POST /api/employees -> 403 (0ms) [Jane Employee]
2026-10-07 15:53:46,312 | INFO | GET /api/reports/summary -> 200 (1ms) [Jane Employee]
2026-10-07 15:53:46,787 | INFO | POST /api/auth/login -> 200 (473ms) [anonymous]
2026-10-07 15:53:46,789 | INFO | GET /api/reports/summary -> 200 (0ms) [John Dev]
2026-10-07 15:53:46,791 | INFO | DELETE /api/leads/lead_9d4d784c0d85 -> 403 (0ms) [John Dev]
2026-10-07 15:53:47,076 | INFO | GET /api/roles -> 200 (1ms) [prasanna]
2026-10-07 15:53:47,531 | INFO | POST /api/roles -> 201 (452ms) [prasanna]
2026-10-07 15:53:47,857 | INFO | POST /api/roles -> 422 (0ms) [prasanna]
2026-10-07 15:53:48,654 | INFO | POST /api/employees -> 201 (522ms) [prasanna]
2026-10-07 15:53:49,001 | INFO | POST /api/employees -> 422 (0ms) [prasanna]
2026-10-07 15:53:49,672 | INFO | POST /api/auth/login -> 200 (469ms) [anonymous]
2026-10-07 15:53:49,676 | INFO | GET /api/leads -> 200 (0ms) [Rita Role]
2026-10-07 15:53:49,678 | INFO | GET /api/reports/summary -> 200 (0ms) [Rita Role]
2026-10-07 15:53:49,681 | INFO | POST /api/roles -> 403 (0ms) [Rita Role]
2026-10-07 15:53:49,999 | INFO | DELETE /api/roles/role_699ea5b345af -> 409 (0ms) [prasanna]
2026-10-07 15:53:50,684 | INFO | DELETE /api/employees/emp_9e25b2c65251 -> 200 (386ms) [prasanna]
2026-10-07 15:53:51,446 | INFO | DELETE /api/roles/role_699ea5b345af -> 200 (453ms) [prasanna]
2026-10-07 15:53:51,757 | INFO | DELETE /api/roles/role_46052807f7bb -> 400 (0ms) [prasanna]
2026-10-07 15:53:52,589 | INFO | POST /api/leads/lead_9d4d784c0d85/assign -> 200 (502ms) [prasanna]
2026-10-07 15:53:52,978 | INFO | POST /api/projects/prj_404a609f3ac0/tasks -> 201 (134ms) [prasanna]
2026-10-07 15:53:53,680 | INFO | PUT /api/projects/prj_404a609f3ac0 -> 200 (371ms) [prasanna]
2026-10-07 15:53:53,990 | INFO | GET /api/employees/emp_8b5ed1e6e857 -> 200 (0ms) [prasanna]
2026-10-07 15:53:54,386 | INFO | POST /api/leads/lead_9d4d784c0d85/assign -> 200 (393ms) [prasanna]
2026-10-07 15:53:54,746 | INFO | PUT /api/projects/tasks/tsk_77269eaa21cb -> 200 (58ms) [prasanna]
2026-10-07 15:53:55,486 | INFO | PUT /api/projects/prj_404a609f3ac0 -> 200 (381ms) [prasanna]
2026-10-07 15:53:55,807 | INFO | GET /api/employees/emp_8b5ed1e6e857 -> 200 (0ms) [prasanna]
2026-10-07 15:53:56,262 | INFO | POST /api/leads/lead_9d4d784c0d85/assign -> 200 (451ms) [prasanna]
2026-10-07 15:53:57,006 | INFO | POST /api/leads -> 201 (445ms) [prasanna]
2026-10-07 15:53:57,297 | INFO | GET /api/leads -> 200 (0ms) [Jane Employee]
2026-10-07 15:53:57,299 | INFO | GET /api/leads -> 200 (1ms) [John Dev]
2026-10-07 15:53:57,301 | INFO | GET /api/leads/lead_741bff286907 -> 404 (0ms) [Jane Employee]
2026-10-07 15:53:57,303 | INFO | GET /api/leads/lead_9d4d784c0d85 -> 404 (0ms) [John Dev]
2026-10-07 15:53:57,305 | INFO | POST /api/leads/lead_9d4d784c0d85/assign -> 403 (1ms) [Jane Employee]
2026-10-07 15:53:57,595 | INFO | PUT /api/leads/lead_741bff286907 -> 404 (0ms) [Jane Employee]
2026-10-07 15:53:57,794 | INFO | DELETE /api/leads/lead_741bff286907 -> 404 (1ms) [Jane Employee]
2026-10-07 15:53:58,584 | INFO | POST /api/leads -> 201 (506ms) [Jane Employee]
2026-10-07 15:53:58,892 | INFO | GET /api/leads -> 200 (1ms) [John Dev]
2026-10-07 15:53:58,893 | INFO | GET /api/leads/lead_4e282cf91cca -> 404 (0ms) [John Dev]
2026-10-07 15:53:58,896 | INFO | GET /api/followups -> 200 (0ms) [Jane Employee]
2026-10-07 15:53:58,898 | INFO | GET /api/followups -> 200 (0ms) [John Dev]
2026-10-07 15:53:58,901 | INFO | GET /api/leads/lead_741bff286907/followups -> 404 (1ms) [Jane Employee]
2026-10-07 15:53:59,012 | INFO | POST /api/leads/lead_9d4d784c0d85/calls -> 201 (110ms) [Jane Employee]
2026-10-07 15:53:59,319 | INFO | GET /api/calls -> 200 (1ms) [Jane Employee]
2026-10-07 15:53:59,321 | INFO | GET /api/calls -> 200 (0ms) [John Dev]
2026-10-07 15:53:59,696 | INFO | DELETE /api/leads/lead_4e282cf91cca -> 200 (372ms) [Jane Employee]
2026-10-07 15:54:00,480 | INFO | DELETE /api/leads/lead_741bff286907 -> 200 (423ms) [prasanna]
2026-10-07 15:54:01,286 | INFO | DELETE /api/leads/lead_9d4d784c0d85 -> 200 (504ms) [prasanna]
2026-10-07 15:54:02,199 | INFO | DELETE /api/projects/prj_404a609f3ac0 -> 200 (544ms) [prasanna]
2026-10-07 15:54:02,505 | INFO | PUT /api/auth/change-password -> 403 (0ms) [Jane Employee]
2026-10-07 15:54:02,785 | INFO | POST /api/auth/register -> 403 (0ms) [Jane Employee]
2026-10-07 15:54:03,484 | INFO | PUT /api/auth/change-password -> 200 (438ms) [prasanna]
2026-10-07 15:54:04,489 | INFO | PUT /api/employees/emp_8b5ed1e6e857 -> 200 (639ms) [prasanna]
2026-10-07 15:54:05,287 | INFO | POST /api/auth/login -> 200 (496ms) [anonymous]
2026-10-07 15:54:05,734 | INFO | DELETE /api/employees/emp_8b5ed1e6e857 -> 200 (445ms) [prasanna]
2026-10-07 15:54:06,423 | INFO | DELETE /api/employees/emp_4971cf6387d5 -> 200 (373ms) [prasanna]
2026-10-07 15:54:28,279 | INFO | CRM backend ready on http://0.0.0.0:5001
2026-10-07 15:54:28,558 | INFO | GET /health -> 200 (0ms) [anonymous]
2026-10-07 15:57:22,575 | INFO | GET /pages/developers.html -> 304 (0ms) [anonymous]
2026-10-07 15:57:22,599 | INFO | GET /css/style.css -> 304 (1ms) [anonymous]
2026-10-07 15:57:22,608 | INFO | GET /css/dashboard.css -> 304 (1ms) [anonymous]
2026-10-07 15:57:22,624 | INFO | GET /css/responsive.css -> 304 (4ms) [anonymous]
2026-10-07 15:57:22,626 | INFO | GET /js/auth.js -> 304 (2ms) [anonymous]
2026-10-07 15:57:22,627 | INFO | GET /js/developers.js -> 304 (1ms) [anonymous]
2026-10-07 15:57:22,664 | INFO | GET /components/footer.html -> 304 (2ms) [anonymous]
2026-10-07 15:57:22,665 | INFO | GET /components/navbar.html -> 304 (1ms) [anonymous]
2026-10-07 15:57:22,671 | INFO | GET /components/sidebar.html -> 304 (5ms) [anonymous]
2026-10-07 15:57:22,674 | INFO | GET /components/modals.html -> 304 (0ms) [anonymous]
2026-10-07 15:57:22,739 | INFO | GET /api/auth/notifications -> 200 (1ms) [jeeva]
2026-10-07 15:57:22,746 | INFO | GET /api/developers -> 200 (0ms) [jeeva]
2026-10-07 15:57:26,841 | INFO | GET /pages/leads.html -> 304 (0ms) [anonymous]
2026-10-07 15:57:26,863 | INFO | GET /css/style.css -> 304 (0ms) [anonymous]
2026-10-07 15:57:26,883 | INFO | GET /css/dashboard.css -> 304 (4ms) [anonymous]
2026-10-07 15:57:26,890 | INFO | GET /css/responsive.css -> 304 (2ms) [anonymous]
2026-10-07 15:57:26,892 | INFO | GET /js/leads.js -> 200 (2ms) [anonymous]
2026-10-07 15:57:26,900 | INFO | GET /js/auth.js -> 304 (3ms) [anonymous]
2026-10-07 15:57:26,959 | INFO | GET /components/navbar.html -> 304 (1ms) [anonymous]
2026-10-07 15:57:26,968 | INFO | GET /components/sidebar.html -> 304 (5ms) [anonymous]
2026-10-07 15:57:26,974 | INFO | GET /components/footer.html -> 304 (4ms) [anonymous]
2026-10-07 15:57:26,975 | INFO | GET /components/modals.html -> 304 (2ms) [anonymous]
2026-10-07 15:57:27,010 | INFO | GET /api/auth/notifications -> 200 (0ms) [jeeva]
2026-10-07 15:57:27,012 | INFO | GET /api/leads -> 200 (0ms) [jeeva]
2026-10-07 15:57:34,195 | INFO | GET /api/companies -> 200 (0ms) [jeeva]
2026-10-07 15:57:34,197 | INFO | GET /api/employees -> 200 (0ms) [jeeva]
2026-10-07 15:58:39,071 | INFO | GET /pages/login.html -> 304 (2ms) [anonymous]
2026-10-07 15:58:39,110 | INFO | GET /css/style.css -> 304 (1ms) [anonymous]
2026-10-07 15:58:39,130 | INFO | GET /js/auth.js -> 304 (2ms) [anonymous]
2026-10-07 15:58:39,132 | INFO | GET /css/responsive.css -> 304 (2ms) [anonymous]
2026-10-07 15:58:39,133 | INFO | GET /css/login.css -> 304 (1ms) [anonymous]
2026-10-07 15:58:47,327 | INFO | POST /api/auth/login -> 200 (652ms) [anonymous]
2026-10-07 15:58:47,706 | INFO | GET /pages/admin-dashboard.html -> 304 (1ms) [anonymous]
2026-10-07 15:58:47,769 | INFO | GET /css/style.css -> 304 (1ms) [anonymous]
2026-10-07 15:58:47,777 | INFO | GET /css/dashboard.css -> 304 (1ms) [anonymous]
2026-10-07 15:58:47,788 | INFO | GET /css/responsive.css -> 304 (5ms) [anonymous]
2026-10-07 15:58:47,789 | INFO | GET /js/auth.js -> 304 (2ms) [anonymous]
2026-10-07 15:58:47,793 | INFO | GET /js/dashboard.js -> 304 (0ms) [anonymous]
2026-10-07 15:58:47,871 | INFO | GET /components/navbar.html -> 304 (0ms) [anonymous]
2026-10-07 15:58:47,875 | INFO | GET /components/sidebar.html -> 304 (0ms) [anonymous]
2026-10-07 15:58:47,895 | INFO | GET /components/footer.html -> 304 (1ms) [anonymous]
2026-10-07 15:58:47,902 | INFO | GET /components/modals.html -> 304 (1ms) [anonymous]
2026-10-07 15:58:47,942 | INFO | GET /api/auth/notifications -> 200 (0ms) [prasanna]
2026-10-07 15:58:47,961 | INFO | GET /api/reports/dashboard -> 200 (0ms) [prasanna]
2026-10-07 15:58:47,968 | INFO | GET /api/leads -> 200 (1ms) [prasanna]
2026-10-07 15:58:47,985 | INFO | GET /api/followups -> 200 (1ms) [prasanna]
2026-10-07 15:58:47,989 | INFO | GET /api/employees -> 200 (1ms) [prasanna]
2026-10-07 15:59:00,875 | INFO | GET /pages/employees.html -> 304 (0ms) [anonymous]
2026-10-07 15:59:00,933 | INFO | GET /css/style.css -> 304 (0ms) [anonymous]
2026-10-07 15:59:00,948 | INFO | GET /css/dashboard.css -> 304 (0ms) [anonymous]
2026-10-07 15:59:00,964 | INFO | GET /css/responsive.css -> 304 (1ms) [anonymous]
2026-10-07 15:59:00,980 | INFO | GET /js/auth.js -> 304 (3ms) [anonymous]
2026-10-07 15:59:01,016 | INFO | GET /js/employees.js -> 304 (0ms) [anonymous]
2026-10-07 15:59:01,059 | INFO | GET /components/navbar.html -> 304 (0ms) [anonymous]
2026-10-07 15:59:01,066 | INFO | GET /components/sidebar.html -> 304 (3ms) [anonymous]
2026-10-07 15:59:01,066 | INFO | GET /components/footer.html -> 304 (2ms) [anonymous]
2026-10-07 15:59:01,073 | INFO | GET /components/modals.html -> 304 (3ms) [anonymous]
2026-10-07 15:59:01,115 | INFO | GET /api/auth/notifications -> 200 (2ms) [prasanna]
2026-10-07 15:59:01,130 | INFO | GET /api/roles -> 200 (1ms) [prasanna]
2026-10-07 15:59:01,197 | INFO | GET /api/employees -> 200 (0ms) [prasanna]
2026-10-07 15:59:01,221 | INFO | GET /api/employees -> 200 (4ms) [prasanna]
2026-10-07 16:00:05,232 | INFO | POST /api/employees -> 201 (955ms) [prasanna]
2026-10-07 16:00:05,718 | INFO | GET /api/employees -> 200 (0ms) [prasanna]
2026-10-07 16:00:05,721 | INFO | GET /api/employees -> 200 (0ms) [prasanna]
2026-10-07 16:00:15,836 | INFO | GET /pages/leads.html -> 304 (2ms) [anonymous]
2026-10-07 16:00:15,860 | INFO | GET /css/style.css -> 304 (2ms) [anonymous]
2026-10-07 16:00:15,873 | INFO | GET /css/dashboard.css -> 304 (0ms) [anonymous]
2026-10-07 16:00:15,879 | INFO | GET /css/responsive.css -> 304 (1ms) [anonymous]
2026-10-07 16:00:15,890 | INFO | GET /js/auth.js -> 304 (0ms) [anonymous]
2026-10-07 16:00:15,896 | INFO | GET /js/leads.js -> 304 (0ms) [anonymous]
2026-10-07 16:00:15,931 | INFO | GET /components/sidebar.html -> 304 (0ms) [anonymous]
2026-10-07 16:00:15,935 | INFO | GET /components/navbar.html -> 304 (2ms) [anonymous]
2026-10-07 16:00:15,940 | INFO | GET /components/footer.html -> 304 (5ms) [anonymous]
2026-10-07 16:00:15,947 | INFO | GET /components/modals.html -> 304 (0ms) [anonymous]
2026-10-07 16:00:16,019 | INFO | GET /api/auth/notifications -> 200 (0ms) [prasanna]
2026-10-07 16:00:16,023 | INFO | GET /api/leads -> 200 (0ms) [prasanna]
2026-10-07 16:00:17,031 | INFO | GET /pages/followups.html -> 304 (0ms) [anonymous]
2026-10-07 16:00:17,054 | INFO | GET /css/style.css -> 304 (3ms) [anonymous]
2026-10-07 16:00:17,073 | INFO | GET /css/responsive.css -> 304 (3ms) [anonymous]
2026-10-07 16:00:17,081 | INFO | GET /css/dashboard.css -> 304 (2ms) [anonymous]
2026-10-07 16:00:17,083 | INFO | GET /js/auth.js -> 304 (2ms) [anonymous]
2026-10-07 16:00:17,087 | INFO | GET /js/leads.js -> 304 (1ms) [anonymous]
2026-10-07 16:00:17,142 | INFO | GET /components/sidebar.html -> 304 (2ms) [anonymous]
2026-10-07 16:00:17,146 | INFO | GET /components/navbar.html -> 304 (1ms) [anonymous]
2026-10-07 16:00:17,153 | INFO | GET /components/footer.html -> 304 (4ms) [anonymous]
2026-10-07 16:00:17,165 | INFO | GET /components/modals.html -> 304 (0ms) [anonymous]
2026-10-07 16:00:17,187 | INFO | GET /api/auth/notifications -> 200 (1ms) [prasanna]
2026-10-07 16:00:17,189 | INFO | GET /api/employees -> 200 (0ms) [prasanna]
2026-10-07 16:00:17,194 | INFO | GET /api/followups -> 200 (0ms) [prasanna]
2026-10-07 16:00:23,700 | INFO | PUT /api/followups/fup_cdfcae83541b -> 200 (44ms) [prasanna]
2026-10-07 16:00:24,062 | INFO | GET /api/followups -> 200 (1ms) [prasanna]
2026-10-07 16:00:30,865 | INFO | GET /pages/companies.html -> 304 (1ms) [anonymous]
2026-10-07 16:00:30,959 | INFO | GET /css/style.css -> 304 (0ms) [anonymous]
2026-10-07 16:00:30,963 | INFO | GET /css/dashboard.css -> 304 (2ms) [anonymous]
2026-10-07 16:00:30,966 | INFO | GET /css/responsive.css -> 304 (0ms) [anonymous]
2026-10-07 16:00:30,997 | INFO | GET /js/auth.js -> 304 (1ms) [anonymous]
2026-10-07 16:00:31,013 | INFO | GET /js/leads.js -> 304 (3ms) [anonymous]
2026-10-07 16:00:31,039 | INFO | GET /components/sidebar.html -> 304 (4ms) [anonymous]
2026-10-07 16:00:31,042 | INFO | GET /components/navbar.html -> 304 (6ms) [anonymous]
2026-10-07 16:00:31,045 | INFO | GET /components/footer.html -> 304 (7ms) [anonymous]
2026-10-07 16:00:31,047 | INFO | GET /components/modals.html -> 304 (2ms) [anonymous]
2026-10-07 16:00:31,104 | INFO | GET /api/auth/notifications -> 200 (0ms) [prasanna]
2026-10-07 16:00:31,108 | INFO | GET /api/companies -> 200 (2ms) [prasanna]
2026-10-07 16:00:32,574 | INFO | GET /pages/leads.html -> 304 (0ms) [anonymous]
2026-10-07 16:00:32,624 | INFO | GET /css/style.css -> 304 (1ms) [anonymous]
2026-10-07 16:00:32,648 | INFO | GET /css/dashboard.css -> 304 (2ms) [anonymous]
2026-10-07 16:00:32,648 | INFO | GET /css/responsive.css -> 304 (1ms) [anonymous]
2026-10-07 16:00:32,652 | INFO | GET /js/auth.js -> 304 (3ms) [anonymous]
2026-10-07 16:00:32,657 | INFO | GET /js/leads.js -> 304 (4ms) [anonymous]
2026-10-07 16:00:32,699 | INFO | GET /components/navbar.html -> 304 (2ms) [anonymous]
2026-10-07 16:00:32,700 | INFO | GET /components/sidebar.html -> 304 (1ms) [anonymous]
2026-10-07 16:00:32,709 | INFO | GET /components/footer.html -> 304 (7ms) [anonymous]
2026-10-07 16:00:32,710 | INFO | GET /components/modals.html -> 304 (2ms) [anonymous]
2026-10-07 16:00:32,750 | INFO | GET /api/auth/notifications -> 200 (0ms) [prasanna]
2026-10-07 16:00:32,758 | INFO | GET /api/leads -> 200 (1ms) [prasanna]
2026-10-07 16:00:35,548 | INFO | GET /api/companies -> 200 (1ms) [prasanna]
2026-10-07 16:00:35,558 | INFO | GET /api/employees -> 200 (1ms) [prasanna]
2026-10-07 16:01:45,627 | INFO | POST /api/leads -> 201 (676ms) [prasanna]
2026-10-07 16:01:46,008 | INFO | GET /api/leads -> 200 (1ms) [prasanna]
2026-10-07 16:01:53,571 | INFO | GET /pages/login.html -> 304 (1ms) [anonymous]
2026-10-07 16:01:53,600 | INFO | GET /css/style.css -> 304 (1ms) [anonymous]
2026-10-07 16:01:53,612 | INFO | GET /css/login.css -> 304 (2ms) [anonymous]
2026-10-07 16:01:53,616 | INFO | GET /css/responsive.css -> 304 (2ms) [anonymous]
2026-10-07 16:01:53,618 | INFO | GET /js/auth.js -> 304 (2ms) [anonymous]
2026-10-07 16:02:01,979 | INFO | POST /api/auth/login -> 200 (779ms) [anonymous]
2026-10-07 16:02:02,659 | INFO | GET /pages/developer-dashboard.html -> 200 (296ms) [anonymous]
2026-10-07 16:02:02,706 | INFO | GET /css/style.css -> 304 (1ms) [anonymous]
2026-10-07 16:02:02,716 | INFO | GET /css/dashboard.css -> 304 (2ms) [anonymous]
2026-10-07 16:02:02,724 | INFO | GET /css/responsive.css -> 304 (3ms) [anonymous]
2026-10-07 16:02:02,725 | INFO | GET /js/dashboard.js -> 304 (1ms) [anonymous]
2026-10-07 16:02:02,728 | INFO | GET /js/auth.js -> 304 (0ms) [anonymous]
2026-10-07 16:02:02,790 | INFO | GET /components/sidebar.html -> 304 (0ms) [anonymous]
2026-10-07 16:02:02,795 | INFO | GET /components/navbar.html -> 304 (1ms) [anonymous]
2026-10-07 16:02:02,804 | INFO | GET /components/footer.html -> 304 (2ms) [anonymous]
2026-10-07 16:02:02,808 | INFO | GET /components/modals.html -> 304 (2ms) [anonymous]
2026-10-07 16:02:02,834 | INFO | GET /api/projects -> 200 (0ms) [mohan]
2026-10-07 16:02:02,836 | INFO | GET /api/projects/tasks/all -> 200 (0ms) [mohan]
2026-10-07 16:02:02,838 | INFO | GET /api/auth/notifications -> 200 (0ms) [mohan]
2026-10-07 16:02:02,840 | INFO | GET /api/reports/dashboard -> 200 (0ms) [mohan]
2026-10-07 16:02:07,219 | INFO | GET /pages/projects.html -> 304 (0ms) [anonymous]
2026-10-07 16:02:07,240 | INFO | GET /css/style.css -> 304 (1ms) [anonymous]
2026-10-07 16:02:07,253 | INFO | GET /js/auth.js -> 304 (7ms) [anonymous]
2026-10-07 16:02:07,263 | INFO | GET /css/responsive.css -> 304 (1ms) [anonymous]
2026-10-07 16:02:07,272 | INFO | GET /css/dashboard.css -> 304 (4ms) [anonymous]
2026-10-07 16:02:07,274 | INFO | GET /js/projects.js -> 200 (3ms) [anonymous]
2026-10-07 16:02:07,373 | INFO | GET /components/sidebar.html -> 304 (3ms) [anonymous]
2026-10-07 16:02:07,376 | INFO | GET /components/navbar.html -> 304 (4ms) [anonymous]
2026-10-07 16:02:07,383 | INFO | GET /components/footer.html -> 304 (7ms) [anonymous]
2026-10-07 16:02:07,386 | INFO | GET /components/modals.html -> 304 (6ms) [anonymous]
2026-10-07 16:02:07,452 | INFO | GET /api/auth/notifications -> 200 (6ms) [mohan]
2026-10-07 16:02:07,456 | INFO | GET /api/companies -> 200 (0ms) [mohan]
2026-10-07 16:02:07,459 | INFO | GET /api/employees -> 200 (0ms) [mohan]
2026-10-07 16:02:07,462 | INFO | GET /api/developers -> 200 (0ms) [mohan]
2026-10-07 16:02:07,489 | INFO | GET /api/projects -> 200 (0ms) [mohan]
2026-10-07 16:02:11,072 | INFO | GET /pages/developer-dashboard.html -> 304 (2ms) [anonymous]
2026-10-07 16:02:11,104 | INFO | GET /css/style.css -> 304 (2ms) [anonymous]
2026-10-07 16:02:11,117 | INFO | GET /css/dashboard.css -> 304 (1ms) [anonymous]
2026-10-07 16:02:11,131 | INFO | GET /css/responsive.css -> 304 (4ms) [anonymous]
2026-10-07 16:02:11,157 | INFO | GET /js/dashboard.js -> 304 (3ms) [anonymous]
2026-10-07 16:02:11,163 | INFO | GET /js/auth.js -> 304 (13ms) [anonymous]
2026-10-07 16:02:11,222 | INFO | GET /components/sidebar.html -> 304 (2ms) [anonymous]
2026-10-07 16:02:11,226 | INFO | GET /components/navbar.html -> 304 (4ms) [anonymous]
2026-10-07 16:02:11,235 | INFO | GET /components/footer.html -> 304 (9ms) [anonymous]
2026-10-07 16:02:11,236 | INFO | GET /components/modals.html -> 304 (2ms) [anonymous]
2026-10-07 16:02:11,313 | INFO | GET /api/auth/notifications -> 200 (3ms) [mohan]
2026-10-07 16:02:11,319 | INFO | GET /api/reports/dashboard -> 200 (0ms) [mohan]
2026-10-07 16:02:11,323 | INFO | GET /api/projects -> 200 (0ms) [mohan]
2026-10-07 16:02:11,326 | INFO | GET /api/projects/tasks/all -> 200 (0ms) [mohan]
2026-10-07 16:02:12,912 | INFO | GET /pages/projects.html -> 304 (0ms) [anonymous]
2026-10-07 16:02:12,934 | INFO | GET /css/style.css -> 304 (1ms) [anonymous]
2026-10-07 16:02:12,940 | INFO | GET /css/dashboard.css -> 304 (2ms) [anonymous]
2026-10-07 16:02:12,954 | INFO | GET /css/responsive.css -> 304 (4ms) [anonymous]
2026-10-07 16:02:12,955 | INFO | GET /js/auth.js -> 304 (2ms) [anonymous]
2026-10-07 16:02:12,956 | INFO | GET /js/projects.js -> 304 (2ms) [anonymous]
2026-10-07 16:02:13,008 | INFO | GET /components/sidebar.html -> 304 (1ms) [anonymous]
2026-10-07 16:02:13,016 | INFO | GET /components/footer.html -> 304 (2ms) [anonymous]
2026-10-07 16:02:13,022 | INFO | GET /components/modals.html -> 304 (2ms) [anonymous]
2026-10-07 16:02:13,024 | INFO | GET /components/navbar.html -> 304 (5ms) [anonymous]
2026-10-07 16:02:13,058 | INFO | GET /api/auth/notifications -> 200 (1ms) [mohan]
2026-10-07 16:02:13,063 | INFO | GET /api/companies -> 200 (1ms) [mohan]
2026-10-07 16:02:13,069 | INFO | GET /api/employees -> 200 (0ms) [mohan]
2026-10-07 16:02:13,085 | INFO | GET /api/developers -> 200 (0ms) [mohan]
2026-10-07 16:02:13,109 | INFO | GET /api/projects -> 200 (1ms) [mohan]
2026-10-07 16:02:15,004 | INFO | GET /pages/settings.html -> 304 (2ms) [anonymous]
2026-10-07 16:02:15,027 | INFO | GET /css/style.css -> 304 (3ms) [anonymous]
2026-10-07 16:02:15,041 | INFO | GET /css/responsive.css -> 304 (3ms) [anonymous]
2026-10-07 16:02:15,044 | INFO | GET /css/dashboard.css -> 304 (3ms) [anonymous]
2026-10-07 16:02:15,046 | INFO | GET /js/auth.js -> 304 (2ms) [anonymous]
2026-10-07 16:02:15,049 | INFO | GET /js/dashboard.js -> 304 (0ms) [anonymous]
2026-10-07 16:02:15,195 | INFO | GET /components/sidebar.html -> 304 (0ms) [anonymous]
2026-10-07 16:02:15,234 | INFO | GET /components/navbar.html -> 304 (0ms) [anonymous]
2026-10-07 16:02:15,243 | INFO | GET /components/footer.html -> 304 (3ms) [anonymous]
2026-10-07 16:02:15,250 | INFO | GET /components/modals.html -> 304 (1ms) [anonymous]
2026-10-07 16:02:15,293 | INFO | GET /api/auth/notifications -> 200 (0ms) [mohan]
2026-10-07 16:02:15,296 | INFO | GET /api/auth/me -> 200 (0ms) [mohan]
2026-10-07 16:02:20,445 | INFO | GET /pages/projects.html -> 304 (0ms) [anonymous]
2026-10-07 16:02:20,476 | INFO | GET /css/style.css -> 304 (1ms) [anonymous]
2026-10-07 16:02:20,487 | INFO | GET /css/dashboard.css -> 304 (4ms) [anonymous]
2026-10-07 16:02:20,489 | INFO | GET /css/responsive.css -> 304 (4ms) [anonymous]
2026-10-07 16:02:20,496 | INFO | GET /js/auth.js -> 304 (7ms) [anonymous]
2026-10-07 16:02:20,500 | INFO | GET /js/projects.js -> 304 (8ms) [anonymous]
2026-10-07 16:02:20,547 | INFO | GET /components/sidebar.html -> 304 (1ms) [anonymous]
2026-10-07 16:02:20,556 | INFO | GET /components/navbar.html -> 304 (5ms) [anonymous]
2026-10-07 16:02:20,559 | INFO | GET /components/footer.html -> 304 (4ms) [anonymous]
2026-10-07 16:02:20,560 | INFO | GET /components/modals.html -> 304 (1ms) [anonymous]
2026-10-07 16:02:20,592 | INFO | GET /api/auth/notifications -> 200 (0ms) [mohan]
2026-10-07 16:02:20,595 | INFO | GET /api/companies -> 200 (1ms) [mohan]
2026-10-07 16:02:20,598 | INFO | GET /api/employees -> 200 (0ms) [mohan]
2026-10-07 16:02:20,600 | INFO | GET /api/developers -> 200 (0ms) [mohan]
2026-10-07 16:02:20,632 | INFO | GET /api/projects -> 200 (0ms) [mohan]
2026-10-07 16:03:42,855 | INFO | POST /api/auth/login -> 200 (544ms) [anonymous]
2026-10-07 16:03:43,195 | INFO | GET /api/employees -> 200 (0ms) [prasanna]
2026-10-07 16:03:54,577 | INFO | GET /pages/projects.html -> 304 (0ms) [anonymous]
2026-10-07 16:03:54,612 | INFO | GET /css/style.css -> 304 (1ms) [anonymous]
2026-10-07 16:03:54,624 | INFO | GET /css/dashboard.css -> 304 (0ms) [anonymous]
2026-10-07 16:03:54,630 | INFO | GET /css/responsive.css -> 304 (1ms) [anonymous]
2026-10-07 16:03:54,632 | INFO | GET /js/auth.js -> 304 (1ms) [anonymous]
2026-10-07 16:03:54,640 | INFO | GET /js/projects.js -> 304 (0ms) [anonymous]
2026-10-07 16:03:54,702 | INFO | GET /components/sidebar.html -> 304 (0ms) [anonymous]
2026-10-07 16:03:54,727 | INFO | GET /components/navbar.html -> 304 (2ms) [anonymous]
2026-10-07 16:03:54,749 | INFO | GET /components/footer.html -> 304 (0ms) [anonymous]
2026-10-07 16:03:54,766 | INFO | GET /components/modals.html -> 304 (1ms) [anonymous]
2026-10-07 16:03:54,784 | INFO | GET /api/auth/notifications -> 200 (0ms) [mohan]
2026-10-07 16:03:54,787 | INFO | GET /api/companies -> 200 (0ms) [mohan]
2026-10-07 16:03:54,790 | INFO | GET /api/employees -> 200 (0ms) [mohan]
2026-10-07 16:03:54,800 | INFO | GET /api/developers -> 200 (0ms) [mohan]
2026-10-07 16:03:54,832 | INFO | GET /api/projects -> 200 (0ms) [mohan]
2026-10-07 16:03:55,856 | INFO | POST /api/auth/login -> 200 (535ms) [anonymous]
2026-10-07 16:03:56,388 | INFO | DELETE /api/employees/emp_fac939ae2286 -> 200 (416ms) [prasanna]
2026-10-07 16:03:56,993 | INFO | GET /pages/settings.html -> 304 (0ms) [anonymous]
2026-10-07 16:03:57,021 | INFO | GET /css/style.css -> 304 (1ms) [anonymous]
2026-10-07 16:03:57,034 | INFO | GET /css/dashboard.css -> 304 (4ms) [anonymous]
2026-10-07 16:03:57,035 | INFO | GET /css/responsive.css -> 304 (3ms) [anonymous]
2026-10-07 16:03:57,037 | INFO | GET /js/auth.js -> 304 (3ms) [anonymous]
2026-10-07 16:03:57,039 | INFO | GET /js/dashboard.js -> 304 (2ms) [anonymous]
2026-10-07 16:03:57,098 | INFO | GET /components/sidebar.html -> 304 (1ms) [anonymous]
2026-10-07 16:03:57,102 | INFO | GET /components/navbar.html -> 304 (1ms) [anonymous]
2026-10-07 16:03:57,105 | INFO | GET /components/footer.html -> 304 (1ms) [anonymous]
2026-10-07 16:03:57,109 | INFO | GET /components/modals.html -> 304 (4ms) [anonymous]
2026-10-07 16:03:57,142 | INFO | GET /api/auth/notifications -> 401 (0ms) [anonymous]
2026-10-07 16:03:57,144 | INFO | GET /api/auth/me -> 401 (1ms) [anonymous]
2026-10-07 16:03:57,189 | INFO | GET /pages/login.html -> 304 (0ms) [anonymous]
2026-10-07 16:03:57,221 | INFO | GET /css/style.css -> 304 (2ms) [anonymous]
2026-10-07 16:03:57,241 | INFO | GET /css/login.css -> 304 (1ms) [anonymous]
2026-10-07 16:03:57,254 | INFO | GET /css/responsive.css -> 304 (2ms) [anonymous]
2026-10-07 16:03:57,260 | INFO | GET /js/auth.js -> 304 (1ms) [anonymous]
2026-10-07 16:03:57,555 | INFO | GET /api/employees -> 200 (0ms) [prasanna]
2026-10-07 16:04:00,381 | INFO | POST /api/auth/login -> 401 (0ms) [anonymous]
2026-10-07 16:04:53,115 | INFO | POST /api/auth/login -> 200 (614ms) [anonymous]
2026-10-07 16:04:53,811 | INFO | POST /api/employees -> 201 (644ms) [prasanna]
2026-10-07 16:04:54,310 | INFO | GET /api/employees -> 200 (0ms) [prasanna]
2026-10-07 16:05:04,447 | INFO | POST /api/auth/login -> 401 (166ms) [anonymous]
2026-10-07 16:05:05,762 | INFO | POST /api/auth/login -> 401 (162ms) [anonymous]
2026-10-07 16:05:06,537 | INFO | POST /api/auth/login -> 401 (146ms) [anonymous]
2026-10-07 16:05:06,843 | INFO | POST /api/auth/login -> 401 (160ms) [anonymous]
2026-10-07 16:05:07,146 | INFO | POST /api/auth/login -> 401 (162ms) [anonymous]
2026-10-07 16:05:10,130 | INFO | GET /pages/login.html -> 304 (0ms) [anonymous]
2026-10-07 16:05:10,156 | INFO | GET /css/style.css -> 304 (1ms) [anonymous]
2026-10-07 16:05:10,164 | INFO | GET /css/login.css -> 304 (0ms) [anonymous]
2026-10-07 16:05:10,172 | INFO | GET /js/auth.js -> 304 (5ms) [anonymous]
2026-10-07 16:05:10,172 | INFO | GET /css/responsive.css -> 304 (7ms) [anonymous]
2026-10-07 16:05:12,694 | INFO | POST /api/auth/login -> 401 (199ms) [anonymous]
2026-10-07 16:05:18,144 | INFO | POST /api/auth/login -> 401 (194ms) [anonymous]
2026-10-07 16:06:24,432 | INFO | POST /api/auth/login -> 401 (162ms) [anonymous]
2026-10-07 16:06:41,080 | INFO | POST /api/auth/login -> 401 (221ms) [anonymous]
2026-10-07 16:06:43,977 | INFO | POST /api/auth/login -> 401 (186ms) [anonymous]
2026-10-07 16:06:50,664 | INFO | POST /api/auth/login -> 200 (835ms) [anonymous]
2026-10-07 16:06:51,055 | INFO | GET /pages/employee-dashboard.html -> 304 (2ms) [anonymous]
2026-10-07 16:06:51,105 | INFO | GET /css/style.css -> 304 (1ms) [anonymous]
2026-10-07 16:06:51,116 | INFO | GET /css/dashboard.css -> 304 (5ms) [anonymous]
2026-10-07 16:06:51,119 | INFO | GET /css/responsive.css -> 304 (5ms) [anonymous]
2026-10-07 16:06:51,129 | INFO | GET /js/auth.js -> 200 (7ms) [anonymous]
2026-10-07 16:06:51,131 | INFO | GET /js/dashboard.js -> 304 (3ms) [anonymous]
2026-10-07 16:06:51,207 | INFO | GET /components/sidebar.html -> 304 (7ms) [anonymous]
2026-10-07 16:06:51,210 | INFO | GET /components/navbar.html -> 304 (1ms) [anonymous]
2026-10-07 16:06:51,216 | INFO | GET /components/modals.html -> 304 (1ms) [anonymous]
2026-10-07 16:06:51,217 | INFO | GET /components/footer.html -> 304 (3ms) [anonymous]
2026-10-07 16:06:51,260 | INFO | GET /api/auth/notifications -> 200 (0ms) [jeeva]
2026-10-07 16:06:51,262 | INFO | GET /api/reports/dashboard -> 200 (0ms) [jeeva]
2026-10-07 16:06:51,266 | INFO | GET /api/leads -> 200 (1ms) [jeeva]
2026-10-07 16:06:51,272 | INFO | GET /api/followups -> 200 (0ms) [jeeva]
2026-10-07 16:07:08,977 | INFO | GET /pages/leads.html -> 304 (0ms) [anonymous]
2026-10-07 16:07:08,997 | INFO | GET /css/style.css -> 304 (1ms) [anonymous]
2026-10-07 16:07:09,005 | INFO | GET /css/dashboard.css -> 304 (3ms) [anonymous]
2026-10-07 16:07:09,007 | INFO | GET /css/responsive.css -> 304 (1ms) [anonymous]
2026-10-07 16:07:09,011 | INFO | GET /js/leads.js -> 304 (5ms) [anonymous]
2026-10-07 16:07:09,012 | INFO | GET /js/auth.js -> 304 (5ms) [anonymous]
2026-10-07 16:07:09,056 | INFO | GET /components/sidebar.html -> 304 (0ms) [anonymous]
2026-10-07 16:07:09,064 | INFO | GET /components/navbar.html -> 304 (6ms) [anonymous]
2026-10-07 16:07:09,069 | INFO | GET /components/modals.html -> 304 (1ms) [anonymous]
2026-10-07 16:07:09,070 | INFO | GET /components/footer.html -> 304 (3ms) [anonymous]
2026-10-07 16:07:09,105 | INFO | GET /api/auth/notifications -> 200 (0ms) [jeeva]
2026-10-07 16:07:09,109 | INFO | GET /api/leads -> 200 (1ms) [jeeva]
2026-10-07 16:07:27,319 | INFO | GET /pages/companies.html -> 304 (1ms) [anonymous]
2026-10-07 16:07:27,338 | INFO | GET /css/style.css -> 304 (1ms) [anonymous]
2026-10-07 16:07:27,351 | INFO | GET /css/dashboard.css -> 304 (6ms) [anonymous]
2026-10-07 16:07:27,352 | INFO | GET /css/responsive.css -> 304 (1ms) [anonymous]
2026-10-07 16:07:27,359 | INFO | GET /js/leads.js -> 304 (0ms) [anonymous]
2026-10-07 16:07:27,360 | INFO | GET /js/auth.js -> 304 (3ms) [anonymous]
2026-10-07 16:07:27,396 | INFO | GET /components/navbar.html -> 304 (2ms) [anonymous]
2026-10-07 16:07:27,399 | INFO | GET /components/sidebar.html -> 304 (7ms) [anonymous]
2026-10-07 16:07:27,401 | INFO | GET /components/footer.html -> 304 (5ms) [anonymous]
2026-10-07 16:07:27,404 | INFO | GET /components/modals.html -> 304 (1ms) [anonymous]
2026-10-07 16:07:27,434 | INFO | GET /api/auth/notifications -> 200 (0ms) [jeeva]
2026-10-07 16:07:27,437 | INFO | GET /api/companies -> 200 (1ms) [jeeva]
2026-10-07 16:07:31,173 | INFO | GET /pages/leads.html -> 304 (0ms) [anonymous]
2026-10-07 16:07:31,193 | INFO | GET /css/style.css -> 304 (3ms) [anonymous]
2026-10-07 16:07:31,203 | INFO | GET /css/dashboard.css -> 304 (5ms) [anonymous]
2026-10-07 16:07:31,203 | INFO | GET /css/responsive.css -> 304 (0ms) [anonymous]
2026-10-07 16:07:31,208 | INFO | GET /js/auth.js -> 304 (0ms) [anonymous]
2026-10-07 16:07:31,210 | INFO | GET /js/leads.js -> 304 (1ms) [anonymous]
2026-10-07 16:07:31,253 | INFO | GET /components/sidebar.html -> 304 (0ms) [anonymous]
2026-10-07 16:07:31,260 | INFO | GET /components/navbar.html -> 304 (5ms) [anonymous]
2026-10-07 16:07:31,265 | INFO | GET /components/footer.html -> 304 (9ms) [anonymous]
2026-10-07 16:07:31,266 | INFO | GET /components/modals.html -> 304 (2ms) [anonymous]
2026-10-07 16:07:31,307 | INFO | GET /api/auth/notifications -> 200 (0ms) [jeeva]
2026-10-07 16:07:31,312 | INFO | GET /api/leads -> 200 (0ms) [jeeva]
2026-10-07 16:07:37,050 | INFO | GET /api/leads/lead_28a475ed3c75 -> 200 (0ms) [jeeva]
2026-10-07 16:07:57,344 | INFO | DELETE /api/leads/lead_4e3663c29444 -> 200 (387ms) [jeeva]
2026-10-07 16:07:57,698 | INFO | GET /api/leads -> 200 (0ms) [jeeva]
2026-10-07 16:08:01,784 | INFO | DELETE /api/leads/lead_4e7a201d2440 -> 200 (496ms) [jeeva]
2026-10-07 16:08:02,138 | INFO | GET /api/leads -> 200 (0ms) [jeeva]
2026-10-07 16:08:07,474 | INFO | DELETE /api/leads/lead_5735fe3feb1b -> 200 (536ms) [jeeva]
2026-10-07 16:08:07,814 | INFO | GET /api/leads -> 200 (0ms) [jeeva]
2026-10-07 16:08:12,288 | INFO | GET /pages/followups.html -> 304 (1ms) [anonymous]
2026-10-07 16:08:12,310 | INFO | GET /css/style.css -> 304 (1ms) [anonymous]
2026-10-07 16:08:12,318 | INFO | GET /css/dashboard.css -> 304 (2ms) [anonymous]
2026-10-07 16:08:12,324 | INFO | GET /css/responsive.css -> 304 (2ms) [anonymous]
2026-10-07 16:08:12,327 | INFO | GET /js/auth.js -> 304 (4ms) [anonymous]
2026-10-07 16:08:12,328 | INFO | GET /js/leads.js -> 304 (1ms) [anonymous]
2026-10-07 16:08:12,366 | INFO | GET /components/footer.html -> 304 (1ms) [anonymous]
2026-10-07 16:08:12,366 | INFO | GET /components/sidebar.html -> 304 (4ms) [anonymous]
2026-10-07 16:08:12,367 | INFO | GET /components/navbar.html -> 304 (3ms) [anonymous]
2026-10-07 16:08:12,374 | INFO | GET /components/modals.html -> 304 (4ms) [anonymous]
2026-10-07 16:08:12,409 | INFO | GET /api/auth/notifications -> 200 (1ms) [jeeva]
2026-10-07 16:08:12,412 | INFO | GET /api/employees -> 200 (1ms) [jeeva]
2026-10-07 16:08:12,416 | INFO | GET /api/followups -> 200 (0ms) [jeeva]
2026-10-07 16:08:15,319 | INFO | GET /api/leads -> 200 (0ms) [jeeva]
2026-10-07 16:08:22,797 | INFO | GET /pages/employee-dashboard.html -> 304 (0ms) [anonymous]
2026-10-07 16:08:22,818 | INFO | GET /css/style.css -> 304 (0ms) [anonymous]
2026-10-07 16:08:22,824 | INFO | GET /css/dashboard.css -> 304 (1ms) [anonymous]
2026-10-07 16:08:22,833 | INFO | GET /js/auth.js -> 304 (5ms) [anonymous]
2026-10-07 16:08:22,838 | INFO | GET /css/responsive.css -> 304 (12ms) [anonymous]
2026-10-07 16:08:22,839 | INFO | GET /js/dashboard.js -> 304 (2ms) [anonymous]
2026-10-07 16:08:22,873 | INFO | GET /components/sidebar.html -> 304 (4ms) [anonymous]
2026-10-07 16:08:22,875 | INFO | GET /components/navbar.html -> 304 (2ms) [anonymous]
2026-10-07 16:08:22,882 | INFO | GET /components/footer.html -> 304 (2ms) [anonymous]
2026-10-07 16:08:22,884 | INFO | GET /components/modals.html -> 304 (1ms) [anonymous]
2026-10-07 16:08:22,925 | INFO | GET /api/auth/notifications -> 200 (1ms) [jeeva]
2026-10-07 16:08:22,927 | INFO | GET /api/reports/dashboard -> 200 (0ms) [jeeva]
2026-10-07 16:08:22,930 | INFO | GET /api/leads -> 200 (1ms) [jeeva]
2026-10-07 16:08:22,934 | INFO | GET /api/followups -> 200 (0ms) [jeeva]
2026-10-07 16:08:33,069 | INFO | GET /pages/companies.html -> 304 (0ms) [anonymous]
2026-10-07 16:08:33,090 | INFO | GET /css/style.css -> 304 (1ms) [anonymous]
2026-10-07 16:08:33,106 | INFO | GET /css/dashboard.css -> 304 (3ms) [anonymous]
2026-10-07 16:08:33,107 | INFO | GET /css/responsive.css -> 304 (2ms) [anonymous]
2026-10-07 16:08:33,113 | INFO | GET /js/auth.js -> 304 (4ms) [anonymous]
2026-10-07 16:08:33,114 | INFO | GET /js/leads.js -> 304 (3ms) [anonymous]
2026-10-07 16:08:33,153 | INFO | GET /components/navbar.html -> 304 (3ms) [anonymous]
2026-10-07 16:08:33,154 | INFO | GET /components/sidebar.html -> 304 (4ms) [anonymous]
2026-10-07 16:08:33,155 | INFO | GET /components/footer.html -> 304 (2ms) [anonymous]
2026-10-07 16:08:33,158 | INFO | GET /components/modals.html -> 304 (1ms) [anonymous]
2026-10-07 16:08:33,198 | INFO | GET /api/auth/notifications -> 200 (1ms) [jeeva]
2026-10-07 16:08:33,200 | INFO | GET /api/companies -> 200 (0ms) [jeeva]
2026-10-07 16:08:39,464 | INFO | GET /api/companies/cmp_72bcae8feabe -> 200 (1ms) [jeeva]
2026-10-07 16:08:50,150 | INFO | GET /pages/login.html -> 304 (0ms) [anonymous]
2026-10-07 16:08:50,170 | INFO | GET /css/style.css -> 304 (0ms) [anonymous]
2026-10-07 16:08:50,176 | INFO | GET /css/login.css -> 304 (3ms) [anonymous]
2026-10-07 16:08:50,181 | INFO | GET /css/responsive.css -> 304 (6ms) [anonymous]
2026-10-07 16:08:50,184 | INFO | GET /js/auth.js -> 304 (1ms) [anonymous]
2026-10-07 16:08:52,555 | INFO | POST /api/auth/login -> 200 (543ms) [anonymous]
2026-10-07 16:08:52,937 | INFO | GET /pages/employee-dashboard.html -> 304 (0ms) [anonymous]
2026-10-07 16:08:52,985 | INFO | GET /css/style.css -> 304 (4ms) [anonymous]
2026-10-07 16:08:53,007 | INFO | GET /css/dashboard.css -> 304 (10ms) [anonymous]
2026-10-07 16:08:53,011 | INFO | GET /css/responsive.css -> 304 (8ms) [anonymous]
2026-10-07 16:08:53,011 | INFO | GET /js/auth.js -> 304 (6ms) [anonymous]
2026-10-07 16:08:53,014 | INFO | GET /js/dashboard.js -> 304 (4ms) [anonymous]
2026-10-07 16:08:53,089 | INFO | GET /components/sidebar.html -> 304 (3ms) [anonymous]
2026-10-07 16:08:53,092 | INFO | GET /components/navbar.html -> 304 (3ms) [anonymous]
2026-10-07 16:08:53,104 | INFO | GET /components/footer.html -> 304 (8ms) [anonymous]
2026-10-07 16:08:53,105 | INFO | GET /components/modals.html -> 304 (8ms) [anonymous]
2026-10-07 16:08:53,134 | INFO | GET /api/auth/notifications -> 200 (0ms) [jeeva]
2026-10-07 16:08:53,136 | INFO | GET /api/reports/dashboard -> 200 (1ms) [jeeva]
2026-10-07 16:08:53,140 | INFO | GET /api/leads -> 200 (1ms) [jeeva]
2026-10-07 16:08:53,143 | INFO | GET /api/followups -> 200 (0ms) [jeeva]
2026-10-07 16:08:59,324 | INFO | GET /pages/login.html -> 304 (0ms) [anonymous]
2026-10-07 16:08:59,343 | INFO | GET /css/style.css -> 304 (0ms) [anonymous]
2026-10-07 16:08:59,349 | INFO | GET /css/responsive.css -> 304 (1ms) [anonymous]
2026-10-07 16:08:59,357 | INFO | GET /css/login.css -> 304 (3ms) [anonymous]
2026-10-07 16:08:59,357 | INFO | GET /js/auth.js -> 304 (0ms) [anonymous]
2026-10-07 16:09:06,436 | INFO | POST /api/auth/login -> 401 (195ms) [anonymous]
2026-10-07 16:09:15,039 | INFO | POST /api/auth/login -> 200 (600ms) [anonymous]
2026-10-07 16:09:15,415 | INFO | GET /pages/admin-dashboard.html -> 304 (0ms) [anonymous]
2026-10-07 16:09:15,481 | INFO | GET /css/style.css -> 304 (1ms) [anonymous]
2026-10-07 16:09:15,502 | INFO | GET /css/responsive.css -> 304 (3ms) [anonymous]
2026-10-07 16:09:15,506 | INFO | GET /css/dashboard.css -> 304 (4ms) [anonymous]
2026-10-07 16:09:15,509 | INFO | GET /js/auth.js -> 304 (4ms) [anonymous]
2026-10-07 16:09:15,513 | INFO | GET /js/dashboard.js -> 304 (2ms) [anonymous]
2026-10-07 16:09:15,587 | INFO | GET /components/sidebar.html -> 304 (5ms) [anonymous]
2026-10-07 16:09:15,587 | INFO | GET /components/navbar.html -> 304 (4ms) [anonymous]
2026-10-07 16:09:15,588 | INFO | GET /components/footer.html -> 304 (3ms) [anonymous]
2026-10-07 16:09:15,589 | INFO | GET /components/modals.html -> 304 (2ms) [anonymous]
2026-10-07 16:09:15,636 | INFO | GET /api/auth/notifications -> 200 (1ms) [prasanna]
2026-10-07 16:09:15,641 | INFO | GET /api/reports/dashboard -> 200 (2ms) [prasanna]
2026-10-07 16:09:15,647 | INFO | GET /api/leads -> 200 (0ms) [prasanna]
2026-10-07 16:09:15,654 | INFO | GET /api/followups -> 200 (0ms) [prasanna]
2026-10-07 16:09:15,662 | INFO | GET /api/employees -> 200 (0ms) [prasanna]
2026-10-07 16:09:19,903 | INFO | GET /pages/employees.html -> 304 (1ms) [anonymous]
2026-10-07 16:09:19,931 | INFO | GET /css/style.css -> 304 (1ms) [anonymous]
2026-10-07 16:09:19,938 | INFO | GET /css/dashboard.css -> 304 (4ms) [anonymous]
2026-10-07 16:09:19,944 | INFO | GET /css/responsive.css -> 304 (3ms) [anonymous]
2026-10-07 16:09:19,946 | INFO | GET /js/auth.js -> 304 (4ms) [anonymous]
2026-10-07 16:09:19,947 | INFO | GET /js/employees.js -> 304 (1ms) [anonymous]
2026-10-07 16:09:20,004 | INFO | GET /components/sidebar.html -> 304 (5ms) [anonymous]
2026-10-07 16:09:20,005 | INFO | GET /components/footer.html -> 304 (3ms) [anonymous]
2026-10-07 16:09:20,017 | INFO | GET /components/navbar.html -> 304 (8ms) [anonymous]
2026-10-07 16:09:20,020 | INFO | GET /components/modals.html -> 304 (3ms) [anonymous]
2026-10-07 16:09:20,068 | INFO | GET /api/auth/notifications -> 200 (1ms) [prasanna]
2026-10-07 16:09:20,074 | INFO | GET /api/roles -> 200 (2ms) [prasanna]
2026-10-07 16:09:20,113 | INFO | GET /api/employees -> 200 (3ms) [prasanna]
2026-10-07 16:09:20,117 | INFO | GET /api/employees -> 200 (1ms) [prasanna]
2026-10-07 16:09:27,179 | INFO | GET /api/employees/emp_fe7432c0017b -> 200 (0ms) [prasanna]
2026-10-07 16:09:30,669 | INFO | GET /api/employees/emp_fe7432c0017b -> 200 (1ms) [prasanna]
2026-10-07 16:09:32,494 | INFO | GET /api/employees/emp_fe7432c0017b -> 200 (0ms) [prasanna]
2026-10-07 16:09:34,615 | INFO | GET /api/employees/emp_fe7432c0017b -> 200 (1ms) [prasanna]
2026-10-07 16:09:34,617 | INFO | GET /api/leads -> 200 (0ms) [prasanna]
2026-10-07 16:09:34,620 | INFO | GET /api/projects -> 200 (0ms) [prasanna]
2026-10-07 16:09:50,336 | INFO | GET /api/employees/emp_fe7432c0017b -> 200 (0ms) [prasanna]
2026-10-07 16:10:17,298 | INFO | PUT /api/employees/emp_fe7432c0017b -> 200 (612ms) [prasanna]
2026-10-07 16:10:17,641 | INFO | GET /api/employees/emp_fe7432c0017b -> 200 (0ms) [prasanna]
2026-10-07 16:10:17,647 | INFO | GET /api/employees -> 200 (1ms) [prasanna]
2026-10-07 16:10:17,660 | INFO | GET /api/employees -> 200 (2ms) [prasanna]
2026-10-07 16:10:29,405 | INFO | GET /pages/login.html -> 304 (0ms) [anonymous]
2026-10-07 16:10:29,427 | INFO | GET /css/style.css -> 304 (0ms) [anonymous]
2026-10-07 16:10:29,433 | INFO | GET /css/login.css -> 304 (2ms) [anonymous]
2026-10-07 16:10:29,440 | INFO | GET /css/responsive.css -> 304 (3ms) [anonymous]
2026-10-07 16:10:29,447 | INFO | GET /js/auth.js -> 304 (0ms) [anonymous]
2026-10-07 16:10:34,403 | INFO | POST /api/auth/login -> 200 (533ms) [anonymous]
2026-10-07 16:10:34,787 | INFO | GET /pages/developer-dashboard.html -> 304 (1ms) [anonymous]
2026-10-07 16:10:34,821 | INFO | GET /css/style.css -> 304 (2ms) [anonymous]
2026-10-07 16:10:34,833 | INFO | GET /css/dashboard.css -> 304 (9ms) [anonymous]
2026-10-07 16:10:34,836 | INFO | GET /css/responsive.css -> 304 (4ms) [anonymous]
2026-10-07 16:10:34,838 | INFO | GET /js/auth.js -> 304 (2ms) [anonymous]
2026-10-07 16:10:34,844 | INFO | GET /js/dashboard.js -> 304 (2ms) [anonymous]
2026-10-07 16:10:34,905 | INFO | GET /components/sidebar.html -> 304 (5ms) [anonymous]
2026-10-07 16:10:34,905 | INFO | GET /components/navbar.html -> 304 (2ms) [anonymous]
2026-10-07 16:10:34,906 | INFO | GET /components/footer.html -> 304 (2ms) [anonymous]
2026-10-07 16:10:34,919 | INFO | GET /components/modals.html -> 304 (8ms) [anonymous]
2026-10-07 16:10:34,949 | INFO | GET /api/auth/notifications -> 200 (1ms) [mohan]
2026-10-07 16:10:34,954 | INFO | GET /api/reports/dashboard -> 200 (0ms) [mohan]
2026-10-07 16:10:34,959 | INFO | GET /api/projects -> 200 (0ms) [mohan]
2026-10-07 16:10:34,966 | INFO | GET /api/projects/tasks/all -> 200 (2ms) [mohan]
2026-10-07 16:11:56,459 | INFO | GET /pages/projects.html -> 304 (0ms) [anonymous]
2026-10-07 16:11:56,488 | INFO | GET /css/style.css -> 304 (3ms) [anonymous]
2026-10-07 16:11:56,492 | INFO | GET /css/dashboard.css -> 304 (0ms) [anonymous]
2026-10-07 16:11:56,501 | INFO | GET /css/responsive.css -> 304 (3ms) [anonymous]
2026-10-07 16:11:56,503 | INFO | GET /js/auth.js -> 304 (3ms) [anonymous]
2026-10-07 16:11:56,505 | INFO | GET /js/projects.js -> 304 (4ms) [anonymous]
2026-10-07 16:11:56,561 | INFO | GET /components/sidebar.html -> 304 (2ms) [anonymous]
2026-10-07 16:11:56,563 | INFO | GET /components/modals.html -> 304 (2ms) [anonymous]
2026-10-07 16:11:56,567 | INFO | GET /components/footer.html -> 304 (2ms) [anonymous]
2026-10-07 16:11:56,569 | INFO | GET /components/navbar.html -> 304 (2ms) [anonymous]
2026-10-07 16:11:56,606 | INFO | GET /api/auth/notifications -> 200 (0ms) [mohan]
2026-10-07 16:11:56,608 | INFO | GET /api/companies -> 200 (0ms) [mohan]
2026-10-07 16:11:56,629 | INFO | GET /api/employees -> 200 (0ms) [mohan]
2026-10-07 16:11:56,635 | INFO | GET /api/developers -> 200 (1ms) [mohan]
2026-10-07 16:11:56,652 | INFO | GET /api/projects -> 200 (0ms) [mohan]
2026-10-07 16:11:58,852 | INFO | GET /pages/settings.html -> 304 (1ms) [anonymous]
2026-10-07 16:11:58,876 | INFO | GET /css/style.css -> 304 (1ms) [anonymous]
2026-10-07 16:11:58,885 | INFO | GET /css/dashboard.css -> 304 (2ms) [anonymous]
2026-10-07 16:11:58,891 | INFO | GET /css/responsive.css -> 304 (0ms) [anonymous]
2026-10-07 16:11:58,904 | INFO | GET /js/auth.js -> 304 (5ms) [anonymous]
2026-10-07 16:11:58,910 | INFO | GET /js/dashboard.js -> 304 (1ms) [anonymous]
2026-10-07 16:11:58,949 | INFO | GET /components/sidebar.html -> 304 (2ms) [anonymous]
2026-10-07 16:11:58,953 | INFO | GET /components/navbar.html -> 304 (4ms) [anonymous]
2026-10-07 16:11:58,959 | INFO | GET /components/footer.html -> 304 (3ms) [anonymous]
2026-10-07 16:11:58,961 | INFO | GET /components/modals.html -> 304 (2ms) [anonymous]
2026-10-07 16:11:58,994 | INFO | GET /api/auth/me -> 200 (1ms) [mohan]
2026-10-07 16:11:58,997 | INFO | GET /api/auth/notifications -> 200 (0ms) [mohan]
2026-10-07 16:12:07,710 | INFO | GET /pages/projects.html -> 304 (0ms) [anonymous]
2026-10-07 16:12:07,733 | INFO | GET /css/style.css -> 304 (0ms) [anonymous]
2026-10-07 16:12:07,744 | INFO | GET /css/dashboard.css -> 304 (1ms) [anonymous]
2026-10-07 16:12:07,752 | INFO | GET /css/responsive.css -> 304 (1ms) [anonymous]
2026-10-07 16:12:07,759 | INFO | GET /js/projects.js -> 304 (3ms) [anonymous]
2026-10-07 16:12:07,761 | INFO | GET /js/auth.js -> 304 (7ms) [anonymous]
2026-10-07 16:12:07,813 | INFO | GET /components/navbar.html -> 304 (5ms) [anonymous]
2026-10-07 16:12:07,820 | INFO | GET /components/sidebar.html -> 304 (1ms) [anonymous]
2026-10-07 16:12:07,851 | INFO | GET /components/footer.html -> 304 (2ms) [anonymous]
2026-10-07 16:12:07,856 | INFO | GET /components/modals.html -> 304 (0ms) [anonymous]
2026-10-07 16:12:07,885 | INFO | GET /api/auth/notifications -> 200 (1ms) [mohan]
2026-10-07 16:12:07,892 | INFO | GET /api/companies -> 200 (1ms) [mohan]
2026-10-07 16:12:07,901 | INFO | GET /api/employees -> 200 (0ms) [mohan]
2026-10-07 16:12:07,918 | INFO | GET /api/developers -> 200 (0ms) [mohan]
2026-10-07 16:12:07,934 | INFO | GET /api/projects -> 200 (0ms) [mohan]
2026-10-07 16:12:09,733 | INFO | GET /pages/developer-dashboard.html -> 200 (0ms) [anonymous]
2026-10-07 16:12:09,844 | INFO | GET /css/style.css -> 304 (1ms) [anonymous]
2026-10-07 16:12:09,847 | INFO | GET /css/responsive.css -> 304 (1ms) [anonymous]
2026-10-07 16:12:09,849 | INFO | GET /css/dashboard.css -> 304 (5ms) [anonymous]
2026-10-07 16:12:09,854 | INFO | GET /js/dashboard.js -> 200 (1ms) [anonymous]
2026-10-07 16:12:09,854 | INFO | GET /js/auth.js -> 304 (6ms) [anonymous]
2026-10-07 16:12:09,903 | INFO | GET /components/sidebar.html -> 304 (0ms) [anonymous]
2026-10-07 16:12:09,912 | INFO | GET /components/navbar.html -> 304 (6ms) [anonymous]
2026-10-07 16:12:09,915 | INFO | GET /components/footer.html -> 304 (1ms) [anonymous]
2026-10-07 16:12:09,922 | INFO | GET /components/modals.html -> 304 (2ms) [anonymous]
2026-10-07 16:12:09,959 | INFO | GET /api/auth/notifications -> 200 (0ms) [mohan]
2026-10-07 16:12:09,962 | INFO | GET /api/reports/dashboard -> 200 (1ms) [mohan]
2026-10-07 16:12:09,968 | INFO | GET /api/projects -> 200 (0ms) [mohan]
2026-10-07 16:12:09,972 | INFO | GET /api/projects/tasks/all -> 200 (0ms) [mohan]
2026-10-07 16:12:09,982 | INFO | GET /api/leads -> 200 (0ms) [mohan]
2026-10-07 16:12:17,625 | INFO | POST /api/auth/login -> 401 (229ms) [anonymous]
2026-10-07 16:12:17,852 | INFO | GET /api/leads -> 401 (0ms) [anonymous]
2026-10-07 16:12:29,001 | INFO | POST /api/auth/login -> 200 (617ms) [anonymous]
2026-10-07 16:12:29,040 | INFO | GET /api/employees -> 200 (0ms) [prasanna]
2026-10-07 16:12:56,317 | INFO | POST /api/auth/login -> 401 (189ms) [anonymous]
2026-10-07 16:13:05,512 | INFO | POST /api/auth/login -> 200 (572ms) [anonymous]
2026-10-07 16:13:06,153 | INFO | PUT /api/employees/emp_fe7432c0017b -> 200 (586ms) [prasanna]
2026-10-07 16:13:07,031 | INFO | POST /api/auth/login -> 200 (517ms) [anonymous]
2026-10-07 16:13:13,504 | INFO | POST /api/auth/login -> 200 (579ms) [anonymous]
2026-10-07 16:13:13,552 | INFO | GET /api/leads -> 200 (0ms) [mohan]
2026-10-07 16:13:13,572 | INFO | GET /api/reports/dashboard -> 200 (0ms) [mohan]
2026-10-07 16:13:51,164 | INFO | CRM backend ready on http://0.0.0.0:5001
2026-10-07 16:13:51,236 | INFO | GET /health -> 200 (0ms) [anonymous]
2026-10-07 16:14:16,906 | INFO | GET /pages/developer-dashboard.html -> 304 (1ms) [anonymous]
2026-10-07 16:14:16,935 | INFO | GET /css/style.css -> 304 (0ms) [anonymous]
2026-10-07 16:14:16,944 | INFO | GET /css/dashboard.css -> 304 (2ms) [anonymous]
2026-10-07 16:14:16,946 | INFO | GET /css/responsive.css -> 304 (1ms) [anonymous]
2026-10-07 16:14:16,954 | INFO | GET /js/auth.js -> 304 (2ms) [anonymous]
2026-10-07 16:14:16,955 | INFO | GET /js/dashboard.js -> 200 (2ms) [anonymous]
2026-10-07 16:14:16,990 | INFO | GET /components/sidebar.html -> 304 (4ms) [anonymous]
2026-10-07 16:14:16,991 | INFO | GET /components/navbar.html -> 304 (2ms) [anonymous]
2026-10-07 16:14:16,997 | INFO | GET /components/footer.html -> 304 (1ms) [anonymous]
2026-10-07 16:14:17,007 | INFO | GET /components/modals.html -> 304 (4ms) [anonymous]
2026-10-07 16:14:17,036 | INFO | GET /api/auth/notifications -> 200 (0ms) [mohan]
2026-10-07 16:14:17,038 | INFO | GET /api/reports/dashboard -> 200 (1ms) [mohan]
2026-10-07 16:14:17,041 | INFO | GET /api/projects -> 200 (0ms) [mohan]
2026-10-07 16:14:17,049 | INFO | GET /api/projects/tasks/all -> 200 (0ms) [mohan]
2026-10-07 16:14:17,063 | INFO | GET /api/leads -> 200 (0ms) [mohan]
2026-10-07 16:14:24,479 | INFO | GET /pages/projects.html -> 304 (0ms) [anonymous]
2026-10-07 16:14:24,547 | INFO | GET /css/style.css -> 304 (1ms) [anonymous]
2026-10-07 16:14:24,561 | INFO | GET /js/projects.js -> 304 (0ms) [anonymous]
2026-10-07 16:14:24,568 | INFO | GET /js/auth.js -> 304 (2ms) [anonymous]
2026-10-07 16:14:24,569 | INFO | GET /css/responsive.css -> 304 (1ms) [anonymous]
2026-10-07 16:14:24,574 | INFO | GET /css/dashboard.css -> 304 (2ms) [anonymous]
2026-10-07 16:14:24,614 | INFO | GET /components/sidebar.html -> 304 (3ms) [anonymous]
2026-10-07 16:14:24,619 | INFO | GET /components/navbar.html -> 304 (10ms) [anonymous]
2026-10-07 16:14:24,626 | INFO | GET /components/footer.html -> 304 (5ms) [anonymous]
2026-10-07 16:14:24,627 | INFO | GET /components/modals.html -> 304 (3ms) [anonymous]
2026-10-07 16:14:24,660 | INFO | GET /api/auth/notifications -> 200 (0ms) [mohan]
2026-10-07 16:14:24,663 | INFO | GET /api/companies -> 200 (0ms) [mohan]
2026-10-07 16:14:24,670 | INFO | GET /api/employees -> 200 (0ms) [mohan]
2026-10-07 16:14:24,673 | INFO | GET /api/developers -> 200 (1ms) [mohan]
2026-10-07 16:14:24,699 | INFO | GET /api/projects -> 200 (1ms) [mohan]
2026-10-07 16:14:36,753 | INFO | GET /pages/login.html -> 304 (1ms) [anonymous]
2026-10-07 16:14:36,774 | INFO | GET /css/style.css -> 304 (1ms) [anonymous]
2026-10-07 16:14:36,778 | INFO | GET /css/login.css -> 304 (1ms) [anonymous]
2026-10-07 16:14:36,786 | INFO | GET /css/responsive.css -> 304 (4ms) [anonymous]
2026-10-07 16:14:36,790 | INFO | GET /js/auth.js -> 304 (2ms) [anonymous]
2026-10-07 16:14:42,030 | INFO | POST /api/auth/login -> 200 (692ms) [anonymous]
2026-10-07 16:14:42,419 | INFO | GET /pages/employee-dashboard.html -> 304 (1ms) [anonymous]
2026-10-07 16:14:42,465 | INFO | GET /css/style.css -> 304 (2ms) [anonymous]
2026-10-07 16:14:42,487 | INFO | GET /css/responsive.css -> 304 (2ms) [anonymous]
2026-10-07 16:14:42,498 | INFO | GET /css/dashboard.css -> 304 (4ms) [anonymous]
2026-10-07 16:14:42,510 | INFO | GET /js/auth.js -> 304 (3ms) [anonymous]
2026-10-07 16:14:42,512 | INFO | GET /js/dashboard.js -> 304 (2ms) [anonymous]
2026-10-07 16:14:42,567 | INFO | GET /components/sidebar.html -> 304 (5ms) [anonymous]
2026-10-07 16:14:42,573 | INFO | GET /components/navbar.html -> 304 (4ms) [anonymous]
2026-10-07 16:14:42,574 | INFO | GET /components/footer.html -> 304 (3ms) [anonymous]
2026-10-07 16:14:42,575 | INFO | GET /components/modals.html -> 304 (2ms) [anonymous]
2026-10-07 16:14:42,616 | INFO | GET /api/auth/notifications -> 200 (0ms) [jeeva]
2026-10-07 16:14:42,620 | INFO | GET /api/reports/dashboard -> 200 (0ms) [jeeva]
2026-10-07 16:14:42,623 | INFO | GET /api/leads -> 200 (0ms) [jeeva]
2026-10-07 16:14:42,633 | INFO | GET /api/followups -> 200 (0ms) [jeeva]
2026-10-07 16:19:45,079 | INFO | CRM backend ready on http://0.0.0.0:5001
2026-10-07 16:19:45,847 | INFO | GET /health -> 200 (0ms) [anonymous]
2026-10-07 16:20:20,042 | INFO | GET /pages/login.html -> 304 (0ms) [anonymous]
2026-10-07 16:20:20,068 | INFO | GET /css/style.css -> 304 (1ms) [anonymous]
2026-10-07 16:20:20,081 | INFO | GET /js/auth.js -> 304 (2ms) [anonymous]
2026-10-07 16:20:20,093 | INFO | GET /css/responsive.css -> 304 (3ms) [anonymous]
2026-10-07 16:20:20,093 | INFO | GET /css/login.css -> 304 (3ms) [anonymous]
2026-10-07 16:20:25,524 | INFO | POST /api/auth/login -> 401 (212ms) [anonymous]
2026-10-07 16:20:27,088 | INFO | POST /api/auth/login -> 401 (300ms) [anonymous]
2026-10-07 16:20:29,920 | INFO | POST /api/auth/login -> 401 (224ms) [anonymous]
2026-10-07 16:20:41,717 | INFO | POST /api/auth/login -> 401 (225ms) [anonymous]
2026-10-07 16:20:54,736 | INFO | POST /api/auth/login -> 200 (615ms) [anonymous]
2026-10-07 16:20:55,118 | INFO | GET /pages/admin-dashboard.html -> 304 (0ms) [anonymous]
2026-10-07 16:20:55,173 | INFO | GET /css/style.css -> 304 (1ms) [anonymous]
2026-10-07 16:20:55,182 | INFO | GET /css/dashboard.css -> 304 (6ms) [anonymous]
2026-10-07 16:20:55,184 | INFO | GET /css/responsive.css -> 304 (4ms) [anonymous]
2026-10-07 16:20:55,192 | INFO | GET /js/auth.js -> 304 (4ms) [anonymous]
2026-10-07 16:20:55,197 | INFO | GET /js/dashboard.js -> 200 (7ms) [anonymous]
2026-10-07 16:20:55,291 | INFO | GET /components/sidebar.html -> 304 (1ms) [anonymous]
2026-10-07 16:20:55,302 | INFO | GET /components/navbar.html -> 304 (2ms) [anonymous]
2026-10-07 16:20:55,303 | INFO | GET /components/footer.html -> 304 (2ms) [anonymous]
2026-10-07 16:20:55,314 | INFO | GET /components/modals.html -> 304 (4ms) [anonymous]
2026-10-07 16:20:55,357 | INFO | GET /api/auth/notifications -> 200 (0ms) [prasanna]
2026-10-07 16:20:55,359 | INFO | GET /api/reports/dashboard -> 200 (0ms) [prasanna]
2026-10-07 16:20:55,364 | INFO | GET /api/leads -> 200 (0ms) [prasanna]
2026-10-07 16:20:55,388 | INFO | GET /api/followups -> 200 (0ms) [prasanna]
2026-10-07 16:20:55,391 | INFO | GET /api/employees -> 200 (1ms) [prasanna]
2026-10-07 16:21:06,289 | INFO | GET /pages/employees.html -> 304 (0ms) [anonymous]
2026-10-07 16:21:06,314 | INFO | GET /css/style.css -> 304 (1ms) [anonymous]
2026-10-07 16:21:06,325 | INFO | GET /css/dashboard.css -> 304 (1ms) [anonymous]
2026-10-07 16:21:06,331 | INFO | GET /js/auth.js -> 304 (1ms) [anonymous]
2026-10-07 16:21:06,342 | INFO | GET /js/employees.js -> 304 (4ms) [anonymous]
2026-10-07 16:21:06,342 | INFO | GET /css/responsive.css -> 304 (6ms) [anonymous]
2026-10-07 16:21:06,391 | INFO | GET /components/navbar.html -> 304 (1ms) [anonymous]
2026-10-07 16:21:06,396 | INFO | GET /components/sidebar.html -> 304 (1ms) [anonymous]
2026-10-07 16:21:06,410 | INFO | GET /components/footer.html -> 304 (1ms) [anonymous]
2026-10-07 16:21:06,413 | INFO | GET /components/modals.html -> 304 (0ms) [anonymous]
2026-10-07 16:21:06,458 | INFO | GET /api/auth/notifications -> 200 (1ms) [prasanna]
2026-10-07 16:21:06,459 | INFO | GET /api/roles -> 200 (1ms) [prasanna]
2026-10-07 16:21:06,487 | INFO | GET /api/employees -> 200 (1ms) [prasanna]
2026-10-07 16:21:06,491 | INFO | GET /api/employees -> 200 (0ms) [prasanna]
2026-10-07 16:21:14,033 | INFO | GET /api/employees/emp_fe7432c0017b -> 200 (0ms) [prasanna]
2026-10-07 16:21:17,884 | INFO | GET /pages/developers.html -> 304 (0ms) [anonymous]
2026-10-07 16:21:17,909 | INFO | GET /css/style.css -> 304 (3ms) [anonymous]
2026-10-07 16:21:17,916 | INFO | GET /css/dashboard.css -> 304 (1ms) [anonymous]
2026-10-07 16:21:17,927 | INFO | GET /css/responsive.css -> 304 (1ms) [anonymous]
2026-10-07 16:21:17,940 | INFO | GET /js/auth.js -> 304 (7ms) [anonymous]
2026-10-07 16:21:17,942 | INFO | GET /js/developers.js -> 304 (2ms) [anonymous]
2026-10-07 16:21:18,001 | INFO | GET /components/sidebar.html -> 304 (2ms) [anonymous]
2026-10-07 16:21:18,002 | INFO | GET /components/navbar.html -> 304 (1ms) [anonymous]
2026-10-07 16:21:18,012 | INFO | GET /components/footer.html -> 304 (8ms) [anonymous]
2026-10-07 16:21:18,014 | INFO | GET /components/modals.html -> 304 (1ms) [anonymous]
2026-10-07 16:21:18,063 | INFO | GET /api/auth/notifications -> 200 (1ms) [prasanna]
2026-10-07 16:21:18,067 | INFO | GET /api/developers -> 200 (1ms) [prasanna]
2026-10-07 16:21:26,430 | INFO | DELETE /api/developers/dev_cb060f5f507d -> 200 (471ms) [prasanna]
2026-10-07 16:21:26,856 | INFO | GET /api/developers -> 200 (0ms) [prasanna]
2026-10-07 16:21:32,146 | INFO | DELETE /api/developers/dev_9ef008c21878 -> 200 (443ms) [prasanna]
2026-10-07 16:21:32,676 | INFO | GET /api/developers -> 200 (1ms) [prasanna]
2026-10-07 16:21:35,188 | INFO | DELETE /api/developers/dev_75c35a552fa5 -> 200 (499ms) [prasanna]
2026-10-07 16:21:35,635 | INFO | GET /api/developers -> 200 (0ms) [prasanna]
2026-10-07 16:21:38,512 | INFO | DELETE /api/developers/dev_45cf8f8092b9 -> 200 (450ms) [prasanna]
2026-10-07 16:21:38,931 | INFO | GET /api/developers -> 200 (0ms) [prasanna]
2026-10-07 16:21:41,870 | INFO | DELETE /api/developers/dev_4bed2c6b00a7 -> 200 (495ms) [prasanna]
2026-10-07 16:21:42,290 | INFO | GET /api/developers -> 200 (0ms) [prasanna]
2026-10-07 16:21:46,655 | INFO | DELETE /api/developers/dev_6619506dc40c -> 200 (454ms) [prasanna]
2026-10-07 16:21:47,088 | INFO | GET /api/developers -> 200 (0ms) [prasanna]
2026-10-07 16:21:50,955 | INFO | DELETE /api/developers/dev_9c4bd2860d4d -> 200 (512ms) [prasanna]
2026-10-07 16:21:51,394 | INFO | GET /api/developers -> 200 (0ms) [prasanna]
2026-10-07 16:21:57,018 | INFO | DELETE /api/developers/dev_ed74b9a60a32 -> 200 (447ms) [prasanna]
2026-10-07 16:21:57,417 | INFO | GET /api/developers -> 200 (0ms) [prasanna]
2026-10-07 16:22:01,938 | INFO | DELETE /api/developers/dev_c095b8f82808 -> 200 (486ms) [prasanna]
2026-10-07 16:22:02,323 | INFO | GET /api/developers -> 200 (1ms) [prasanna]
2026-10-07 16:22:17,319 | INFO | GET /pages/employees.html -> 304 (0ms) [anonymous]
2026-10-07 16:22:17,339 | INFO | GET /css/style.css -> 304 (1ms) [anonymous]
2026-10-07 16:22:17,348 | INFO | GET /css/dashboard.css -> 304 (2ms) [anonymous]
2026-10-07 16:22:17,354 | INFO | GET /css/responsive.css -> 304 (1ms) [anonymous]
2026-10-07 16:22:17,386 | INFO | GET /js/auth.js -> 304 (6ms) [anonymous]
2026-10-07 16:22:17,395 | INFO | GET /js/employees.js -> 304 (0ms) [anonymous]
2026-10-07 16:22:17,442 | INFO | GET /components/sidebar.html -> 304 (1ms) [anonymous]
2026-10-07 16:22:17,447 | INFO | GET /components/navbar.html -> 304 (3ms) [anonymous]
2026-10-07 16:22:17,454 | INFO | GET /components/modals.html -> 304 (8ms) [anonymous]
2026-10-07 16:22:17,456 | INFO | GET /components/footer.html -> 304 (6ms) [anonymous]
2026-10-07 16:22:17,508 | INFO | GET /api/auth/notifications -> 200 (0ms) [prasanna]
2026-10-07 16:22:17,510 | INFO | GET /api/roles -> 200 (1ms) [prasanna]
2026-10-07 16:22:17,531 | INFO | GET /api/employees -> 200 (0ms) [prasanna]
2026-10-07 16:22:17,535 | INFO | GET /api/employees -> 200 (0ms) [prasanna]
2026-10-07 16:22:20,254 | INFO | GET /pages/reports.html -> 304 (0ms) [anonymous]
2026-10-07 16:22:20,276 | INFO | GET /css/style.css -> 304 (1ms) [anonymous]
2026-10-07 16:22:20,294 | INFO | GET /css/dashboard.css -> 304 (2ms) [anonymous]
2026-10-07 16:22:20,296 | INFO | GET /css/responsive.css -> 304 (2ms) [anonymous]
2026-10-07 16:22:20,305 | INFO | GET /js/auth.js -> 304 (2ms) [anonymous]
2026-10-07 16:22:20,306 | INFO | GET /js/reports.js -> 304 (1ms) [anonymous]
2026-10-07 16:22:20,377 | INFO | GET /components/sidebar.html -> 304 (1ms) [anonymous]
2026-10-07 16:22:20,392 | INFO | GET /components/navbar.html -> 304 (1ms) [anonymous]
2026-10-07 16:22:20,402 | INFO | GET /components/footer.html -> 304 (3ms) [anonymous]
2026-10-07 16:22:20,448 | INFO | GET /api/reports/dashboard -> 200 (4ms) [prasanna]
2026-10-07 16:22:20,457 | INFO | GET /api/reports/summary -> 200 (0ms) [prasanna]
2026-10-07 16:22:20,460 | INFO | GET /api/auth/notifications -> 200 (0ms) [prasanna]
2026-10-07 16:22:20,472 | INFO | GET /api/reports/activity -> 200 (2ms) [prasanna]
2026-10-07 16:22:20,492 | INFO | GET /api/reports/export -> 200 (0ms) [prasanna]
2026-10-07 16:22:20,628 | INFO | GET /api/reports/monthly -> 200 (165ms) [prasanna]
2026-10-07 16:22:21,020 | INFO | GET /api/reports/powerbi -> 200 (516ms) [prasanna]
2026-10-07 16:22:33,732 | INFO | GET /api/reports/daily -> 200 (54ms) [prasanna]
2026-10-07 16:22:46,112 | INFO | GET /pages/projects.html -> 304 (0ms) [anonymous]
2026-10-07 16:22:46,135 | INFO | GET /css/style.css -> 304 (1ms) [anonymous]
2026-10-07 16:22:46,151 | INFO | GET /css/dashboard.css -> 304 (1ms) [anonymous]
2026-10-07 16:22:46,172 | INFO | GET /css/responsive.css -> 304 (0ms) [anonymous]
2026-10-07 16:22:46,180 | INFO | GET /js/auth.js -> 304 (1ms) [anonymous]
2026-10-07 16:22:46,189 | INFO | GET /js/projects.js -> 304 (2ms) [anonymous]
2026-10-07 16:22:46,234 | INFO | GET /components/sidebar.html -> 304 (2ms) [anonymous]
2026-10-07 16:22:46,235 | INFO | GET /components/navbar.html -> 304 (2ms) [anonymous]
2026-10-07 16:22:46,243 | INFO | GET /components/footer.html -> 304 (5ms) [anonymous]
2026-10-07 16:22:46,244 | INFO | GET /components/modals.html -> 304 (2ms) [anonymous]
2026-10-07 16:22:46,286 | INFO | GET /api/auth/notifications -> 200 (1ms) [prasanna]
2026-10-07 16:22:46,293 | INFO | GET /api/companies -> 200 (5ms) [prasanna]
2026-10-07 16:22:46,300 | INFO | GET /api/employees -> 200 (0ms) [prasanna]
2026-10-07 16:22:46,304 | INFO | GET /api/developers -> 200 (0ms) [prasanna]
2026-10-07 16:22:46,337 | INFO | GET /api/projects -> 200 (0ms) [prasanna]
2026-10-07 16:22:50,432 | INFO | GET /pages/followups.html -> 304 (0ms) [anonymous]
2026-10-07 16:22:50,460 | INFO | GET /css/style.css -> 304 (0ms) [anonymous]
2026-10-07 16:22:50,474 | INFO | GET /css/dashboard.css -> 304 (2ms) [anonymous]
2026-10-07 16:22:50,484 | INFO | GET /css/responsive.css -> 304 (3ms) [anonymous]
2026-10-07 16:22:50,490 | INFO | GET /js/auth.js -> 304 (8ms) [anonymous]
2026-10-07 16:22:50,491 | INFO | GET /js/leads.js -> 304 (2ms) [anonymous]
2026-10-07 16:22:50,547 | INFO | GET /components/sidebar.html -> 304 (1ms) [anonymous]
2026-10-07 16:22:50,573 | INFO | GET /components/navbar.html -> 304 (7ms) [anonymous]
2026-10-07 16:22:50,576 | INFO | GET /components/footer.html -> 304 (3ms) [anonymous]
2026-10-07 16:22:50,578 | INFO | GET /components/modals.html -> 304 (2ms) [anonymous]
2026-10-07 16:22:50,609 | INFO | GET /api/auth/notifications -> 200 (0ms) [prasanna]
2026-10-07 16:22:50,614 | INFO | GET /api/employees -> 200 (0ms) [prasanna]
2026-10-07 16:22:50,617 | INFO | GET /api/followups -> 200 (0ms) [prasanna]
2026-10-07 16:22:52,939 | INFO | GET /pages/companies.html -> 304 (1ms) [anonymous]
2026-10-07 16:22:52,960 | INFO | GET /css/style.css -> 304 (1ms) [anonymous]
2026-10-07 16:22:52,967 | INFO | GET /css/dashboard.css -> 304 (1ms) [anonymous]
2026-10-07 16:22:52,975 | INFO | GET /css/responsive.css -> 304 (0ms) [anonymous]
2026-10-07 16:22:52,982 | INFO | GET /js/auth.js -> 304 (2ms) [anonymous]
2026-10-07 16:22:52,988 | INFO | GET /js/leads.js -> 304 (1ms) [anonymous]
2026-10-07 16:22:53,027 | INFO | GET /components/navbar.html -> 304 (1ms) [anonymous]
2026-10-07 16:22:53,040 | INFO | GET /components/sidebar.html -> 304 (3ms) [anonymous]
2026-10-07 16:22:53,043 | INFO | GET /components/footer.html -> 304 (1ms) [anonymous]
2026-10-07 16:22:53,060 | INFO | GET /components/modals.html -> 304 (0ms) [anonymous]
2026-10-07 16:22:53,074 | INFO | GET /api/auth/notifications -> 200 (0ms) [prasanna]
2026-10-07 16:22:53,077 | INFO | GET /api/companies -> 200 (0ms) [prasanna]
2026-10-07 16:22:54,641 | INFO | GET /pages/employees.html -> 304 (0ms) [anonymous]
2026-10-07 16:22:54,660 | INFO | GET /css/style.css -> 304 (0ms) [anonymous]
2026-10-07 16:22:54,680 | INFO | GET /css/dashboard.css -> 304 (1ms) [anonymous]
2026-10-07 16:22:54,687 | INFO | GET /css/responsive.css -> 304 (0ms) [anonymous]
2026-10-07 16:22:54,692 | INFO | GET /js/auth.js -> 304 (3ms) [anonymous]
2026-10-07 16:22:54,697 | INFO | GET /js/employees.js -> 304 (0ms) [anonymous]
2026-10-07 16:22:54,735 | INFO | GET /components/sidebar.html -> 304 (0ms) [anonymous]
2026-10-07 16:22:54,740 | INFO | GET /components/navbar.html -> 304 (1ms) [anonymous]
2026-10-07 16:22:54,751 | INFO | GET /components/footer.html -> 304 (4ms) [anonymous]
2026-10-07 16:22:54,761 | INFO | GET /components/modals.html -> 304 (2ms) [anonymous]
2026-10-07 16:22:54,800 | INFO | GET /api/auth/notifications -> 200 (0ms) [prasanna]
2026-10-07 16:22:54,808 | INFO | GET /api/roles -> 200 (1ms) [prasanna]
2026-10-07 16:22:54,829 | INFO | GET /api/employees -> 200 (0ms) [prasanna]
2026-10-07 16:22:54,833 | INFO | GET /api/employees -> 200 (3ms) [prasanna]
2026-10-07 16:24:32,348 | INFO | POST /api/employees -> 201 (816ms) [prasanna]
2026-10-07 16:24:32,751 | INFO | GET /api/employees -> 200 (0ms) [prasanna]
2026-10-07 16:24:32,786 | INFO | GET /api/employees -> 200 (1ms) [prasanna]
2026-10-07 16:24:45,314 | INFO | GET /pages/login.html -> 304 (0ms) [anonymous]
2026-10-07 16:24:45,331 | INFO | GET /css/style.css -> 304 (0ms) [anonymous]
2026-10-07 16:24:45,358 | INFO | GET /css/login.css -> 304 (1ms) [anonymous]
2026-10-07 16:24:45,366 | INFO | GET /css/responsive.css -> 304 (1ms) [anonymous]
2026-10-07 16:24:45,373 | INFO | GET /js/auth.js -> 304 (2ms) [anonymous]
2026-10-07 16:24:48,576 | INFO | POST /api/auth/login -> 200 (684ms) [anonymous]
2026-10-07 16:24:48,955 | INFO | GET /pages/employee-dashboard.html -> 200 (1ms) [anonymous]
2026-10-07 16:24:48,996 | INFO | GET /css/style.css -> 304 (2ms) [anonymous]
2026-10-07 16:24:49,032 | INFO | GET /css/responsive.css -> 304 (1ms) [anonymous]
2026-10-07 16:24:49,042 | INFO | GET /css/dashboard.css -> 304 (3ms) [anonymous]
2026-10-07 16:24:49,050 | INFO | GET /js/auth.js -> 304 (5ms) [anonymous]
2026-10-07 16:24:49,053 | INFO | GET /js/dashboard.js -> 304 (5ms) [anonymous]
2026-10-07 16:24:49,131 | INFO | GET /components/sidebar.html -> 304 (1ms) [anonymous]
2026-10-07 16:24:49,137 | INFO | GET /components/navbar.html -> 304 (7ms) [anonymous]
2026-10-07 16:24:49,140 | INFO | GET /components/footer.html -> 304 (7ms) [anonymous]
2026-10-07 16:24:49,141 | INFO | GET /components/modals.html -> 304 (1ms) [anonymous]
2026-10-07 16:24:49,192 | INFO | GET /api/auth/notifications -> 200 (0ms) [vijay]
2026-10-07 16:24:49,197 | INFO | GET /api/reports/dashboard -> 200 (0ms) [vijay]
2026-10-07 16:24:49,204 | INFO | GET /api/leads -> 200 (5ms) [vijay]
2026-10-07 16:24:49,220 | INFO | GET /api/followups -> 200 (4ms) [vijay]
2026-10-07 16:24:58,874 | INFO | GET /pages/login.html -> 304 (1ms) [anonymous]
2026-10-07 16:24:58,900 | INFO | GET /css/style.css -> 304 (2ms) [anonymous]
2026-10-07 16:24:58,901 | INFO | GET /css/login.css -> 304 (1ms) [anonymous]
2026-10-07 16:24:58,910 | INFO | GET /css/responsive.css -> 304 (1ms) [anonymous]
2026-10-07 16:24:58,922 | INFO | GET /js/auth.js -> 304 (2ms) [anonymous]
2026-10-07 16:25:06,584 | INFO | POST /api/auth/login -> 401 (211ms) [anonymous]
2026-10-07 16:25:15,573 | INFO | POST /api/auth/login -> 200 (636ms) [anonymous]
2026-10-07 16:25:15,963 | INFO | GET /pages/admin-dashboard.html -> 304 (0ms) [anonymous]
2026-10-07 16:25:16,010 | INFO | GET /css/style.css -> 304 (2ms) [anonymous]
2026-10-07 16:25:16,028 | INFO | GET /css/responsive.css -> 304 (4ms) [anonymous]
2026-10-07 16:25:16,036 | INFO | GET /css/dashboard.css -> 304 (4ms) [anonymous]
2026-10-07 16:25:16,039 | INFO | GET /js/auth.js -> 304 (4ms) [anonymous]
2026-10-07 16:25:16,044 | INFO | GET /js/dashboard.js -> 304 (5ms) [anonymous]
2026-10-07 16:25:16,107 | INFO | GET /components/sidebar.html -> 304 (1ms) [anonymous]
2026-10-07 16:25:16,111 | INFO | GET /components/navbar.html -> 304 (4ms) [anonymous]
2026-10-07 16:25:16,118 | INFO | GET /components/footer.html -> 304 (1ms) [anonymous]
2026-10-07 16:25:16,130 | INFO | GET /components/modals.html -> 304 (5ms) [anonymous]
2026-10-07 16:25:16,150 | INFO | GET /api/auth/notifications -> 200 (1ms) [prasanna]
2026-10-07 16:25:16,152 | INFO | GET /api/reports/dashboard -> 200 (0ms) [prasanna]
2026-10-07 16:25:16,154 | INFO | GET /api/leads -> 200 (0ms) [prasanna]
2026-10-07 16:25:16,156 | INFO | GET /api/followups -> 200 (0ms) [prasanna]
2026-10-07 16:25:16,161 | INFO | GET /api/employees -> 200 (0ms) [prasanna]
2026-10-07 16:25:22,954 | INFO | GET /pages/leads.html -> 304 (1ms) [anonymous]
2026-10-07 16:25:22,985 | INFO | GET /css/style.css -> 304 (1ms) [anonymous]
2026-10-07 16:25:22,993 | INFO | GET /css/responsive.css -> 304 (1ms) [anonymous]
2026-10-07 16:25:23,003 | INFO | GET /css/dashboard.css -> 304 (3ms) [anonymous]
2026-10-07 16:25:23,004 | INFO | GET /js/auth.js -> 304 (3ms) [anonymous]
2026-10-07 16:25:23,009 | INFO | GET /js/leads.js -> 304 (2ms) [anonymous]
2026-10-07 16:25:23,057 | INFO | GET /components/sidebar.html -> 304 (6ms) [anonymous]
2026-10-07 16:25:23,062 | INFO | GET /components/footer.html -> 304 (0ms) [anonymous]
2026-10-07 16:25:23,063 | INFO | GET /components/navbar.html -> 304 (4ms) [anonymous]
2026-10-07 16:25:23,067 | INFO | GET /components/modals.html -> 304 (1ms) [anonymous]
2026-10-07 16:25:23,106 | INFO | GET /api/auth/notifications -> 200 (1ms) [prasanna]
2026-10-07 16:25:23,110 | INFO | GET /api/leads -> 200 (0ms) [prasanna]
2026-10-07 16:25:25,503 | INFO | GET /api/companies -> 200 (0ms) [prasanna]
2026-10-07 16:25:25,506 | INFO | GET /api/employees -> 200 (0ms) [prasanna]
2026-10-07 16:26:39,250 | INFO | POST /api/leads -> 201 (714ms) [prasanna]
2026-10-07 16:26:39,650 | INFO | GET /api/leads -> 200 (1ms) [prasanna]
2026-10-07 16:26:46,557 | INFO | GET /pages/login.html -> 304 (0ms) [anonymous]
2026-10-07 16:26:46,581 | INFO | GET /css/style.css -> 304 (0ms) [anonymous]
2026-10-07 16:26:46,588 | INFO | GET /css/login.css -> 304 (4ms) [anonymous]
2026-10-07 16:26:46,590 | INFO | GET /js/auth.js -> 304 (2ms) [anonymous]
2026-10-07 16:26:46,591 | INFO | GET /css/responsive.css -> 304 (4ms) [anonymous]
2026-10-07 16:26:52,287 | INFO | POST /api/auth/login -> 200 (741ms) [anonymous]
2026-10-07 16:26:52,672 | INFO | GET /pages/employee-dashboard.html -> 304 (0ms) [anonymous]
2026-10-07 16:26:52,719 | INFO | GET /css/style.css -> 304 (4ms) [anonymous]
2026-10-07 16:26:52,741 | INFO | GET /css/dashboard.css -> 304 (3ms) [anonymous]
2026-10-07 16:26:52,746 | INFO | GET /css/responsive.css -> 304 (6ms) [anonymous]
2026-10-07 16:26:52,751 | INFO | GET /js/auth.js -> 304 (7ms) [anonymous]
2026-10-07 16:26:52,753 | INFO | GET /js/dashboard.js -> 304 (4ms) [anonymous]
2026-10-07 16:26:52,831 | INFO | GET /components/sidebar.html -> 304 (3ms) [anonymous]
2026-10-07 16:26:52,840 | INFO | GET /components/footer.html -> 304 (6ms) [anonymous]
2026-10-07 16:26:52,844 | INFO | GET /components/navbar.html -> 304 (13ms) [anonymous]
2026-10-07 16:26:52,855 | INFO | GET /components/modals.html -> 304 (5ms) [anonymous]
2026-10-07 16:26:52,888 | INFO | GET /api/auth/notifications -> 200 (0ms) [vijay]
2026-10-07 16:26:52,890 | INFO | GET /api/reports/dashboard -> 200 (0ms) [vijay]
2026-10-07 16:26:52,894 | INFO | GET /api/leads -> 200 (0ms) [vijay]
2026-10-07 16:26:52,898 | INFO | GET /api/followups -> 200 (1ms) [vijay]
2026-10-07 16:26:57,976 | INFO | GET /pages/leads.html -> 304 (0ms) [anonymous]
2026-10-07 16:26:58,004 | INFO | GET /css/style.css -> 304 (0ms) [anonymous]
2026-10-07 16:26:58,011 | INFO | GET /css/dashboard.css -> 304 (4ms) [anonymous]
2026-10-07 16:26:58,018 | INFO | GET /css/responsive.css -> 304 (3ms) [anonymous]
2026-10-07 16:26:58,022 | INFO | GET /js/auth.js -> 304 (5ms) [anonymous]
2026-10-07 16:26:58,024 | INFO | GET /js/leads.js -> 304 (2ms) [anonymous]
2026-10-07 16:26:58,092 | INFO | GET /components/sidebar.html -> 304 (1ms) [anonymous]
2026-10-07 16:26:58,093 | INFO | GET /components/navbar.html -> 304 (4ms) [anonymous]
2026-10-07 16:26:58,116 | INFO | GET /components/footer.html -> 304 (5ms) [anonymous]
2026-10-07 16:26:58,117 | INFO | GET /components/modals.html -> 304 (1ms) [anonymous]
2026-10-07 16:26:58,145 | INFO | GET /api/auth/notifications -> 200 (0ms) [vijay]
2026-10-07 16:26:58,149 | INFO | GET /api/leads -> 200 (0ms) [vijay]
2026-10-07 16:27:01,981 | INFO | GET /pages/login.html -> 304 (0ms) [anonymous]
2026-10-07 16:27:02,012 | INFO | GET /css/style.css -> 304 (0ms) [anonymous]
2026-10-07 16:27:02,019 | INFO | GET /css/login.css -> 304 (3ms) [anonymous]
2026-10-07 16:27:02,023 | INFO | GET /js/auth.js -> 304 (1ms) [anonymous]
2026-10-07 16:27:02,030 | INFO | GET /css/responsive.css -> 304 (2ms) [anonymous]
2026-10-07 16:27:07,147 | INFO | POST /api/auth/login -> 200 (648ms) [anonymous]
2026-10-07 16:27:07,539 | INFO | GET /pages/employee-dashboard.html -> 304 (1ms) [anonymous]
2026-10-07 16:27:07,598 | INFO | GET /css/style.css -> 304 (1ms) [anonymous]
2026-10-07 16:27:07,626 | INFO | GET /css/dashboard.css -> 304 (5ms) [anonymous]
2026-10-07 16:27:07,629 | INFO | GET /css/responsive.css -> 304 (3ms) [anonymous]
2026-10-07 16:27:07,632 | INFO | GET /js/auth.js -> 304 (4ms) [anonymous]
2026-10-07 16:27:07,633 | INFO | GET /js/dashboard.js -> 304 (1ms) [anonymous]
2026-10-07 16:27:07,709 | INFO | GET /components/sidebar.html -> 304 (7ms) [anonymous]
2026-10-07 16:27:07,711 | INFO | GET /components/navbar.html -> 304 (1ms) [anonymous]
2026-10-07 16:27:07,737 | INFO | GET /components/footer.html -> 304 (3ms) [anonymous]
2026-10-07 16:27:07,751 | INFO | GET /components/modals.html -> 304 (1ms) [anonymous]
2026-10-07 16:27:07,771 | INFO | GET /api/auth/notifications -> 200 (2ms) [jeeva]
2026-10-07 16:27:07,773 | INFO | GET /api/reports/dashboard -> 200 (0ms) [jeeva]
2026-10-07 16:27:07,774 | INFO | GET /api/leads -> 200 (0ms) [jeeva]
2026-10-07 16:27:07,781 | INFO | GET /api/followups -> 200 (0ms) [jeeva]
2026-10-07 16:27:13,764 | INFO | GET /pages/leads.html -> 304 (0ms) [anonymous]
2026-10-07 16:27:13,791 | INFO | GET /css/style.css -> 304 (0ms) [anonymous]
2026-10-07 16:27:13,795 | INFO | GET /css/dashboard.css -> 304 (0ms) [anonymous]
2026-10-07 16:27:13,815 | INFO | GET /css/responsive.css -> 304 (0ms) [anonymous]
2026-10-07 16:27:13,821 | INFO | GET /js/auth.js -> 304 (2ms) [anonymous]
2026-10-07 16:27:13,822 | INFO | GET /js/leads.js -> 304 (1ms) [anonymous]
2026-10-07 16:27:13,857 | INFO | GET /components/sidebar.html -> 304 (1ms) [anonymous]
2026-10-07 16:27:13,860 | INFO | GET /components/navbar.html -> 304 (2ms) [anonymous]
2026-10-07 16:27:13,862 | INFO | GET /components/footer.html -> 304 (3ms) [anonymous]
2026-10-07 16:27:13,867 | INFO | GET /components/modals.html -> 304 (3ms) [anonymous]
2026-10-07 16:27:13,917 | INFO | GET /api/auth/notifications -> 200 (1ms) [jeeva]
2026-10-07 16:27:13,921 | INFO | GET /api/leads -> 200 (1ms) [jeeva]
2026-10-07 16:27:37,129 | INFO | GET /api/leads/lead_40d2ac2ba106 -> 200 (0ms) [jeeva]
2026-10-07 16:28:26,843 | INFO | POST /api/leads/lead_40d2ac2ba106/followups -> 201 (110ms) [jeeva]
2026-10-07 16:28:27,368 | INFO | GET /api/leads/lead_40d2ac2ba106 -> 200 (0ms) [jeeva]
2026-10-07 16:28:27,370 | INFO | GET /api/leads -> 200 (0ms) [jeeva]
2026-10-07 16:28:35,896 | INFO | GET /pages/followups.html -> 304 (0ms) [anonymous]
2026-10-07 16:28:35,922 | INFO | GET /css/style.css -> 304 (0ms) [anonymous]
2026-10-07 16:28:35,943 | INFO | GET /css/dashboard.css -> 304 (1ms) [anonymous]
2026-10-07 16:28:35,949 | INFO | GET /css/responsive.css -> 304 (2ms) [anonymous]
2026-10-07 16:28:35,950 | INFO | GET /js/auth.js -> 304 (1ms) [anonymous]
2026-10-07 16:28:35,954 | INFO | GET /js/leads.js -> 304 (2ms) [anonymous]
2026-10-07 16:28:36,003 | INFO | GET /components/sidebar.html -> 304 (1ms) [anonymous]
2026-10-07 16:28:36,005 | INFO | GET /components/navbar.html -> 304 (2ms) [anonymous]
2026-10-07 16:28:36,017 | INFO | GET /components/footer.html -> 304 (0ms) [anonymous]
2026-10-07 16:28:36,026 | INFO | GET /components/modals.html -> 304 (1ms) [anonymous]
2026-10-07 16:28:36,062 | INFO | GET /api/auth/notifications -> 200 (0ms) [jeeva]
2026-10-07 16:28:36,065 | INFO | GET /api/employees -> 200 (0ms) [jeeva]
2026-10-07 16:28:36,081 | INFO | GET /api/followups -> 200 (0ms) [jeeva]
2026-10-07 16:28:45,587 | INFO | GET /pages/login.html -> 304 (0ms) [anonymous]
2026-10-07 16:28:45,613 | INFO | GET /css/style.css -> 304 (2ms) [anonymous]
2026-10-07 16:28:45,623 | INFO | GET /css/login.css -> 304 (2ms) [anonymous]
2026-10-07 16:28:45,630 | INFO | GET /css/responsive.css -> 304 (0ms) [anonymous]
2026-10-07 16:28:45,634 | INFO | GET /js/auth.js -> 304 (2ms) [anonymous]
2026-10-07 16:28:50,173 | INFO | POST /api/auth/login -> 200 (652ms) [anonymous]
2026-10-07 16:28:50,559 | INFO | GET /pages/admin-dashboard.html -> 304 (0ms) [anonymous]
2026-10-07 16:28:50,611 | INFO | GET /css/style.css -> 304 (0ms) [anonymous]
2026-10-07 16:28:50,620 | INFO | GET /css/dashboard.css -> 304 (1ms) [anonymous]
2026-10-07 16:28:50,633 | INFO | GET /css/responsive.css -> 304 (3ms) [anonymous]
2026-10-07 16:28:50,637 | INFO | GET /js/auth.js -> 304 (2ms) [anonymous]
2026-10-07 16:28:50,642 | INFO | GET /js/dashboard.js -> 304 (1ms) [anonymous]
2026-10-07 16:28:50,700 | INFO | GET /components/sidebar.html -> 304 (1ms) [anonymous]
2026-10-07 16:28:50,713 | INFO | GET /components/navbar.html -> 304 (2ms) [anonymous]
2026-10-07 16:28:50,719 | INFO | GET /components/footer.html -> 304 (1ms) [anonymous]
2026-10-07 16:28:50,723 | INFO | GET /components/modals.html -> 304 (3ms) [anonymous]
2026-10-07 16:28:50,759 | INFO | GET /api/auth/notifications -> 200 (0ms) [prasanna]
2026-10-07 16:28:50,768 | INFO | GET /api/reports/dashboard -> 200 (1ms) [prasanna]
2026-10-07 16:28:50,773 | INFO | GET /api/leads -> 200 (0ms) [prasanna]
2026-10-07 16:28:50,785 | INFO | GET /api/followups -> 200 (1ms) [prasanna]
2026-10-07 16:28:50,798 | INFO | GET /api/employees -> 200 (0ms) [prasanna]
2026-10-07 16:28:52,961 | INFO | GET /pages/followups.html -> 304 (0ms) [anonymous]
2026-10-07 16:28:52,981 | INFO | GET /css/style.css -> 304 (1ms) [anonymous]
2026-10-07 16:28:52,995 | INFO | GET /css/dashboard.css -> 304 (1ms) [anonymous]
2026-10-07 16:28:53,004 | INFO | GET /css/responsive.css -> 304 (3ms) [anonymous]
2026-10-07 16:28:53,009 | INFO | GET /js/auth.js -> 304 (2ms) [anonymous]
2026-10-07 16:28:53,010 | INFO | GET /js/leads.js -> 304 (1ms) [anonymous]
2026-10-07 16:28:53,047 | INFO | GET /components/sidebar.html -> 304 (6ms) [anonymous]
2026-10-07 16:28:53,050 | INFO | GET /components/navbar.html -> 304 (6ms) [anonymous]
2026-10-07 16:28:53,053 | INFO | GET /components/footer.html -> 304 (3ms) [anonymous]
2026-10-07 16:28:53,055 | INFO | GET /components/modals.html -> 304 (3ms) [anonymous]
2026-10-07 16:28:53,099 | INFO | GET /api/auth/notifications -> 200 (1ms) [prasanna]
2026-10-07 16:28:53,102 | INFO | GET /api/employees -> 200 (0ms) [prasanna]
2026-10-07 16:28:53,113 | INFO | GET /api/followups -> 200 (2ms) [prasanna]
2026-10-07 16:28:59,699 | INFO | PUT /api/followups/fup_411bbf3dd29a -> 200 (56ms) [prasanna]
2026-10-07 16:29:00,114 | INFO | GET /api/followups -> 200 (1ms) [prasanna]
2026-10-07 16:29:07,680 | INFO | GET /api/leads -> 200 (0ms) [prasanna]
2026-10-07 16:33:53,967 | INFO | CRM backend ready on http://0.0.0.0:5000
2026-10-07 16:33:54,692 | INFO | CRM backend ready on http://0.0.0.0:5000
2026-10-07 16:33:54,716 | INFO | GET /health -> 200 (0ms) [anonymous]
2026-10-07 16:33:54,719 | INFO | POST /api/auth/login -> 401 (0ms) [anonymous]
2026-10-07 16:33:55,253 | INFO | POST /api/auth/login -> 200 (531ms) [anonymous]
2026-10-07 16:33:55,255 | INFO | GET /api/auth/me -> 200 (0ms) [prasanna]
2026-10-07 16:33:55,257 | INFO | GET /api/leads -> 401 (0ms) [anonymous]
2026-10-07 16:33:55,867 | INFO | POST /api/employees -> 201 (607ms) [prasanna]
2026-10-07 16:33:56,829 | INFO | POST /api/employees -> 201 (668ms) [prasanna]
2026-10-07 16:33:57,185 | INFO | GET /api/employees -> 200 (0ms) [prasanna]
2026-10-07 16:33:57,649 | INFO | POST /api/companies -> 201 (463ms) [prasanna]
2026-10-07 16:33:58,460 | INFO | POST /api/leads -> 201 (401ms) [prasanna]
2026-10-07 16:33:58,780 | INFO | GET /api/leads/lead_8853f7a5aad8 -> 200 (0ms) [prasanna]
2026-10-07 16:33:58,871 | INFO | POST /api/leads/lead_8853f7a5aad8/followups -> 201 (88ms) [prasanna]
2026-10-07 16:33:59,412 | INFO | POST /api/leads/lead_8853f7a5aad8/calls -> 201 (117ms) [prasanna]
2026-10-07 16:33:59,852 | INFO | GET /api/followups -> 200 (0ms) [prasanna]
2026-10-07 16:33:59,855 | INFO | GET /api/calls -> 200 (0ms) [prasanna]
2026-10-07 16:34:00,239 | INFO | POST /api/developers -> 201 (381ms) [prasanna]
2026-10-07 16:34:01,136 | INFO | POST /api/projects -> 201 (558ms) [prasanna]
2026-10-07 16:34:01,526 | INFO | POST /api/projects/prj_61e2515dab50/tasks -> 201 (43ms) [prasanna]
2026-10-07 16:34:01,953 | INFO | PUT /api/projects/tasks/tsk_e0620d111bff -> 200 (128ms) [prasanna]
2026-10-07 16:34:02,431 | INFO | POST /api/projects/prj_61e2515dab50/updates -> 201 (114ms) [prasanna]
2026-10-07 16:34:03,012 | INFO | POST /api/projects/prj_61e2515dab50/assignments -> 201 (187ms) [prasanna]
2026-10-07 16:34:03,291 | INFO | GET /api/developers/dev_42235c2150f7 -> 200 (0ms) [prasanna]
2026-10-07 16:34:03,296 | INFO | GET /api/reports/summary -> 200 (0ms) [prasanna]
2026-10-07 16:34:03,300 | INFO | GET /api/reports/dashboard -> 200 (1ms) [prasanna]
2026-10-07 16:34:03,439 | INFO | GET /api/reports/daily -> 200 (136ms) [prasanna]
2026-10-07 16:34:03,500 | INFO | GET /api/reports/weekly -> 200 (58ms) [prasanna]
2026-10-07 16:34:03,558 | INFO | GET /api/reports/monthly -> 200 (56ms) [prasanna]
2026-10-07 16:34:03,622 | INFO | GET /api/reports/yearly -> 200 (61ms) [prasanna]
2026-10-07 16:34:03,656 | INFO | GET /api/reports/export/leads -> 200 (31ms) [prasanna]
2026-10-07 16:34:03,795 | INFO | POST /api/reports/powerbi/export -> 200 (135ms) [prasanna]
2026-10-07 16:34:04,200 | INFO | GET /api/reports/activity -> 200 (1ms) [prasanna]
2026-10-07 16:34:04,937 | INFO | POST /api/auth/login -> 200 (734ms) [anonymous]
2026-10-07 16:34:04,945 | INFO | GET /api/employees -> 200 (0ms) [Jane Employee]
2026-10-07 16:34:04,953 | INFO | POST /api/employees -> 403 (0ms) [Jane Employee]
2026-10-07 16:34:05,300 | INFO | GET /api/reports/summary -> 200 (0ms) [Jane Employee]
2026-10-07 16:34:05,829 | INFO | POST /api/auth/login -> 200 (527ms) [anonymous]
2026-10-07 16:34:05,832 | INFO | GET /api/reports/summary -> 200 (0ms) [John Dev]
2026-10-07 16:34:05,834 | INFO | DELETE /api/leads/lead_8853f7a5aad8 -> 403 (0ms) [John Dev]
2026-10-07 16:34:06,181 | INFO | GET /api/roles -> 200 (1ms) [prasanna]
2026-10-07 16:34:06,686 | INFO | POST /api/roles -> 201 (503ms) [prasanna]
2026-10-07 16:34:07,052 | INFO | POST /api/roles -> 422 (0ms) [prasanna]
2026-10-07 16:34:08,091 | INFO | POST /api/employees -> 201 (665ms) [prasanna]
2026-10-07 16:34:08,467 | INFO | POST /api/employees -> 422 (0ms) [prasanna]
2026-10-07 16:34:09,413 | INFO | POST /api/auth/login -> 200 (554ms) [anonymous]
2026-10-07 16:34:09,416 | INFO | GET /api/leads -> 200 (0ms) [Rita Role]
2026-10-07 16:34:09,418 | INFO | GET /api/reports/summary -> 200 (1ms) [Rita Role]
2026-10-07 16:34:09,422 | INFO | POST /api/roles -> 403 (0ms) [Rita Role]
2026-10-07 16:34:09,864 | INFO | DELETE /api/roles/role_32d9cccb373b -> 409 (0ms) [prasanna]
2026-10-07 16:34:10,717 | INFO | DELETE /api/employees/emp_3d8a3200b571 -> 200 (478ms) [prasanna]
2026-10-07 16:34:11,590 | INFO | DELETE /api/roles/role_32d9cccb373b -> 200 (433ms) [prasanna]
2026-10-07 16:34:11,972 | INFO | DELETE /api/roles/role_46052807f7bb -> 400 (1ms) [prasanna]
2026-10-07 16:34:13,013 | INFO | POST /api/leads/lead_8853f7a5aad8/assign -> 200 (501ms) [prasanna]
2026-10-07 16:34:13,514 | INFO | POST /api/projects/prj_61e2515dab50/tasks -> 201 (119ms) [prasanna]
2026-10-07 16:34:14,458 | INFO | PUT /api/projects/prj_61e2515dab50 -> 200 (562ms) [prasanna]
2026-10-07 16:34:14,848 | INFO | GET /api/employees/emp_9f081f09eaa7 -> 200 (1ms) [prasanna]
2026-10-07 16:34:15,282 | INFO | POST /api/leads/lead_8853f7a5aad8/assign -> 200 (431ms) [prasanna]
2026-10-07 16:34:15,786 | INFO | PUT /api/projects/tasks/tsk_10ede9ab51f0 -> 200 (51ms) [prasanna]
2026-10-07 16:34:16,669 | INFO | PUT /api/projects/prj_61e2515dab50 -> 200 (502ms) [prasanna]
2026-10-07 16:34:17,053 | INFO | GET /api/employees/emp_9f081f09eaa7 -> 200 (0ms) [prasanna]
2026-10-07 16:34:17,650 | INFO | POST /api/leads/lead_8853f7a5aad8/assign -> 200 (595ms) [prasanna]
2026-10-07 16:34:18,531 | INFO | POST /api/leads -> 201 (530ms) [prasanna]
2026-10-07 16:34:18,979 | INFO | GET /api/leads -> 200 (0ms) [Jane Employee]
2026-10-07 16:34:18,982 | INFO | GET /api/leads -> 200 (0ms) [John Dev]
2026-10-07 16:34:18,985 | INFO | GET /api/leads/lead_b194870903be -> 404 (0ms) [Jane Employee]
2026-10-07 16:34:18,987 | INFO | GET /api/leads/lead_8853f7a5aad8 -> 404 (0ms) [John Dev]
2026-10-07 16:34:18,989 | INFO | POST /api/leads/lead_8853f7a5aad8/assign -> 403 (0ms) [Jane Employee]
2026-10-07 16:34:19,376 | INFO | PUT /api/leads/lead_b194870903be -> 404 (0ms) [Jane Employee]
2026-10-07 16:34:19,764 | INFO | DELETE /api/leads/lead_b194870903be -> 404 (0ms) [Jane Employee]
2026-10-07 16:34:20,803 | INFO | POST /api/leads -> 201 (587ms) [Jane Employee]
2026-10-07 16:34:21,165 | INFO | GET /api/leads -> 200 (0ms) [John Dev]
2026-10-07 16:34:21,169 | INFO | GET /api/leads/lead_cb20eabbab0e -> 404 (0ms) [John Dev]
2026-10-07 16:34:21,172 | INFO | GET /api/followups -> 200 (0ms) [Jane Employee]
2026-10-07 16:34:21,176 | INFO | GET /api/followups -> 200 (1ms) [John Dev]
2026-10-07 16:34:21,178 | INFO | GET /api/leads/lead_b194870903be/followups -> 404 (0ms) [Jane Employee]
2026-10-07 16:34:21,317 | INFO | POST /api/leads/lead_8853f7a5aad8/calls -> 201 (136ms) [Jane Employee]
2026-10-07 16:34:21,767 | INFO | GET /api/calls -> 200 (0ms) [Jane Employee]
2026-10-07 16:34:21,769 | INFO | GET /api/calls -> 200 (0ms) [John Dev]
2026-10-07 16:34:22,234 | INFO | DELETE /api/leads/lead_cb20eabbab0e -> 200 (462ms) [Jane Employee]
2026-10-07 16:34:23,122 | INFO | DELETE /api/leads/lead_b194870903be -> 200 (463ms) [prasanna]
2026-10-07 16:34:24,153 | INFO | DELETE /api/leads/lead_8853f7a5aad8 -> 200 (575ms) [prasanna]
2026-10-07 16:34:25,300 | INFO | DELETE /api/projects/prj_61e2515dab50 -> 200 (685ms) [prasanna]
2026-10-07 16:34:25,693 | INFO | PUT /api/auth/change-password -> 403 (0ms) [Jane Employee]
2026-10-07 16:34:26,097 | INFO | POST /api/auth/register -> 403 (0ms) [Jane Employee]
2026-10-07 16:34:27,120 | INFO | PUT /api/auth/change-password -> 200 (515ms) [prasanna]
2026-10-07 16:34:28,130 | INFO | PUT /api/employees/emp_9f081f09eaa7 -> 200 (626ms) [prasanna]
2026-10-07 16:34:29,203 | INFO | POST /api/auth/login -> 200 (587ms) [anonymous]
2026-10-07 16:34:29,206 | INFO | POST /api/auth/notifications -> 403 (1ms) [Jane Employee]
2026-10-07 16:34:29,601 | INFO | POST /api/auth/notifications -> 404 (0ms) [prasanna]
2026-10-07 16:34:30,056 | INFO | POST /api/auth/notifications -> 422 (0ms) [prasanna]
2026-10-07 16:34:30,540 | INFO | POST /api/auth/notifications -> 201 (83ms) [prasanna]
2026-10-07 16:34:30,949 | INFO | GET /api/auth/notifications -> 200 (0ms) [Jane Employee]
2026-10-07 16:34:30,951 | INFO | GET /api/auth/notifications -> 200 (0ms) [John Dev]
2026-10-07 16:34:31,417 | INFO | DELETE /api/employees/emp_9f081f09eaa7 -> 200 (464ms) [prasanna]
2026-10-07 16:34:32,231 | INFO | DELETE /api/employees/emp_2046e04de84d -> 200 (398ms) [prasanna]
2026-10-07 16:34:47,235 | INFO | CRM backend ready on http://0.0.0.0:5001
2026-10-07 16:34:47,478 | INFO | GET /health -> 200 (0ms) [anonymous]
2026-10-07 16:34:48,130 | INFO | POST /api/auth/login -> 200 (607ms) [anonymous]
2026-10-07 16:34:48,276 | INFO | POST /api/auth/notifications -> 201 (72ms) [prasanna]
2026-10-07 16:34:48,937 | INFO | POST /api/auth/login -> 401 (198ms) [anonymous]
2026-10-07 16:37:33,235 | INFO | GET /pages/followups.html -> 200 (1ms) [anonymous]
2026-10-07 16:37:33,290 | INFO | GET /css/style.css -> 304 (0ms) [anonymous]
2026-10-07 16:37:33,302 | INFO | GET /css/dashboard.css -> 304 (3ms) [anonymous]
2026-10-07 16:37:33,303 | INFO | GET /css/responsive.css -> 304 (3ms) [anonymous]
2026-10-07 16:37:33,306 | INFO | GET /js/auth.js -> 304 (3ms) [anonymous]
2026-10-07 16:37:33,307 | INFO | GET /js/leads.js -> 200 (1ms) [anonymous]
2026-10-07 16:37:33,365 | INFO | GET /components/sidebar.html -> 304 (4ms) [anonymous]
2026-10-07 16:37:33,371 | INFO | GET /components/navbar.html -> 304 (0ms) [anonymous]
2026-10-07 16:37:33,382 | INFO | GET /components/footer.html -> 304 (6ms) [anonymous]
2026-10-07 16:37:33,414 | INFO | GET /components/modals.html -> 304 (0ms) [anonymous]
2026-10-07 16:37:33,436 | INFO | GET /api/auth/notifications -> 200 (0ms) [prasanna]
2026-10-07 16:37:33,438 | INFO | GET /api/employees -> 200 (1ms) [prasanna]
2026-10-07 16:37:33,441 | INFO | GET /api/employees -> 200 (0ms) [prasanna]
2026-10-07 16:37:33,446 | INFO | GET /api/followups -> 200 (3ms) [prasanna]
2026-10-07 16:38:59,964 | INFO | POST /api/auth/notifications -> 201 (89ms) [prasanna]
2026-10-07 16:39:11,914 | INFO | GET /api/leads -> 200 (1ms) [prasanna]
2026-10-07 16:39:27,548 | INFO | GET /pages/login.html -> 304 (0ms) [anonymous]
2026-10-07 16:39:27,572 | INFO | GET /css/style.css -> 304 (3ms) [anonymous]
2026-10-07 16:39:27,578 | INFO | GET /css/login.css -> 304 (1ms) [anonymous]
2026-10-07 16:39:27,584 | INFO | GET /css/responsive.css -> 304 (3ms) [anonymous]
2026-10-07 16:39:27,587 | INFO | GET /js/auth.js -> 304 (1ms) [anonymous]
2026-10-07 16:39:33,359 | INFO | POST /api/auth/login -> 200 (764ms) [anonymous]
2026-10-07 16:39:33,743 | INFO | GET /pages/employee-dashboard.html -> 304 (1ms) [anonymous]
2026-10-07 16:39:33,795 | INFO | GET /css/style.css -> 304 (1ms) [anonymous]
2026-10-07 16:39:33,824 | INFO | GET /css/dashboard.css -> 304 (2ms) [anonymous]
2026-10-07 16:39:33,828 | INFO | GET /css/responsive.css -> 304 (2ms) [anonymous]
2026-10-07 16:39:33,837 | INFO | GET /js/auth.js -> 304 (4ms) [anonymous]
2026-10-07 16:39:33,839 | INFO | GET /js/dashboard.js -> 304 (3ms) [anonymous]
2026-10-07 16:39:33,921 | INFO | GET /components/sidebar.html -> 304 (0ms) [anonymous]
2026-10-07 16:39:33,925 | INFO | GET /components/navbar.html -> 304 (2ms) [anonymous]
2026-10-07 16:39:33,927 | INFO | GET /components/footer.html -> 304 (1ms) [anonymous]
2026-10-07 16:39:33,937 | INFO | GET /components/modals.html -> 304 (0ms) [anonymous]
2026-10-07 16:39:33,971 | INFO | GET /api/auth/notifications -> 200 (2ms) [vijay]
2026-10-07 16:39:33,976 | INFO | GET /api/reports/dashboard -> 200 (0ms) [vijay]
2026-10-07 16:39:33,986 | INFO | GET /api/leads -> 200 (0ms) [vijay]
2026-10-07 16:39:33,999 | INFO | GET /api/followups -> 200 (0ms) [vijay]
2026-10-07 16:39:41,648 | INFO | GET /api/auth/notifications -> 200 (1ms) [vijay]
2026-10-07 16:39:48,634 | INFO | PUT /api/auth/notifications/read-all -> 200 (153ms) [vijay]
2026-10-07 16:39:49,073 | INFO | GET /api/auth/notifications -> 200 (0ms) [vijay]
2026-10-07 16:39:49,583 | INFO | PUT /api/auth/notifications/read-all -> 200 (0ms) [vijay]
2026-10-07 16:39:49,967 | INFO | GET /api/auth/notifications -> 200 (0ms) [vijay]
2026-10-07 16:39:50,424 | INFO | PUT /api/auth/notifications/read-all -> 200 (0ms) [vijay]
2026-10-07 16:39:50,904 | INFO | GET /api/auth/notifications -> 200 (1ms) [vijay]
2026-10-07 16:40:02,934 | INFO | GET /api/auth/notifications -> 200 (0ms) [vijay]
2026-10-07 16:41:05,243 | INFO | GET /pages/followups.html -> 304 (0ms) [anonymous]
2026-10-07 16:41:05,264 | INFO | GET /css/style.css -> 304 (1ms) [anonymous]
2026-10-07 16:41:05,287 | INFO | GET /css/dashboard.css -> 304 (3ms) [anonymous]
2026-10-07 16:41:05,299 | INFO | GET /js/leads.js -> 200 (4ms) [anonymous]
2026-10-07 16:41:05,300 | INFO | GET /js/auth.js -> 200 (4ms) [anonymous]
2026-10-07 16:41:05,308 | INFO | GET /css/responsive.css -> 304 (5ms) [anonymous]
2026-10-07 16:41:05,511 | INFO | GET /components/sidebar.html -> 304 (1ms) [anonymous]
2026-10-07 16:41:05,545 | INFO | GET /components/navbar.html -> 304 (0ms) [anonymous]
2026-10-07 16:41:05,551 | INFO | GET /components/footer.html -> 304 (0ms) [anonymous]
2026-10-07 16:41:05,587 | INFO | GET /components/modals.html -> 304 (0ms) [anonymous]
2026-10-07 16:41:05,632 | INFO | GET /api/auth/notifications -> 200 (0ms) [vijay]
2026-10-07 16:41:05,638 | INFO | GET /api/employees -> 200 (0ms) [vijay]
2026-10-07 16:41:05,645 | INFO | GET /api/followups -> 200 (2ms) [vijay]
2026-10-07 16:41:07,675 | INFO | GET /pages/companies.html -> 304 (0ms) [anonymous]
2026-10-07 16:41:07,699 | INFO | GET /css/style.css -> 304 (0ms) [anonymous]
2026-10-07 16:41:07,703 | INFO | GET /css/dashboard.css -> 304 (0ms) [anonymous]
2026-10-07 16:41:07,709 | INFO | GET /css/responsive.css -> 304 (0ms) [anonymous]
2026-10-07 16:41:07,724 | INFO | GET /js/auth.js -> 304 (7ms) [anonymous]
2026-10-07 16:41:07,725 | INFO | GET /js/leads.js -> 304 (2ms) [anonymous]
2026-10-07 16:41:07,766 | INFO | GET /components/sidebar.html -> 304 (2ms) [anonymous]
2026-10-07 16:41:07,779 | INFO | GET /components/navbar.html -> 304 (8ms) [anonymous]
2026-10-07 16:41:07,781 | INFO | GET /components/footer.html -> 304 (2ms) [anonymous]
2026-10-07 16:41:07,782 | INFO | GET /components/modals.html -> 304 (2ms) [anonymous]
2026-10-07 16:41:07,809 | INFO | GET /api/auth/notifications -> 200 (0ms) [vijay]
2026-10-07 16:41:07,817 | INFO | GET /api/companies -> 200 (0ms) [vijay]
2026-10-07 16:41:09,841 | INFO | GET /pages/companies.html -> 304 (0ms) [anonymous]
2026-10-07 16:41:09,872 | INFO | GET /css/style.css -> 304 (1ms) [anonymous]
2026-10-07 16:41:09,881 | INFO | GET /js/leads.js -> 304 (2ms) [anonymous]
2026-10-07 16:41:09,887 | INFO | GET /js/auth.js -> 304 (3ms) [anonymous]
2026-10-07 16:41:09,891 | INFO | GET /css/responsive.css -> 304 (5ms) [anonymous]
2026-10-07 16:41:09,892 | INFO | GET /css/dashboard.css -> 304 (2ms) [anonymous]
2026-10-07 16:41:09,935 | INFO | GET /components/sidebar.html -> 304 (0ms) [anonymous]
2026-10-07 16:41:09,940 | INFO | GET /components/navbar.html -> 304 (3ms) [anonymous]
2026-10-07 16:41:09,945 | INFO | GET /components/footer.html -> 304 (4ms) [anonymous]
2026-10-07 16:41:09,948 | INFO | GET /components/modals.html -> 304 (1ms) [anonymous]
2026-10-07 16:41:09,990 | INFO | GET /api/auth/notifications -> 200 (1ms) [vijay]
2026-10-07 16:41:09,994 | INFO | GET /api/companies -> 200 (0ms) [vijay]
2026-10-07 16:41:11,580 | INFO | GET /pages/leads.html -> 304 (0ms) [anonymous]
2026-10-07 16:41:11,606 | INFO | GET /css/style.css -> 304 (2ms) [anonymous]
2026-10-07 16:41:11,612 | INFO | GET /css/dashboard.css -> 304 (2ms) [anonymous]
2026-10-07 16:41:11,612 | INFO | GET /css/responsive.css -> 304 (0ms) [anonymous]
2026-10-07 16:41:11,617 | INFO | GET /js/auth.js -> 304 (3ms) [anonymous]
2026-10-07 16:41:11,622 | INFO | GET /js/leads.js -> 304 (1ms) [anonymous]
2026-10-07 16:41:11,673 | INFO | GET /components/sidebar.html -> 304 (5ms) [anonymous]
2026-10-07 16:41:11,676 | INFO | GET /components/navbar.html -> 304 (1ms) [anonymous]
2026-10-07 16:41:11,681 | INFO | GET /components/footer.html -> 304 (3ms) [anonymous]
2026-10-07 16:41:11,683 | INFO | GET /components/modals.html -> 304 (2ms) [anonymous]
2026-10-07 16:41:11,720 | INFO | GET /api/auth/notifications -> 200 (1ms) [vijay]
2026-10-07 16:41:11,728 | INFO | GET /api/leads -> 200 (2ms) [vijay]
2026-10-07 16:41:13,042 | INFO | GET /pages/leads.html -> 304 (0ms) [anonymous]
2026-10-07 16:41:13,071 | INFO | GET /css/style.css -> 304 (2ms) [anonymous]
2026-10-07 16:41:13,076 | INFO | GET /css/dashboard.css -> 304 (0ms) [anonymous]
2026-10-07 16:41:13,088 | INFO | GET /css/responsive.css -> 304 (1ms) [anonymous]
2026-10-07 16:41:13,090 | INFO | GET /js/auth.js -> 304 (2ms) [anonymous]
2026-10-07 16:41:13,091 | INFO | GET /js/leads.js -> 304 (0ms) [anonymous]
2026-10-07 16:41:13,140 | INFO | GET /components/sidebar.html -> 304 (8ms) [anonymous]
2026-10-07 16:41:13,142 | INFO | GET /components/navbar.html -> 304 (2ms) [anonymous]
2026-10-07 16:41:13,144 | INFO | GET /components/footer.html -> 304 (3ms) [anonymous]
2026-10-07 16:41:13,145 | INFO | GET /components/modals.html -> 304 (1ms) [anonymous]
2026-10-07 16:41:13,187 | INFO | GET /api/auth/notifications -> 200 (2ms) [vijay]
2026-10-07 16:41:13,189 | INFO | GET /api/leads -> 200 (0ms) [vijay]
2026-10-07 16:41:14,395 | INFO | GET /pages/followups.html -> 304 (0ms) [anonymous]
2026-10-07 16:41:14,418 | INFO | GET /css/style.css -> 304 (3ms) [anonymous]
2026-10-07 16:41:14,424 | INFO | GET /css/dashboard.css -> 304 (0ms) [anonymous]
2026-10-07 16:41:14,433 | INFO | GET /js/auth.js -> 304 (3ms) [anonymous]
2026-10-07 16:41:14,434 | INFO | GET /css/responsive.css -> 304 (4ms) [anonymous]
2026-10-07 16:41:14,440 | INFO | GET /js/leads.js -> 304 (1ms) [anonymous]
2026-10-07 16:41:14,481 | INFO | GET /components/sidebar.html -> 304 (2ms) [anonymous]
2026-10-07 16:41:14,482 | INFO | GET /components/navbar.html -> 304 (2ms) [anonymous]
2026-10-07 16:41:14,488 | INFO | GET /components/footer.html -> 304 (8ms) [anonymous]
2026-10-07 16:41:14,490 | INFO | GET /components/modals.html -> 304 (0ms) [anonymous]
2026-10-07 16:41:14,531 | INFO | GET /api/auth/notifications -> 200 (1ms) [vijay]
2026-10-07 16:41:14,545 | INFO | GET /api/employees -> 200 (1ms) [vijay]
2026-10-07 16:41:14,560 | INFO | GET /api/followups -> 200 (0ms) [vijay]
2026-10-07 16:41:17,395 | INFO | GET /pages/leads.html -> 304 (1ms) [anonymous]
2026-10-07 16:41:17,447 | INFO | GET /css/style.css -> 304 (2ms) [anonymous]
2026-10-07 16:41:17,479 | INFO | GET /css/dashboard.css -> 304 (2ms) [anonymous]
2026-10-07 16:41:17,481 | INFO | GET /css/responsive.css -> 304 (0ms) [anonymous]
2026-10-07 16:41:17,485 | INFO | GET /js/auth.js -> 304 (1ms) [anonymous]
2026-10-07 16:41:17,487 | INFO | GET /js/leads.js -> 304 (0ms) [anonymous]
2026-10-07 16:41:17,555 | INFO | GET /components/sidebar.html -> 304 (3ms) [anonymous]
2026-10-07 16:41:17,556 | INFO | GET /components/navbar.html -> 304 (3ms) [anonymous]
2026-10-07 16:41:17,559 | INFO | GET /components/footer.html -> 304 (3ms) [anonymous]
2026-10-07 16:41:17,560 | INFO | GET /components/modals.html -> 304 (1ms) [anonymous]
2026-10-07 16:41:17,593 | INFO | GET /api/auth/notifications -> 200 (0ms) [vijay]
2026-10-07 16:41:17,597 | INFO | GET /api/leads -> 200 (1ms) [vijay]
2026-10-07 16:41:21,453 | INFO | GET /pages/projects.html -> 304 (1ms) [anonymous]
2026-10-07 16:41:21,481 | INFO | GET /css/style.css -> 304 (1ms) [anonymous]
2026-10-07 16:41:21,488 | INFO | GET /css/dashboard.css -> 304 (0ms) [anonymous]
2026-10-07 16:41:21,501 | INFO | GET /css/responsive.css -> 304 (2ms) [anonymous]
2026-10-07 16:41:21,503 | INFO | GET /js/auth.js -> 304 (1ms) [anonymous]
2026-10-07 16:41:21,508 | INFO | GET /js/projects.js -> 304 (0ms) [anonymous]
2026-10-07 16:41:21,562 | INFO | GET /components/footer.html -> 304 (5ms) [anonymous]
2026-10-07 16:41:21,563 | INFO | GET /components/navbar.html -> 304 (5ms) [anonymous]
2026-10-07 16:41:21,567 | INFO | GET /components/sidebar.html -> 304 (1ms) [anonymous]
2026-10-07 16:41:21,571 | INFO | GET /components/modals.html -> 304 (1ms) [anonymous]
2026-10-07 16:41:21,612 | INFO | GET /api/auth/notifications -> 200 (0ms) [vijay]
2026-10-07 16:41:21,635 | INFO | GET /api/companies -> 200 (0ms) [vijay]
2026-10-07 16:41:21,639 | INFO | GET /api/employees -> 200 (0ms) [vijay]
2026-10-07 16:41:21,662 | INFO | GET /api/developers -> 200 (0ms) [vijay]
2026-10-07 16:41:21,674 | INFO | GET /api/projects -> 200 (0ms) [vijay]
2026-10-07 16:41:22,902 | INFO | GET /pages/developers.html -> 304 (0ms) [anonymous]
2026-10-07 16:41:22,927 | INFO | GET /css/style.css -> 304 (3ms) [anonymous]
2026-10-07 16:41:22,939 | INFO | GET /css/dashboard.css -> 304 (6ms) [anonymous]
2026-10-07 16:41:22,948 | INFO | GET /css/responsive.css -> 304 (2ms) [anonymous]
2026-10-07 16:41:22,955 | INFO | GET /js/auth.js -> 304 (3ms) [anonymous]
2026-10-07 16:41:22,959 | INFO | GET /js/developers.js -> 304 (4ms) [anonymous]
2026-10-07 16:41:23,010 | INFO | GET /components/sidebar.html -> 304 (4ms) [anonymous]
2026-10-07 16:41:23,014 | INFO | GET /components/navbar.html -> 304 (2ms) [anonymous]
2026-10-07 16:41:23,021 | INFO | GET /components/footer.html -> 304 (1ms) [anonymous]
2026-10-07 16:41:23,030 | INFO | GET /components/modals.html -> 304 (4ms) [anonymous]
2026-10-07 16:41:23,069 | INFO | GET /api/auth/notifications -> 200 (0ms) [vijay]
2026-10-07 16:41:23,072 | INFO | GET /api/developers -> 200 (0ms) [vijay]
2026-10-07 16:41:24,826 | INFO | GET /pages/leads.html -> 304 (0ms) [anonymous]
2026-10-07 16:41:24,848 | INFO | GET /css/style.css -> 304 (0ms) [anonymous]
2026-10-07 16:41:24,854 | INFO | GET /css/dashboard.css -> 304 (0ms) [anonymous]
2026-10-07 16:41:24,862 | INFO | GET /css/responsive.css -> 304 (7ms) [anonymous]
2026-10-07 16:41:24,863 | INFO | GET /js/auth.js -> 304 (0ms) [anonymous]
2026-10-07 16:41:24,870 | INFO | GET /js/leads.js -> 304 (1ms) [anonymous]
2026-10-07 16:41:24,899 | INFO | GET /components/sidebar.html -> 304 (0ms) [anonymous]
2026-10-07 16:41:24,908 | INFO | GET /components/navbar.html -> 304 (5ms) [anonymous]
2026-10-07 16:41:24,912 | INFO | GET /components/footer.html -> 304 (7ms) [anonymous]
2026-10-07 16:41:24,913 | INFO | GET /components/modals.html -> 304 (1ms) [anonymous]
2026-10-07 16:41:24,959 | INFO | GET /api/auth/notifications -> 200 (4ms) [vijay]
2026-10-07 16:41:24,981 | INFO | GET /api/leads -> 200 (1ms) [vijay]
2026-10-07 16:41:26,546 | INFO | GET /pages/companies.html -> 304 (0ms) [anonymous]
2026-10-07 16:41:26,568 | INFO | GET /css/style.css -> 304 (0ms) [anonymous]
2026-10-07 16:41:26,586 | INFO | GET /css/dashboard.css -> 304 (1ms) [anonymous]
2026-10-07 16:41:26,597 | INFO | GET /css/responsive.css -> 304 (2ms) [anonymous]
2026-10-07 16:41:26,600 | INFO | GET /js/auth.js -> 304 (1ms) [anonymous]
2026-10-07 16:41:26,603 | INFO | GET /js/leads.js -> 304 (1ms) [anonymous]
2026-10-07 16:41:26,650 | INFO | GET /components/sidebar.html -> 304 (3ms) [anonymous]
2026-10-07 16:41:26,652 | INFO | GET /components/navbar.html -> 304 (2ms) [anonymous]
2026-10-07 16:41:26,660 | INFO | GET /components/modals.html -> 304 (1ms) [anonymous]
2026-10-07 16:41:26,661 | INFO | GET /components/footer.html -> 304 (9ms) [anonymous]
2026-10-07 16:41:26,700 | INFO | GET /api/auth/notifications -> 200 (0ms) [vijay]
2026-10-07 16:41:26,705 | INFO | GET /api/companies -> 200 (1ms) [vijay]
2026-10-07 16:41:30,997 | INFO | GET /pages/employee-dashboard.html -> 304 (0ms) [anonymous]
2026-10-07 16:41:31,015 | INFO | GET /css/style.css -> 304 (0ms) [anonymous]
2026-10-07 16:41:31,156 | INFO | GET /css/dashboard.css -> 304 (0ms) [anonymous]
2026-10-07 16:41:31,188 | INFO | GET /css/responsive.css -> 304 (0ms) [anonymous]
2026-10-07 16:41:31,238 | INFO | GET /js/auth.js -> 304 (5ms) [anonymous]
2026-10-07 16:41:31,242 | INFO | GET /js/dashboard.js -> 304 (1ms) [anonymous]
2026-10-07 16:41:31,313 | INFO | GET /components/sidebar.html -> 304 (0ms) [anonymous]
2026-10-07 16:41:31,330 | INFO | GET /components/navbar.html -> 304 (2ms) [anonymous]
2026-10-07 16:41:31,338 | INFO | GET /components/modals.html -> 304 (3ms) [anonymous]
2026-10-07 16:41:31,359 | INFO | GET /components/footer.html -> 304 (0ms) [anonymous]
2026-10-07 16:41:31,413 | INFO | GET /api/auth/notifications -> 200 (2ms) [vijay]
2026-10-07 16:41:31,427 | INFO | GET /api/reports/dashboard -> 200 (0ms) [vijay]
2026-10-07 16:41:31,443 | INFO | GET /api/leads -> 200 (0ms) [vijay]
2026-10-07 16:41:31,473 | INFO | GET /api/followups -> 200 (1ms) [vijay]
2026-10-07 16:41:43,381 | INFO | GET /api/auth/notifications -> 200 (1ms) [vijay]
2026-10-07 16:41:50,547 | INFO | GET /pages/login.html -> 304 (0ms) [anonymous]
2026-10-07 16:41:50,570 | INFO | GET /css/style.css -> 304 (1ms) [anonymous]
2026-10-07 16:41:50,588 | INFO | GET /css/login.css -> 304 (1ms) [anonymous]
2026-10-07 16:41:50,590 | INFO | GET /css/responsive.css -> 304 (2ms) [anonymous]
2026-10-07 16:41:50,591 | INFO | GET /js/auth.js -> 304 (0ms) [anonymous]
2026-10-07 16:41:55,613 | INFO | POST /api/auth/login -> 200 (912ms) [anonymous]
2026-10-07 16:41:55,999 | INFO | GET /pages/admin-dashboard.html -> 304 (1ms) [anonymous]
2026-10-07 16:41:56,074 | INFO | GET /css/style.css -> 304 (2ms) [anonymous]
2026-10-07 16:41:56,096 | INFO | GET /js/dashboard.js -> 304 (3ms) [anonymous]
2026-10-07 16:41:56,101 | INFO | GET /js/auth.js -> 304 (5ms) [anonymous]
2026-10-07 16:41:56,103 | INFO | GET /css/responsive.css -> 304 (3ms) [anonymous]
2026-10-07 16:41:56,127 | INFO | GET /css/dashboard.css -> 304 (4ms) [anonymous]
2026-10-07 16:41:56,166 | INFO | GET /components/sidebar.html -> 304 (1ms) [anonymous]
2026-10-07 16:41:56,184 | INFO | GET /components/navbar.html -> 304 (9ms) [anonymous]
2026-10-07 16:41:56,190 | INFO | GET /components/footer.html -> 304 (3ms) [anonymous]
2026-10-07 16:41:56,192 | INFO | GET /components/modals.html -> 304 (2ms) [anonymous]
2026-10-07 16:41:56,233 | INFO | GET /api/auth/notifications -> 200 (0ms) [prasanna]
2026-10-07 16:41:56,240 | INFO | GET /api/leads -> 200 (0ms) [prasanna]
2026-10-07 16:41:56,262 | INFO | GET /api/reports/dashboard -> 200 (4ms) [prasanna]
2026-10-07 16:41:56,266 | INFO | GET /api/followups -> 200 (0ms) [prasanna]
2026-10-07 16:41:56,330 | INFO | GET /api/employees -> 200 (4ms) [prasanna]
2026-10-07 16:42:00,303 | INFO | GET /pages/companies.html -> 304 (1ms) [anonymous]
2026-10-07 16:42:00,334 | INFO | GET /css/style.css -> 304 (0ms) [anonymous]
2026-10-07 16:42:00,344 | INFO | GET /css/dashboard.css -> 304 (0ms) [anonymous]
2026-10-07 16:42:00,351 | INFO | GET /css/responsive.css -> 304 (1ms) [anonymous]
2026-10-07 16:42:00,354 | INFO | GET /js/auth.js -> 304 (3ms) [anonymous]
2026-10-07 16:42:00,356 | INFO | GET /js/leads.js -> 304 (2ms) [anonymous]
2026-10-07 16:42:00,401 | INFO | GET /components/sidebar.html -> 304 (2ms) [anonymous]
2026-10-07 16:42:00,402 | INFO | GET /components/navbar.html -> 304 (1ms) [anonymous]
2026-10-07 16:42:00,404 | INFO | GET /components/footer.html -> 304 (1ms) [anonymous]
2026-10-07 16:42:00,410 | INFO | GET /components/modals.html -> 304 (1ms) [anonymous]
2026-10-07 16:42:00,450 | INFO | GET /api/auth/notifications -> 200 (0ms) [prasanna]
2026-10-07 16:42:00,452 | INFO | GET /api/companies -> 200 (0ms) [prasanna]
2026-10-07 16:42:01,274 | INFO | GET /pages/leads.html -> 304 (0ms) [anonymous]
2026-10-07 16:42:01,297 | INFO | GET /css/style.css -> 304 (1ms) [anonymous]
2026-10-07 16:42:01,313 | INFO | GET /css/dashboard.css -> 304 (2ms) [anonymous]
2026-10-07 16:42:01,314 | INFO | GET /css/responsive.css -> 304 (2ms) [anonymous]
2026-10-07 16:42:01,317 | INFO | GET /js/auth.js -> 304 (1ms) [anonymous]
2026-10-07 16:42:01,319 | INFO | GET /js/leads.js -> 304 (1ms) [anonymous]
2026-10-07 16:42:01,370 | INFO | GET /components/sidebar.html -> 304 (2ms) [anonymous]
2026-10-07 16:42:01,374 | INFO | GET /components/navbar.html -> 304 (4ms) [anonymous]
2026-10-07 16:42:01,379 | INFO | GET /components/footer.html -> 304 (3ms) [anonymous]
2026-10-07 16:42:01,380 | INFO | GET /components/modals.html -> 304 (2ms) [anonymous]
2026-10-07 16:42:01,415 | INFO | GET /api/auth/notifications -> 200 (0ms) [prasanna]
2026-10-07 16:42:01,427 | INFO | GET /api/leads -> 200 (0ms) [prasanna]
2026-10-07 16:42:04,730 | INFO | GET /pages/followups.html -> 304 (0ms) [anonymous]
2026-10-07 16:42:04,755 | INFO | GET /css/style.css -> 304 (1ms) [anonymous]
2026-10-07 16:42:04,770 | INFO | GET /css/dashboard.css -> 304 (2ms) [anonymous]
2026-10-07 16:42:04,772 | INFO | GET /css/responsive.css -> 304 (0ms) [anonymous]
2026-10-07 16:42:04,776 | INFO | GET /js/auth.js -> 304 (1ms) [anonymous]
2026-10-07 16:42:04,779 | INFO | GET /js/leads.js -> 304 (2ms) [anonymous]
2026-10-07 16:42:04,817 | INFO | GET /components/navbar.html -> 304 (1ms) [anonymous]
2026-10-07 16:42:04,834 | INFO | GET /components/sidebar.html -> 304 (4ms) [anonymous]
2026-10-07 16:42:04,847 | INFO | GET /components/footer.html -> 304 (1ms) [anonymous]
2026-10-07 16:42:04,856 | INFO | GET /components/modals.html -> 304 (0ms) [anonymous]
2026-10-07 16:42:04,875 | INFO | GET /api/auth/notifications -> 200 (0ms) [prasanna]
2026-10-07 16:42:04,878 | INFO | GET /api/employees -> 200 (0ms) [prasanna]
2026-10-07 16:42:04,880 | INFO | GET /api/employees -> 200 (0ms) [prasanna]
2026-10-07 16:42:04,885 | INFO | GET /api/followups -> 200 (1ms) [prasanna]
2026-10-07 16:42:10,225 | INFO | GET /api/auth/notifications -> 200 (0ms) [prasanna]
2026-10-07 16:42:17,660 | INFO | PUT /api/auth/notifications/read-all -> 200 (1452ms) [prasanna]
2026-10-07 16:42:18,046 | INFO | GET /api/auth/notifications -> 200 (3ms) [prasanna]
2026-10-07 16:43:31,948 | INFO | GET /pages/projects.html -> 304 (21ms) [anonymous]
2026-10-07 16:43:31,982 | INFO | GET /css/style.css -> 304 (16ms) [anonymous]
2026-10-07 16:43:31,999 | INFO | GET /css/responsive.css -> 304 (15ms) [anonymous]
2026-10-07 16:43:32,004 | INFO | GET /css/dashboard.css -> 304 (16ms) [anonymous]
2026-10-07 16:43:32,005 | INFO | GET /js/auth.js -> 304 (1ms) [anonymous]
2026-10-07 16:43:32,081 | INFO | GET /js/projects.js -> 304 (71ms) [anonymous]
2026-10-07 16:43:32,123 | INFO | GET /components/navbar.html -> 304 (15ms) [anonymous]
2026-10-07 16:43:32,123 | INFO | GET /components/footer.html -> 304 (12ms) [anonymous]
2026-10-07 16:43:32,143 | INFO | GET /components/sidebar.html -> 304 (33ms) [anonymous]
2026-10-07 16:43:32,145 | INFO | GET /components/modals.html -> 304 (22ms) [anonymous]
2026-10-07 16:43:32,341 | INFO | GET /api/companies -> 200 (8ms) [prasanna]
2026-10-07 16:43:32,361 | INFO | GET /api/auth/notifications -> 200 (0ms) [prasanna]
2026-10-07 16:43:32,377 | INFO | GET /api/employees -> 200 (0ms) [prasanna]
2026-10-07 16:43:32,391 | INFO | GET /api/developers -> 200 (0ms) [prasanna]
2026-10-07 16:43:32,406 | INFO | GET /api/projects -> 200 (0ms) [prasanna]
2026-10-07 16:43:37,705 | INFO | GET /api/projects/prj_e827c6422159 -> 200 (0ms) [prasanna]
2026-10-07 16:43:41,281 | INFO | GET /api/projects/prj_7b8a25a41db6 -> 200 (1ms) [prasanna]
2026-10-07 16:43:43,287 | INFO | GET /api/projects/prj_e827c6422159 -> 200 (0ms) [prasanna]
2026-10-07 16:43:48,804 | INFO | GET /pages/developers.html -> 304 (20ms) [anonymous]
2026-10-07 16:43:48,837 | INFO | GET /css/style.css -> 304 (1ms) [anonymous]
2026-10-07 16:43:48,844 | INFO | GET /css/dashboard.css -> 304 (0ms) [anonymous]
2026-10-07 16:43:48,850 | INFO | GET /css/responsive.css -> 304 (3ms) [anonymous]
2026-10-07 16:43:48,851 | INFO | GET /js/auth.js -> 304 (1ms) [anonymous]
2026-10-07 16:43:48,918 | INFO | GET /js/developers.js -> 304 (63ms) [anonymous]
2026-10-07 16:43:48,934 | INFO | GET /components/sidebar.html -> 304 (1ms) [anonymous]
2026-10-07 16:43:48,939 | INFO | GET /components/navbar.html -> 304 (1ms) [anonymous]
2026-10-07 16:43:48,944 | INFO | GET /components/footer.html -> 304 (1ms) [anonymous]
2026-10-07 16:43:48,960 | INFO | GET /components/modals.html -> 304 (0ms) [anonymous]
2026-10-07 16:43:48,986 | INFO | GET /api/auth/notifications -> 200 (1ms) [prasanna]
2026-10-07 16:43:48,988 | INFO | GET /api/developers -> 200 (0ms) [prasanna]
2026-10-07 16:43:50,959 | INFO | GET /pages/projects.html -> 304 (1ms) [anonymous]
2026-10-07 16:43:50,981 | INFO | GET /css/style.css -> 304 (1ms) [anonymous]
2026-10-07 16:43:51,000 | INFO | GET /css/dashboard.css -> 304 (4ms) [anonymous]
2026-10-07 16:43:51,003 | INFO | GET /css/responsive.css -> 304 (5ms) [anonymous]
2026-10-07 16:43:51,006 | INFO | GET /js/auth.js -> 304 (3ms) [anonymous]
2026-10-07 16:43:51,008 | INFO | GET /js/projects.js -> 304 (2ms) [anonymous]
2026-10-07 16:43:51,071 | INFO | GET /components/sidebar.html -> 304 (5ms) [anonymous]
2026-10-07 16:43:51,072 | INFO | GET /components/navbar.html -> 304 (1ms) [anonymous]
2026-10-07 16:43:51,094 | INFO | GET /components/footer.html -> 304 (2ms) [anonymous]
2026-10-07 16:43:51,095 | INFO | GET /components/modals.html -> 304 (1ms) [anonymous]
2026-10-07 16:43:51,124 | INFO | GET /api/auth/notifications -> 200 (1ms) [prasanna]
2026-10-07 16:43:51,129 | INFO | GET /api/companies -> 200 (0ms) [prasanna]
2026-10-07 16:43:51,144 | INFO | GET /api/employees -> 200 (0ms) [prasanna]
2026-10-07 16:43:51,152 | INFO | GET /api/developers -> 200 (2ms) [prasanna]
2026-10-07 16:43:51,181 | INFO | GET /api/projects -> 200 (0ms) [prasanna]
2026-10-07 16:44:50,166 | INFO | CRM backend ready on http://0.0.0.0:5000
2026-10-07 16:44:51,151 | INFO | CRM backend ready on http://0.0.0.0:5000
2026-10-07 16:44:51,213 | INFO | GET /health -> 200 (0ms) [anonymous]
2026-10-07 16:44:51,217 | INFO | POST /api/auth/login -> 401 (1ms) [anonymous]
2026-10-07 16:44:51,902 | INFO | POST /api/auth/login -> 200 (683ms) [anonymous]
2026-10-07 16:44:51,904 | INFO | GET /api/auth/me -> 200 (0ms) [prasanna]
2026-10-07 16:44:51,905 | INFO | GET /api/leads -> 401 (0ms) [anonymous]
2026-10-07 16:44:52,670 | INFO | POST /api/employees -> 201 (762ms) [prasanna]
2026-10-07 16:44:53,906 | INFO | POST /api/employees -> 201 (716ms) [prasanna]
2026-10-07 16:44:54,394 | INFO | GET /api/employees -> 200 (1ms) [prasanna]
2026-10-07 16:44:54,964 | INFO | POST /api/companies -> 201 (567ms) [prasanna]
2026-10-07 16:44:55,903 | INFO | POST /api/leads -> 201 (447ms) [prasanna]
2026-10-07 16:44:56,415 | INFO | GET /api/leads/lead_5882a5873eb5 -> 200 (0ms) [prasanna]
2026-10-07 16:44:56,526 | INFO | POST /api/leads/lead_5882a5873eb5/followups -> 201 (108ms) [prasanna]
2026-10-07 16:44:57,176 | INFO | POST /api/leads/lead_5882a5873eb5/calls -> 201 (122ms) [prasanna]
2026-10-07 16:44:57,572 | INFO | GET /api/followups -> 200 (0ms) [prasanna]
2026-10-07 16:44:57,575 | INFO | GET /api/calls -> 200 (0ms) [prasanna]
2026-10-07 16:44:58,239 | INFO | POST /api/developers -> 201 (660ms) [prasanna]
2026-10-07 16:44:59,344 | INFO | POST /api/projects -> 201 (602ms) [prasanna]
2026-10-07 16:44:59,896 | INFO | POST /api/projects/prj_8d0fb286356e/tasks -> 201 (46ms) [prasanna]
2026-10-07 16:45:00,597 | INFO | PUT /api/projects/tasks/tsk_cc741b3e5acb -> 200 (124ms) [prasanna]
2026-10-07 16:45:01,159 | INFO | POST /api/projects/prj_8d0fb286356e/updates -> 201 (103ms) [prasanna]
2026-10-07 16:45:01,758 | INFO | POST /api/projects/prj_8d0fb286356e/assignments -> 201 (134ms) [prasanna]
2026-10-07 16:45:02,226 | INFO | GET /api/developers/dev_aff0f2925550 -> 200 (0ms) [prasanna]
2026-10-07 16:45:02,228 | INFO | GET /api/reports/summary -> 200 (0ms) [prasanna]
2026-10-07 16:45:02,231 | INFO | GET /api/reports/dashboard -> 200 (0ms) [prasanna]
2026-10-07 16:45:02,361 | INFO | GET /api/reports/daily -> 200 (126ms) [prasanna]
2026-10-07 16:45:02,435 | INFO | GET /api/reports/weekly -> 200 (70ms) [prasanna]
2026-10-07 16:45:02,502 | INFO | GET /api/reports/monthly -> 200 (64ms) [prasanna]
2026-10-07 16:45:02,570 | INFO | GET /api/reports/yearly -> 200 (66ms) [prasanna]
2026-10-07 16:45:02,608 | INFO | GET /api/reports/export/leads -> 200 (33ms) [prasanna]
2026-10-07 16:45:02,797 | INFO | POST /api/reports/powerbi/export -> 200 (187ms) [prasanna]
2026-10-07 16:45:03,435 | INFO | GET /api/reports/activity -> 200 (0ms) [prasanna]
2026-10-07 16:45:04,126 | INFO | POST /api/auth/login -> 200 (688ms) [anonymous]
2026-10-07 16:45:04,129 | INFO | GET /api/employees -> 200 (0ms) [Jane Employee]
2026-10-07 16:45:04,131 | INFO | POST /api/employees -> 403 (0ms) [Jane Employee]
2026-10-07 16:45:04,625 | INFO | GET /api/reports/summary -> 200 (0ms) [Jane Employee]
2026-10-07 16:45:05,392 | INFO | POST /api/auth/login -> 200 (765ms) [anonymous]
2026-10-07 16:45:05,395 | INFO | GET /api/reports/summary -> 200 (0ms) [John Dev]
2026-10-07 16:45:05,398 | INFO | DELETE /api/leads/lead_5882a5873eb5 -> 403 (1ms) [John Dev]
2026-10-07 16:45:05,880 | INFO | GET /api/roles -> 200 (0ms) [prasanna]
2026-10-07 16:45:06,380 | INFO | POST /api/roles -> 201 (496ms) [prasanna]
2026-10-07 16:45:06,980 | INFO | POST /api/roles -> 422 (0ms) [prasanna]
2026-10-07 16:45:08,125 | INFO | POST /api/employees -> 201 (692ms) [prasanna]
2026-10-07 16:45:08,696 | INFO | POST /api/employees -> 422 (1ms) [prasanna]
2026-10-07 16:45:09,944 | INFO | POST /api/auth/login -> 200 (771ms) [anonymous]
2026-10-07 16:45:09,947 | INFO | GET /api/leads -> 200 (0ms) [Rita Role]
2026-10-07 16:45:09,952 | INFO | GET /api/reports/summary -> 200 (0ms) [Rita Role]
2026-10-07 16:45:09,955 | INFO | POST /api/roles -> 403 (0ms) [Rita Role]
2026-10-07 16:45:10,506 | INFO | DELETE /api/roles/role_373312a5f6e3 -> 409 (0ms) [prasanna]
2026-10-07 16:45:11,537 | INFO | DELETE /api/employees/emp_fbf5e8032ed0 -> 200 (592ms) [prasanna]
2026-10-07 16:45:12,636 | INFO | DELETE /api/roles/role_373312a5f6e3 -> 200 (565ms) [prasanna]
2026-10-07 16:45:13,079 | INFO | DELETE /api/roles/role_46052807f7bb -> 400 (1ms) [prasanna]
2026-10-07 16:45:14,119 | INFO | POST /api/leads/lead_5882a5873eb5/assign -> 200 (573ms) [prasanna]
2026-10-07 16:45:15,031 | INFO | POST /api/projects/prj_8d0fb286356e/tasks -> 201 (241ms) [prasanna]
2026-10-07 16:45:16,010 | INFO | PUT /api/projects/prj_8d0fb286356e -> 200 (434ms) [prasanna]
2026-10-07 16:45:16,421 | INFO | GET /api/employees/emp_249f57b94986 -> 200 (1ms) [prasanna]
2026-10-07 16:45:16,994 | INFO | POST /api/leads/lead_5882a5873eb5/assign -> 200 (570ms) [prasanna]
2026-10-07 16:45:17,529 | INFO | PUT /api/projects/tasks/tsk_585fdab92525 -> 200 (64ms) [prasanna]
2026-10-07 16:45:18,611 | INFO | PUT /api/projects/prj_8d0fb286356e -> 200 (614ms) [prasanna]
2026-10-07 16:45:19,066 | INFO | GET /api/employees/emp_249f57b94986 -> 200 (0ms) [prasanna]
2026-10-07 16:45:19,720 | INFO | POST /api/leads/lead_5882a5873eb5/assign -> 200 (652ms) [prasanna]
2026-10-07 16:45:20,782 | INFO | POST /api/leads -> 201 (607ms) [prasanna]
2026-10-07 16:45:21,309 | INFO | GET /api/leads -> 200 (1ms) [Jane Employee]
2026-10-07 16:45:21,312 | INFO | GET /api/leads -> 200 (0ms) [John Dev]
2026-10-07 16:45:21,315 | INFO | GET /api/leads/lead_0610cda15e57 -> 404 (0ms) [Jane Employee]
2026-10-07 16:45:21,318 | INFO | GET /api/leads/lead_5882a5873eb5 -> 404 (0ms) [John Dev]
2026-10-07 16:45:21,320 | INFO | POST /api/leads/lead_5882a5873eb5/assign -> 403 (0ms) [Jane Employee]
2026-10-07 16:45:21,815 | INFO | PUT /api/leads/lead_0610cda15e57 -> 404 (0ms) [Jane Employee]
2026-10-07 16:45:22,336 | INFO | DELETE /api/leads/lead_0610cda15e57 -> 404 (0ms) [Jane Employee]
2026-10-07 16:45:23,395 | INFO | POST /api/leads -> 201 (620ms) [Jane Employee]
2026-10-07 16:45:23,849 | INFO | GET /api/leads -> 200 (1ms) [John Dev]
2026-10-07 16:45:23,854 | INFO | GET /api/leads/lead_260a3cbed69b -> 404 (1ms) [John Dev]
2026-10-07 16:45:23,856 | INFO | GET /api/followups -> 200 (0ms) [Jane Employee]
2026-10-07 16:45:23,860 | INFO | GET /api/followups -> 200 (0ms) [John Dev]
2026-10-07 16:45:23,863 | INFO | GET /api/leads/lead_0610cda15e57/followups -> 404 (1ms) [Jane Employee]
2026-10-07 16:45:23,979 | INFO | POST /api/leads/lead_5882a5873eb5/calls -> 201 (113ms) [Jane Employee]
2026-10-07 16:45:24,504 | INFO | GET /api/calls -> 200 (0ms) [Jane Employee]
2026-10-07 16:45:24,507 | INFO | GET /api/calls -> 200 (0ms) [John Dev]
2026-10-07 16:45:25,056 | INFO | DELETE /api/leads/lead_260a3cbed69b -> 200 (546ms) [Jane Employee]
2026-10-07 16:45:26,185 | INFO | DELETE /api/leads/lead_0610cda15e57 -> 200 (608ms) [prasanna]
2026-10-07 16:45:27,427 | INFO | DELETE /api/leads/lead_5882a5873eb5 -> 200 (770ms) [prasanna]
2026-10-07 16:45:28,802 | INFO | DELETE /api/projects/prj_8d0fb286356e -> 200 (885ms) [prasanna]
2026-10-07 16:45:29,353 | INFO | PUT /api/auth/change-password -> 403 (0ms) [Jane Employee]
2026-10-07 16:45:29,867 | INFO | POST /api/auth/register -> 403 (0ms) [Jane Employee]
2026-10-07 16:45:30,843 | INFO | PUT /api/auth/change-password -> 200 (479ms) [prasanna]
2026-10-07 16:45:32,282 | INFO | PUT /api/employees/emp_249f57b94986 -> 200 (849ms) [prasanna]
2026-10-07 16:45:33,508 | INFO | POST /api/auth/login -> 200 (617ms) [anonymous]
2026-10-07 16:45:33,511 | INFO | POST /api/auth/notifications -> 403 (0ms) [Jane Employee]
2026-10-07 16:45:34,042 | INFO | POST /api/auth/notifications -> 404 (0ms) [prasanna]
2026-10-07 16:45:34,574 | INFO | POST /api/auth/notifications -> 422 (0ms) [prasanna]
2026-10-07 16:45:35,133 | INFO | POST /api/auth/notifications -> 201 (95ms) [prasanna]
2026-10-07 16:45:35,671 | INFO | GET /api/auth/notifications -> 200 (0ms) [Jane Employee]
2026-10-07 16:45:35,675 | INFO | GET /api/auth/notifications -> 200 (1ms) [John Dev]
2026-10-07 16:45:35,680 | INFO | POST /api/leads/import -> 403 (0ms) [Jane Employee]
2026-10-07 16:45:36,269 | INFO | POST /api/leads/import -> 422 (9ms) [prasanna]
2026-10-07 16:45:36,768 | INFO | GET /api/leads -> 200 (1ms) [prasanna]
2026-10-07 16:45:36,771 | INFO | GET /api/leads -> 200 (0ms) [Jane Employee]
2026-10-07 16:45:36,777 | INFO | POST /api/leads/import -> 422 (1ms) [prasanna]
2026-10-07 16:45:37,293 | INFO | POST /api/leads/import -> 422 (2ms) [prasanna]
2026-10-07 16:45:37,910 | INFO | POST /api/leads/import -> 422 (2ms) [prasanna]
2026-10-07 16:45:38,403 | INFO | GET /api/companies -> 200 (1ms) [prasanna]
2026-10-07 16:45:38,406 | INFO | GET /api/leads -> 200 (0ms) [prasanna]
2026-10-07 16:45:38,410 | INFO | GET /api/leads -> 200 (0ms) [prasanna]
2026-10-07 16:45:39,056 | INFO | DELETE /api/employees/emp_249f57b94986 -> 200 (642ms) [prasanna]
2026-10-07 16:45:40,038 | INFO | DELETE /api/employees/emp_478c61f47651 -> 200 (529ms) [prasanna]
2026-10-07 16:46:08,572 | INFO | GET /pages/leads.html -> 200 (0ms) [anonymous]
2026-10-07 16:46:08,601 | INFO | GET /css/style.css -> 304 (1ms) [anonymous]
2026-10-07 16:46:08,606 | INFO | GET /css/dashboard.css -> 304 (0ms) [anonymous]
2026-10-07 16:46:08,616 | INFO | GET /css/responsive.css -> 304 (2ms) [anonymous]
2026-10-07 16:46:08,619 | INFO | GET /js/auth.js -> 304 (3ms) [anonymous]
2026-10-07 16:46:08,623 | INFO | GET /js/leads.js -> 200 (3ms) [anonymous]
2026-10-07 16:46:08,675 | INFO | GET /components/sidebar.html -> 304 (2ms) [anonymous]
2026-10-07 16:46:08,681 | INFO | GET /components/navbar.html -> 304 (7ms) [anonymous]
2026-10-07 16:46:08,684 | INFO | GET /components/footer.html -> 304 (1ms) [anonymous]
2026-10-07 16:46:08,687 | INFO | GET /components/modals.html -> 304 (0ms) [anonymous]
2026-10-07 16:46:08,728 | INFO | GET /api/auth/notifications -> 200 (2ms) [prasanna]
2026-10-07 16:46:08,732 | INFO | GET /api/leads -> 200 (1ms) [prasanna]
2026-10-07 16:46:11,450 | INFO | GET /api/employees -> 200 (1ms) [prasanna]
2026-10-07 16:46:27,688 | INFO | GET /api/employees -> 200 (1ms) [prasanna]
2026-10-07 16:46:33,466 | INFO | GET /pages/followups.html -> 304 (24ms) [anonymous]
2026-10-07 16:46:33,527 | INFO | GET /css/style.css -> 304 (3ms) [anonymous]
2026-10-07 16:46:33,534 | INFO | GET /css/dashboard.css -> 304 (0ms) [anonymous]
2026-10-07 16:46:33,560 | INFO | GET /css/responsive.css -> 304 (0ms) [anonymous]
2026-10-07 16:46:33,575 | INFO | GET /js/auth.js -> 304 (1ms) [anonymous]
2026-10-07 16:46:33,576 | INFO | GET /js/leads.js -> 304 (2ms) [anonymous]
2026-10-07 16:46:33,605 | INFO | GET /components/sidebar.html -> 304 (0ms) [anonymous]
2026-10-07 16:46:33,612 | INFO | GET /components/navbar.html -> 304 (5ms) [anonymous]
2026-10-07 16:46:33,614 | INFO | GET /components/footer.html -> 304 (4ms) [anonymous]
2026-10-07 16:46:33,617 | INFO | GET /components/modals.html -> 304 (3ms) [anonymous]
2026-10-07 16:46:33,662 | INFO | GET /api/auth/notifications -> 200 (0ms) [prasanna]
2026-10-07 16:46:33,670 | INFO | GET /api/employees -> 200 (0ms) [prasanna]
2026-10-07 16:46:33,673 | INFO | GET /api/employees -> 200 (0ms) [prasanna]
2026-10-07 16:46:33,684 | INFO | GET /api/followups -> 200 (0ms) [prasanna]
2026-10-07 16:46:36,385 | INFO | GET /api/followups -> 200 (0ms) [prasanna]
2026-10-07 16:46:37,875 | INFO | GET /api/followups -> 200 (0ms) [prasanna]
2026-10-07 16:46:39,547 | INFO | GET /api/followups -> 200 (0ms) [prasanna]
2026-10-07 16:46:40,623 | INFO | GET /api/followups -> 200 (0ms) [prasanna]
2026-10-07 16:46:48,033 | INFO | GET /pages/leads.html -> 304 (0ms) [anonymous]
2026-10-07 16:46:48,053 | INFO | GET /css/style.css -> 304 (0ms) [anonymous]
2026-10-07 16:46:48,070 | INFO | GET /css/dashboard.css -> 304 (1ms) [anonymous]
2026-10-07 16:46:48,073 | INFO | GET /css/responsive.css -> 304 (0ms) [anonymous]
2026-10-07 16:46:48,090 | INFO | GET /js/auth.js -> 304 (2ms) [anonymous]
2026-10-07 16:46:48,101 | INFO | GET /js/leads.js -> 304 (3ms) [anonymous]
2026-10-07 16:46:48,126 | INFO | GET /components/sidebar.html -> 304 (1ms) [anonymous]
2026-10-07 16:46:48,130 | INFO | GET /components/navbar.html -> 304 (5ms) [anonymous]
2026-10-07 16:46:48,133 | INFO | GET /components/footer.html -> 304 (4ms) [anonymous]
2026-10-07 16:46:48,134 | INFO | GET /components/modals.html -> 304 (2ms) [anonymous]
2026-10-07 16:46:48,169 | INFO | GET /api/auth/notifications -> 200 (0ms) [prasanna]
2026-10-07 16:46:48,184 | INFO | GET /api/leads -> 200 (1ms) [prasanna]
2026-10-07 16:46:49,896 | INFO | CRM backend ready on http://0.0.0.0:5000
2026-10-07 16:46:51,138 | INFO | CRM backend ready on http://0.0.0.0:5000
2026-10-07 16:46:51,887 | INFO | POST /api/auth/login -> 200 (709ms) [anonymous]
2026-10-07 16:46:51,901 | INFO | POST /api/leads/import -> 422 (6ms) [prasanna]
2026-10-07 16:47:00,526 | INFO | GET /pages/employees.html -> 304 (18ms) [anonymous]
2026-10-07 16:47:00,545 | INFO | GET /css/style.css -> 304 (2ms) [anonymous]
2026-10-07 16:47:00,559 | INFO | GET /css/dashboard.css -> 304 (1ms) [anonymous]
2026-10-07 16:47:00,567 | INFO | GET /css/responsive.css -> 304 (4ms) [anonymous]
2026-10-07 16:47:00,569 | INFO | GET /js/auth.js -> 304 (5ms) [anonymous]
2026-10-07 16:47:00,659 | INFO | GET /js/employees.js -> 304 (90ms) [anonymous]
2026-10-07 16:47:00,702 | INFO | GET /components/sidebar.html -> 304 (4ms) [anonymous]
2026-10-07 16:47:00,705 | INFO | GET /components/navbar.html -> 304 (5ms) [anonymous]
2026-10-07 16:47:00,708 | INFO | GET /components/footer.html -> 304 (3ms) [anonymous]
2026-10-07 16:47:00,709 | INFO | GET /components/modals.html -> 304 (1ms) [anonymous]
2026-10-07 16:47:00,741 | INFO | GET /api/auth/notifications -> 200 (0ms) [prasanna]
2026-10-07 16:47:00,744 | INFO | GET /api/roles -> 200 (1ms) [prasanna]
2026-10-07 16:47:00,769 | INFO | GET /api/employees -> 200 (0ms) [prasanna]
2026-10-07 16:47:00,775 | INFO | GET /api/employees -> 200 (0ms) [prasanna]
2026-10-07 16:47:10,833 | INFO | CRM backend ready on http://0.0.0.0:5000
2026-10-07 16:47:11,894 | INFO | CRM backend ready on http://0.0.0.0:5000
2026-10-07 16:47:11,916 | INFO | GET /health -> 200 (0ms) [anonymous]
2026-10-07 16:47:11,918 | INFO | POST /api/auth/login -> 401 (0ms) [anonymous]
2026-10-07 16:47:12,538 | INFO | POST /api/auth/login -> 200 (617ms) [anonymous]
2026-10-07 16:47:12,541 | INFO | GET /api/auth/me -> 200 (0ms) [prasanna]
2026-10-07 16:47:12,542 | INFO | GET /api/leads -> 401 (0ms) [anonymous]
2026-10-07 16:47:12,799 | INFO | POST /api/employees -> 201 (255ms) [prasanna]
2026-10-07 16:47:12,832 | INFO | DELETE /api/employees/emp_fe7432c0017b -> 200 (536ms) [prasanna]
2026-10-07 16:47:13,477 | INFO | GET /api/employees -> 200 (0ms) [prasanna]
2026-10-07 16:47:13,481 | INFO | GET /api/employees -> 200 (0ms) [prasanna]
2026-10-07 16:47:13,639 | INFO | POST /api/employees -> 201 (836ms) [prasanna]
2026-10-07 16:47:14,092 | INFO | GET /api/employees -> 200 (0ms) [prasanna]
2026-10-07 16:47:14,784 | INFO | POST /api/companies -> 201 (691ms) [prasanna]
2026-10-07 16:47:16,168 | INFO | POST /api/leads -> 201 (753ms) [prasanna]
2026-10-07 16:47:16,808 | INFO | GET /api/leads/lead_341053d4800d -> 200 (0ms) [prasanna]
2026-10-07 16:47:16,932 | INFO | POST /api/leads/lead_341053d4800d/followups -> 201 (121ms) [prasanna]
2026-10-07 16:47:17,732 | INFO | POST /api/leads/lead_341053d4800d/calls -> 201 (117ms) [prasanna]
2026-10-07 16:47:18,454 | INFO | GET /api/followups -> 200 (0ms) [prasanna]
2026-10-07 16:47:18,456 | INFO | GET /api/calls -> 200 (0ms) [prasanna]
2026-10-07 16:47:19,151 | INFO | POST /api/developers -> 201 (693ms) [prasanna]
2026-10-07 16:47:20,473 | INFO | POST /api/projects -> 201 (738ms) [prasanna]
2026-10-07 16:47:21,123 | INFO | POST /api/projects/prj_76885c34c7ca/tasks -> 201 (45ms) [prasanna]
2026-10-07 16:47:21,892 | INFO | PUT /api/projects/tasks/tsk_3a36f129a881 -> 200 (143ms) [prasanna]
2026-10-07 16:47:22,604 | INFO | POST /api/projects/prj_76885c34c7ca/updates -> 201 (112ms) [prasanna]
2026-10-07 16:47:23,322 | INFO | POST /api/projects/prj_76885c34c7ca/assignments -> 201 (166ms) [prasanna]
2026-10-07 16:47:23,890 | INFO | GET /api/developers/dev_6451f84b08e2 -> 200 (1ms) [prasanna]
2026-10-07 16:47:23,893 | INFO | GET /api/reports/summary -> 200 (0ms) [prasanna]
2026-10-07 16:47:23,897 | INFO | GET /api/reports/dashboard -> 200 (1ms) [prasanna]
2026-10-07 16:47:24,036 | INFO | GET /api/reports/daily -> 200 (136ms) [prasanna]
2026-10-07 16:47:24,152 | INFO | GET /api/reports/weekly -> 200 (113ms) [prasanna]
2026-10-07 16:47:24,218 | INFO | GET /api/reports/monthly -> 200 (63ms) [prasanna]
2026-10-07 16:47:24,311 | INFO | GET /api/reports/yearly -> 200 (90ms) [prasanna]
2026-10-07 16:47:24,350 | INFO | GET /api/reports/export/leads -> 200 (35ms) [prasanna]
2026-10-07 16:47:24,490 | INFO | POST /api/reports/powerbi/export -> 200 (138ms) [prasanna]
2026-10-07 16:47:25,213 | INFO | GET /api/reports/activity -> 200 (1ms) [prasanna]
2026-10-07 16:47:26,041 | INFO | POST /api/auth/login -> 200 (826ms) [anonymous]
2026-10-07 16:47:26,045 | INFO | GET /api/employees -> 200 (0ms) [Jane Employee]
2026-10-07 16:47:26,048 | INFO | POST /api/employees -> 403 (0ms) [Jane Employee]
2026-10-07 16:47:26,638 | INFO | GET /api/reports/summary -> 200 (1ms) [Jane Employee]
2026-10-07 16:47:27,397 | INFO | POST /api/auth/login -> 200 (756ms) [anonymous]
2026-10-07 16:47:27,400 | INFO | GET /api/reports/summary -> 200 (1ms) [John Dev]
2026-10-07 16:47:27,402 | INFO | DELETE /api/leads/lead_341053d4800d -> 403 (0ms) [John Dev]
2026-10-07 16:47:28,004 | INFO | GET /api/roles -> 200 (0ms) [prasanna]
2026-10-07 16:47:28,710 | INFO | POST /api/roles -> 201 (702ms) [prasanna]
2026-10-07 16:47:29,319 | INFO | POST /api/roles -> 422 (0ms) [prasanna]
2026-10-07 16:47:30,919 | INFO | POST /api/employees -> 201 (858ms) [prasanna]
2026-10-07 16:47:31,547 | INFO | POST /api/employees -> 422 (0ms) [prasanna]
2026-10-07 16:47:32,960 | INFO | POST /api/auth/login -> 200 (778ms) [anonymous]
2026-10-07 16:47:32,962 | INFO | GET /api/leads -> 200 (0ms) [Rita Role]
2026-10-07 16:47:32,965 | INFO | GET /api/reports/summary -> 200 (0ms) [Rita Role]
2026-10-07 16:47:32,967 | INFO | POST /api/roles -> 403 (0ms) [Rita Role]
2026-10-07 16:47:33,579 | INFO | DELETE /api/roles/role_ee4906aa826b -> 409 (0ms) [prasanna]
2026-10-07 16:47:34,733 | INFO | DELETE /api/employees/emp_3169ad24c3e9 -> 200 (600ms) [prasanna]
2026-10-07 16:47:36,046 | INFO | DELETE /api/roles/role_ee4906aa826b -> 200 (709ms) [prasanna]
2026-10-07 16:47:36,623 | INFO | DELETE /api/roles/role_46052807f7bb -> 400 (0ms) [prasanna]
2026-10-07 16:47:37,972 | INFO | POST /api/leads/lead_341053d4800d/assign -> 200 (766ms) [prasanna]
2026-10-07 16:47:38,673 | INFO | POST /api/projects/prj_76885c34c7ca/tasks -> 201 (140ms) [prasanna]
2026-10-07 16:47:40,025 | INFO | PUT /api/projects/prj_76885c34c7ca -> 200 (668ms) [prasanna]
2026-10-07 16:47:40,617 | INFO | GET /api/employees/emp_33ecf876595e -> 200 (0ms) [prasanna]
2026-10-07 16:47:41,333 | INFO | POST /api/leads/lead_341053d4800d/assign -> 200 (714ms) [prasanna]
2026-10-07 16:47:41,950 | INFO | PUT /api/projects/tasks/tsk_0352f0210fb6 -> 200 (60ms) [prasanna]
2026-10-07 16:47:43,355 | INFO | PUT /api/projects/prj_76885c34c7ca -> 200 (798ms) [prasanna]
2026-10-07 16:47:44,023 | INFO | GET /api/employees/emp_33ecf876595e -> 200 (0ms) [prasanna]
2026-10-07 16:47:44,925 | INFO | POST /api/leads/lead_341053d4800d/assign -> 200 (897ms) [prasanna]
2026-10-07 16:47:46,302 | INFO | POST /api/leads -> 201 (794ms) [prasanna]
2026-10-07 16:47:47,177 | INFO | GET /api/leads -> 200 (1ms) [Jane Employee]
2026-10-07 16:47:47,180 | INFO | GET /api/leads -> 200 (0ms) [John Dev]
2026-10-07 16:47:47,182 | INFO | GET /api/leads/lead_7bdb8d7ef379 -> 404 (0ms) [Jane Employee]
2026-10-07 16:47:47,184 | INFO | GET /api/leads/lead_341053d4800d -> 404 (0ms) [John Dev]
2026-10-07 16:47:47,186 | INFO | POST /api/leads/lead_341053d4800d/assign -> 403 (0ms) [Jane Employee]
2026-10-07 16:47:47,776 | INFO | PUT /api/leads/lead_7bdb8d7ef379 -> 404 (0ms) [Jane Employee]
2026-10-07 16:47:48,408 | INFO | DELETE /api/leads/lead_7bdb8d7ef379 -> 404 (0ms) [Jane Employee]
2026-10-07 16:47:49,725 | INFO | POST /api/leads -> 201 (764ms) [Jane Employee]
2026-10-07 16:47:50,289 | INFO | GET /api/leads -> 200 (1ms) [John Dev]
2026-10-07 16:47:50,292 | INFO | GET /api/leads/lead_b7117aacb199 -> 404 (0ms) [John Dev]
2026-10-07 16:47:50,295 | INFO | GET /api/followups -> 200 (0ms) [Jane Employee]
2026-10-07 16:47:50,298 | INFO | GET /api/followups -> 200 (0ms) [John Dev]
2026-10-07 16:47:50,301 | INFO | GET /api/leads/lead_7bdb8d7ef379/followups -> 404 (1ms) [Jane Employee]
2026-10-07 16:47:50,524 | INFO | POST /api/leads/lead_341053d4800d/calls -> 201 (221ms) [Jane Employee]
2026-10-07 16:47:51,086 | INFO | GET /api/calls -> 200 (1ms) [Jane Employee]
2026-10-07 16:47:51,090 | INFO | GET /api/calls -> 200 (0ms) [John Dev]
2026-10-07 16:47:51,777 | INFO | DELETE /api/leads/lead_b7117aacb199 -> 200 (685ms) [Jane Employee]
2026-10-07 16:47:53,104 | INFO | DELETE /api/leads/lead_7bdb8d7ef379 -> 200 (754ms) [prasanna]
2026-10-07 16:47:54,741 | INFO | DELETE /api/leads/lead_341053d4800d -> 200 (924ms) [prasanna]
2026-10-07 16:47:56,341 | INFO | DELETE /api/projects/prj_76885c34c7ca -> 200 (864ms) [prasanna]
2026-10-07 16:47:56,983 | INFO | PUT /api/auth/change-password -> 403 (0ms) [Jane Employee]
2026-10-07 16:47:57,555 | INFO | POST /api/auth/register -> 403 (1ms) [Jane Employee]
2026-10-07 16:47:58,836 | INFO | PUT /api/auth/change-password -> 200 (488ms) [prasanna]
2026-10-07 16:48:00,297 | INFO | PUT /api/employees/emp_33ecf876595e -> 200 (874ms) [prasanna]
2026-10-07 16:48:01,804 | INFO | POST /api/auth/login -> 200 (865ms) [anonymous]
2026-10-07 16:48:01,807 | INFO | POST /api/auth/notifications -> 403 (0ms) [Jane Employee]
2026-10-07 16:48:02,447 | INFO | POST /api/auth/notifications -> 404 (0ms) [prasanna]
2026-10-07 16:48:03,026 | INFO | POST /api/auth/notifications -> 422 (0ms) [prasanna]
2026-10-07 16:48:03,758 | INFO | POST /api/auth/notifications -> 201 (96ms) [prasanna]
2026-10-07 16:48:04,373 | INFO | GET /api/auth/notifications -> 200 (1ms) [Jane Employee]
2026-10-07 16:48:04,378 | INFO | GET /api/auth/notifications -> 200 (0ms) [John Dev]
2026-10-07 16:48:04,381 | INFO | POST /api/leads/import -> 403 (0ms) [Jane Employee]
2026-10-07 16:48:05,046 | INFO | POST /api/leads/import -> 200 (60ms) [prasanna]
2026-10-07 16:48:05,780 | INFO | GET /api/leads -> 200 (0ms) [prasanna]
2026-10-07 16:48:05,781 | INFO | GET /api/leads -> 200 (0ms) [Jane Employee]
2026-10-07 16:48:05,787 | INFO | POST /api/leads/import -> 422 (1ms) [prasanna]
2026-10-07 16:48:06,390 | INFO | POST /api/leads/import -> 422 (3ms) [prasanna]
2026-10-07 16:48:07,823 | INFO | POST /api/leads/import -> 201 (764ms) [prasanna]
2026-10-07 16:48:08,481 | INFO | GET /api/companies -> 200 (0ms) [prasanna]
2026-10-07 16:48:08,484 | INFO | GET /api/leads -> 200 (0ms) [prasanna]
2026-10-07 16:48:09,229 | INFO | DELETE /api/leads/lead_484a162d0e72 -> 200 (742ms) [prasanna]
2026-10-07 16:48:09,853 | INFO | GET /api/leads -> 200 (0ms) [prasanna]
2026-10-07 16:48:10,559 | INFO | DELETE /api/companies/cmp_521a0b505454 -> 200 (704ms) [prasanna]
2026-10-07 16:48:11,870 | INFO | DELETE /api/employees/emp_33ecf876595e -> 200 (709ms) [prasanna]
2026-10-07 16:48:13,353 | INFO | DELETE /api/employees/emp_a593044d7111 -> 200 (880ms) [prasanna]
2026-10-07 16:48:28,258 | INFO | CRM backend ready on http://0.0.0.0:5000
2026-10-07 16:48:29,363 | INFO | CRM backend ready on http://0.0.0.0:5000
2026-10-07 16:48:29,377 | INFO | GET /health -> 200 (0ms) [anonymous]
2026-10-07 16:48:29,379 | INFO | POST /api/auth/login -> 401 (0ms) [anonymous]
2026-10-07 16:48:30,097 | INFO | POST /api/auth/login -> 200 (717ms) [anonymous]
2026-10-07 16:48:30,099 | INFO | GET /api/auth/me -> 200 (0ms) [prasanna]
2026-10-07 16:48:30,102 | INFO | GET /api/leads -> 401 (1ms) [anonymous]
2026-10-07 16:48:31,239 | INFO | POST /api/employees -> 201 (1132ms) [prasanna]
2026-10-07 16:48:32,698 | INFO | POST /api/employees -> 201 (890ms) [prasanna]
2026-10-07 16:48:33,205 | INFO | GET /api/employees -> 200 (0ms) [prasanna]
2026-10-07 16:48:34,085 | INFO | POST /api/companies -> 201 (878ms) [prasanna]
2026-10-07 16:48:35,434 | INFO | POST /api/leads -> 201 (718ms) [prasanna]
2026-10-07 16:48:36,041 | INFO | GET /api/leads/lead_249e7e78c811 -> 200 (0ms) [prasanna]
2026-10-07 16:48:36,150 | INFO | POST /api/leads/lead_249e7e78c811/followups -> 201 (105ms) [prasanna]
2026-10-07 16:48:36,899 | INFO | POST /api/leads/lead_249e7e78c811/calls -> 201 (111ms) [prasanna]
2026-10-07 16:48:37,654 | INFO | GET /api/followups -> 200 (0ms) [prasanna]
2026-10-07 16:48:37,657 | INFO | GET /api/calls -> 200 (1ms) [prasanna]
2026-10-07 16:48:38,336 | INFO | POST /api/developers -> 201 (677ms) [prasanna]
2026-10-07 16:48:39,731 | INFO | POST /api/projects -> 201 (723ms) [prasanna]
2026-10-07 16:48:40,443 | INFO | POST /api/projects/prj_de2f68915b7a/tasks -> 201 (49ms) [prasanna]
2026-10-07 16:48:41,223 | INFO | PUT /api/projects/tasks/tsk_6ffaffc56ad3 -> 200 (144ms) [prasanna]
2026-10-07 16:48:42,103 | INFO | POST /api/projects/prj_de2f68915b7a/updates -> 201 (107ms) [prasanna]
2026-10-07 16:48:42,874 | INFO | POST /api/projects/prj_de2f68915b7a/assignments -> 201 (148ms) [prasanna]
2026-10-07 16:48:43,570 | INFO | GET /api/developers/dev_8ec10d4fbe0e -> 200 (0ms) [prasanna]
2026-10-07 16:48:43,573 | INFO | GET /api/reports/summary -> 200 (0ms) [prasanna]
2026-10-07 16:48:43,577 | INFO | GET /api/reports/dashboard -> 200 (1ms) [prasanna]
2026-10-07 16:48:43,708 | INFO | GET /api/reports/daily -> 200 (129ms) [prasanna]
2026-10-07 16:48:43,783 | INFO | GET /api/reports/weekly -> 200 (71ms) [prasanna]
2026-10-07 16:48:43,849 | INFO | GET /api/reports/monthly -> 200 (62ms) [prasanna]
2026-10-07 16:48:43,932 | INFO | GET /api/reports/yearly -> 200 (81ms) [prasanna]
2026-10-07 16:48:43,971 | INFO | GET /api/reports/export/leads -> 200 (35ms) [prasanna]
2026-10-07 16:48:44,140 | INFO | POST /api/reports/powerbi/export -> 200 (165ms) [prasanna]
2026-10-07 16:48:44,785 | INFO | GET /api/reports/activity -> 200 (1ms) [prasanna]
2026-10-07 16:48:45,797 | INFO | POST /api/auth/login -> 200 (1008ms) [anonymous]
2026-10-07 16:48:45,802 | INFO | GET /api/employees -> 200 (0ms) [Jane Employee]
2026-10-07 16:48:45,804 | INFO | POST /api/employees -> 403 (0ms) [Jane Employee]
2026-10-07 16:48:46,631 | INFO | GET /api/reports/summary -> 200 (0ms) [Jane Employee]
2026-10-07 16:48:47,690 | INFO | POST /api/employees -> 201 (376ms) [prasanna]
2026-10-07 16:48:47,755 | INFO | GET /api/employees -> 200 (0ms) [prasanna]
2026-10-07 16:48:47,791 | INFO | GET /api/employees -> 200 (0ms) [prasanna]
2026-10-07 16:48:47,796 | INFO | POST /api/auth/login -> 200 (1162ms) [anonymous]
2026-10-07 16:48:47,801 | INFO | GET /api/reports/summary -> 200 (0ms) [John Dev]
2026-10-07 16:48:47,805 | INFO | DELETE /api/leads/lead_249e7e78c811 -> 403 (0ms) [John Dev]
2026-10-07 16:48:48,547 | INFO | GET /api/roles -> 200 (1ms) [prasanna]
2026-10-07 16:48:49,274 | INFO | POST /api/roles -> 201 (724ms) [prasanna]
2026-10-07 16:48:50,049 | INFO | POST /api/roles -> 422 (1ms) [prasanna]
2026-10-07 16:48:51,933 | INFO | POST /api/employees -> 201 (1103ms) [prasanna]
2026-10-07 16:48:52,539 | INFO | POST /api/employees -> 422 (0ms) [prasanna]
2026-10-07 16:48:54,100 | INFO | POST /api/auth/login -> 200 (867ms) [anonymous]
2026-10-07 16:48:54,103 | INFO | GET /api/leads -> 200 (1ms) [Rita Role]
2026-10-07 16:48:54,107 | INFO | GET /api/reports/summary -> 200 (0ms) [Rita Role]
2026-10-07 16:48:54,110 | INFO | POST /api/roles -> 403 (1ms) [Rita Role]
2026-10-07 16:48:55,027 | INFO | DELETE /api/roles/role_83854245d53e -> 409 (0ms) [prasanna]
2026-10-07 16:48:56,542 | INFO | DELETE /api/employees/emp_8f3a8c9cafcd -> 200 (883ms) [prasanna]
2026-10-07 16:48:58,048 | INFO | DELETE /api/roles/role_83854245d53e -> 200 (734ms) [prasanna]
2026-10-07 16:48:58,802 | INFO | DELETE /api/roles/role_46052807f7bb -> 400 (0ms) [prasanna]
2026-10-07 16:49:00,314 | INFO | POST /api/leads/lead_249e7e78c811/assign -> 200 (868ms) [prasanna]
2026-10-07 16:49:01,087 | INFO | POST /api/projects/prj_de2f68915b7a/tasks -> 201 (148ms) [prasanna]
2026-10-07 16:49:02,605 | INFO | PUT /api/projects/prj_de2f68915b7a -> 200 (751ms) [prasanna]
2026-10-07 16:49:03,320 | INFO | GET /api/employees/emp_a9a1e845f247 -> 200 (0ms) [prasanna]
2026-10-07 16:49:04,080 | INFO | POST /api/leads/lead_249e7e78c811/assign -> 200 (757ms) [prasanna]
2026-10-07 16:49:04,928 | INFO | PUT /api/projects/tasks/tsk_fe02005fadb2 -> 200 (86ms) [prasanna]
2026-10-07 16:49:05,419 | INFO | GET /pages/developers.html -> 304 (0ms) [anonymous]
2026-10-07 16:49:05,445 | INFO | GET /css/style.css -> 304 (3ms) [anonymous]
2026-10-07 16:49:05,467 | INFO | GET /css/dashboard.css -> 304 (2ms) [anonymous]
2026-10-07 16:49:05,468 | INFO | GET /css/responsive.css -> 304 (1ms) [anonymous]
2026-10-07 16:49:05,481 | INFO | GET /js/auth.js -> 304 (0ms) [anonymous]
2026-10-07 16:49:05,498 | INFO | GET /js/developers.js -> 304 (3ms) [anonymous]
2026-10-07 16:49:05,532 | INFO | GET /components/navbar.html -> 304 (2ms) [anonymous]
2026-10-07 16:49:05,533 | INFO | GET /components/sidebar.html -> 304 (1ms) [anonymous]
2026-10-07 16:49:05,553 | INFO | GET /components/footer.html -> 304 (5ms) [anonymous]
2026-10-07 16:49:05,554 | INFO | GET /components/modals.html -> 304 (1ms) [anonymous]
2026-10-07 16:49:05,589 | INFO | GET /api/auth/notifications -> 200 (0ms) [prasanna]
2026-10-07 16:49:05,601 | INFO | GET /api/developers -> 200 (1ms) [prasanna]
2026-10-07 16:49:06,516 | INFO | PUT /api/projects/prj_de2f68915b7a -> 200 (754ms) [prasanna]
2026-10-07 16:49:07,164 | INFO | GET /api/employees/emp_a9a1e845f247 -> 200 (0ms) [prasanna]
2026-10-07 16:49:08,093 | INFO | POST /api/leads/lead_249e7e78c811/assign -> 200 (927ms) [prasanna]
2026-10-07 16:49:09,808 | INFO | POST /api/leads -> 201 (1057ms) [prasanna]
2026-10-07 16:49:10,569 | INFO | GET /api/leads -> 200 (1ms) [Jane Employee]
2026-10-07 16:49:10,594 | INFO | GET /api/leads -> 200 (1ms) [John Dev]
2026-10-07 16:49:10,597 | INFO | GET /api/leads/lead_5314bbe4e8b2 -> 404 (0ms) [Jane Employee]
2026-10-07 16:49:10,599 | INFO | GET /api/leads/lead_249e7e78c811 -> 404 (0ms) [John Dev]
2026-10-07 16:49:10,602 | INFO | POST /api/leads/lead_249e7e78c811/assign -> 403 (0ms) [Jane Employee]
2026-10-07 16:49:11,345 | INFO | PUT /api/leads/lead_5314bbe4e8b2 -> 404 (0ms) [Jane Employee]
2026-10-07 16:49:12,124 | INFO | DELETE /api/leads/lead_5314bbe4e8b2 -> 404 (0ms) [Jane Employee]
2026-10-07 16:49:13,642 | INFO | POST /api/leads -> 201 (834ms) [Jane Employee]
2026-10-07 16:49:14,490 | INFO | GET /api/leads -> 200 (0ms) [John Dev]
2026-10-07 16:49:14,492 | INFO | GET /api/leads/lead_c2039ae492a2 -> 404 (1ms) [John Dev]
2026-10-07 16:49:14,494 | INFO | GET /api/followups -> 200 (0ms) [Jane Employee]
2026-10-07 16:49:14,497 | INFO | GET /api/followups -> 200 (0ms) [John Dev]
2026-10-07 16:49:14,500 | INFO | GET /api/leads/lead_5314bbe4e8b2/followups -> 404 (0ms) [Jane Employee]
2026-10-07 16:49:14,623 | INFO | POST /api/leads/lead_249e7e78c811/calls -> 201 (118ms) [Jane Employee]
2026-10-07 16:49:15,252 | INFO | GET /api/calls -> 200 (1ms) [Jane Employee]
2026-10-07 16:49:15,256 | INFO | GET /api/calls -> 200 (0ms) [John Dev]
2026-10-07 16:49:16,036 | INFO | DELETE /api/leads/lead_c2039ae492a2 -> 200 (777ms) [Jane Employee]
2026-10-07 16:49:17,622 | INFO | DELETE /api/leads/lead_5314bbe4e8b2 -> 200 (892ms) [prasanna]
2026-10-07 16:49:19,340 | INFO | DELETE /api/leads/lead_249e7e78c811 -> 200 (937ms) [prasanna]
2026-10-07 16:49:20,942 | INFO | DELETE /api/developers/dev_42235c2150f7 -> 200 (777ms) [prasanna]
2026-10-07 16:49:21,029 | INFO | DELETE /api/projects/prj_de2f68915b7a -> 200 (887ms) [prasanna]
2026-10-07 16:49:21,404 | INFO | DELETE /api/developers/dev_42235c2150f7 -> 200 (1238ms) [prasanna]
2026-10-07 16:49:21,816 | INFO | PUT /api/auth/change-password -> 403 (0ms) [Jane Employee]
2026-10-07 16:49:21,837 | INFO | POST /api/auth/register -> 403 (0ms) [Jane Employee]
2026-10-07 16:49:22,037 | INFO | GET /api/developers -> 200 (0ms) [prasanna]
2026-10-07 16:49:22,412 | INFO | PUT /api/auth/change-password -> 200 (553ms) [prasanna]
2026-10-07 16:49:22,793 | INFO | GET /api/developers -> 200 (0ms) [prasanna]
2026-10-07 16:49:24,233 | INFO | PUT /api/employees/emp_a9a1e845f247 -> 200 (1127ms) [prasanna]
2026-10-07 16:49:25,945 | INFO | POST /api/auth/login -> 200 (947ms) [anonymous]
2026-10-07 16:49:25,948 | INFO | POST /api/auth/notifications -> 403 (0ms) [Jane Employee]
2026-10-07 16:49:26,646 | INFO | POST /api/auth/notifications -> 404 (1ms) [prasanna]
2026-10-07 16:49:27,369 | INFO | POST /api/auth/notifications -> 422 (0ms) [prasanna]
2026-10-07 16:49:28,152 | INFO | POST /api/auth/notifications -> 201 (106ms) [prasanna]
2026-10-07 16:49:29,043 | INFO | GET /api/auth/notifications -> 200 (0ms) [Jane Employee]
2026-10-07 16:49:29,045 | INFO | GET /api/auth/notifications -> 200 (0ms) [John Dev]
2026-10-07 16:49:29,049 | INFO | POST /api/leads/import -> 403 (0ms) [Jane Employee]
2026-10-07 16:49:29,917 | INFO | GET /pages/login.html -> 304 (22ms) [anonymous]
2026-10-07 16:49:29,943 | INFO | GET /css/style.css -> 304 (0ms) [anonymous]
2026-10-07 16:49:29,962 | INFO | GET /css/responsive.css -> 304 (1ms) [anonymous]
2026-10-07 16:49:29,972 | INFO | GET /css/login.css -> 304 (25ms) [anonymous]
2026-10-07 16:49:29,976 | INFO | GET /js/auth.js -> 304 (0ms) [anonymous]
2026-10-07 16:49:31,614 | INFO | POST /api/leads/import -> 201 (1908ms) [prasanna]
2026-10-07 16:49:32,480 | INFO | GET /api/leads -> 200 (1ms) [prasanna]
2026-10-07 16:49:32,484 | INFO | GET /api/leads -> 200 (1ms) [Jane Employee]
2026-10-07 16:49:32,489 | INFO | POST /api/leads/import -> 422 (2ms) [prasanna]
2026-10-07 16:49:33,140 | INFO | POST /api/leads/import -> 422 (2ms) [prasanna]
2026-10-07 16:49:34,799 | INFO | POST /api/leads/import -> 201 (940ms) [prasanna]
2026-10-07 16:49:34,823 | INFO | GET /api/companies -> 200 (0ms) [prasanna]
2026-10-07 16:49:34,826 | INFO | GET /api/leads -> 200 (1ms) [prasanna]
2026-10-07 16:49:34,905 | INFO | DELETE /api/leads/lead_2e54c146d90f -> 200 (75ms) [prasanna]
2026-10-07 16:49:34,971 | INFO | DELETE /api/leads/lead_812ff73af1f4 -> 200 (62ms) [prasanna]
2026-10-07 16:49:35,030 | INFO | POST /api/auth/login -> 200 (941ms) [anonymous]
2026-10-07 16:49:35,454 | INFO | GET /pages/developer-dashboard.html -> 200 (32ms) [anonymous]
2026-10-07 16:49:35,490 | INFO | GET /css/style.css -> 304 (5ms) [anonymous]
2026-10-07 16:49:35,515 | INFO | GET /css/dashboard.css -> 304 (3ms) [anonymous]
2026-10-07 16:49:35,517 | INFO | GET /css/responsive.css -> 304 (2ms) [anonymous]
2026-10-07 16:49:35,522 | INFO | GET /js/auth.js -> 304 (2ms) [anonymous]
2026-10-07 16:49:35,616 | INFO | GET /js/dashboard.js -> 304 (81ms) [anonymous]
2026-10-07 16:49:35,642 | INFO | GET /components/navbar.html -> 304 (1ms) [anonymous]
2026-10-07 16:49:35,704 | INFO | GET /components/sidebar.html -> 304 (0ms) [anonymous]
2026-10-07 16:49:35,817 | INFO | GET /components/footer.html -> 304 (1ms) [anonymous]
2026-10-07 16:49:35,840 | INFO | GET /components/modals.html -> 304 (0ms) [anonymous]
2026-10-07 16:49:35,911 | INFO | GET /api/auth/notifications -> 200 (1ms) [logesh]
2026-10-07 16:49:35,923 | INFO | GET /api/reports/dashboard -> 200 (0ms) [logesh]
2026-10-07 16:49:35,929 | INFO | GET /api/projects -> 200 (0ms) [logesh]
2026-10-07 16:49:35,938 | INFO | GET /api/projects/tasks/all -> 200 (0ms) [logesh]
2026-10-07 16:49:35,942 | INFO | GET /api/followups -> 200 (0ms) [logesh]
2026-10-07 16:49:36,157 | INFO | DELETE /api/leads/lead_90ea648fd775 -> 200 (1182ms) [prasanna]
2026-10-07 16:49:36,786 | INFO | GET /api/leads -> 200 (0ms) [prasanna]
2026-10-07 16:49:37,638 | INFO | DELETE /api/companies/cmp_d59fd88a6780 -> 200 (850ms) [prasanna]
2026-10-07 16:49:39,279 | INFO | DELETE /api/employees/emp_a9a1e845f247 -> 200 (854ms) [prasanna]
2026-10-07 16:49:40,790 | INFO | DELETE /api/employees/emp_803e9a8e47f2 -> 200 (773ms) [prasanna]
2026-10-07 16:50:28,036 | INFO | GET /pages/projects.html -> 304 (1ms) [anonymous]
2026-10-07 16:50:28,062 | INFO | GET /css/style.css -> 304 (0ms) [anonymous]
2026-10-07 16:50:28,083 | INFO | GET /css/dashboard.css -> 304 (2ms) [anonymous]
2026-10-07 16:50:28,090 | INFO | GET /css/responsive.css -> 304 (1ms) [anonymous]
2026-10-07 16:50:28,096 | INFO | GET /js/auth.js -> 304 (2ms) [anonymous]
2026-10-07 16:50:28,100 | INFO | GET /js/projects.js -> 304 (4ms) [anonymous]
2026-10-07 16:50:28,157 | INFO | GET /components/sidebar.html -> 304 (1ms) [anonymous]
2026-10-07 16:50:28,161 | INFO | GET /components/navbar.html -> 304 (2ms) [anonymous]
2026-10-07 16:50:28,166 | INFO | GET /components/footer.html -> 304 (5ms) [anonymous]
2026-10-07 16:50:28,168 | INFO | GET /components/modals.html -> 304 (5ms) [anonymous]
2026-10-07 16:50:28,204 | INFO | GET /api/auth/notifications -> 200 (0ms) [logesh]
2026-10-07 16:50:28,212 | INFO | GET /api/companies -> 200 (0ms) [logesh]
2026-10-07 16:50:28,226 | INFO | GET /api/employees -> 200 (1ms) [logesh]
2026-10-07 16:50:28,229 | INFO | GET /api/developers -> 200 (0ms) [logesh]
2026-10-07 16:50:28,258 | INFO | GET /api/projects -> 200 (2ms) [logesh]
2026-10-07 16:50:30,125 | INFO | GET /pages/settings.html -> 304 (27ms) [anonymous]
2026-10-07 16:50:30,145 | INFO | GET /css/style.css -> 304 (1ms) [anonymous]
2026-10-07 16:50:30,166 | INFO | GET /css/dashboard.css -> 304 (0ms) [anonymous]
2026-10-07 16:50:30,177 | INFO | GET /css/responsive.css -> 304 (0ms) [anonymous]
2026-10-07 16:50:30,189 | INFO | GET /js/auth.js -> 304 (3ms) [anonymous]
2026-10-07 16:50:30,190 | INFO | GET /js/dashboard.js -> 304 (4ms) [anonymous]
2026-10-07 16:50:30,224 | INFO | GET /components/navbar.html -> 304 (1ms) [anonymous]
2026-10-07 16:50:30,233 | INFO | GET /components/sidebar.html -> 304 (5ms) [anonymous]
2026-10-07 16:50:30,238 | INFO | GET /components/footer.html -> 304 (2ms) [anonymous]
2026-10-07 16:50:30,239 | INFO | GET /components/modals.html -> 304 (1ms) [anonymous]
2026-10-07 16:50:30,281 | INFO | GET /api/auth/notifications -> 200 (2ms) [logesh]
2026-10-07 16:50:30,286 | INFO | GET /api/auth/me -> 200 (0ms) [logesh]
2026-10-07 16:50:30,306 | INFO | GET /api/employees/emp_20205e6cffa7 -> 403 (0ms) [logesh]
2026-10-07 16:50:31,723 | INFO | GET /pages/projects.html -> 304 (0ms) [anonymous]
2026-10-07 16:50:31,773 | INFO | GET /css/style.css -> 304 (1ms) [anonymous]
2026-10-07 16:50:31,776 | INFO | GET /js/projects.js -> 304 (0ms) [anonymous]
2026-10-07 16:50:31,800 | INFO | GET /js/auth.js -> 304 (1ms) [anonymous]
2026-10-07 16:50:31,814 | INFO | GET /css/responsive.css -> 304 (4ms) [anonymous]
2026-10-07 16:50:31,815 | INFO | GET /css/dashboard.css -> 304 (1ms) [anonymous]
2026-10-07 16:50:31,858 | INFO | GET /components/sidebar.html -> 304 (2ms) [anonymous]
2026-10-07 16:50:31,860 | INFO | GET /components/navbar.html -> 304 (1ms) [anonymous]
2026-10-07 16:50:31,869 | INFO | GET /components/footer.html -> 304 (5ms) [anonymous]
2026-10-07 16:50:31,870 | INFO | GET /components/modals.html -> 304 (1ms) [anonymous]
2026-10-07 16:50:31,919 | INFO | GET /api/auth/notifications -> 200 (0ms) [logesh]
2026-10-07 16:50:31,924 | INFO | GET /api/companies -> 200 (0ms) [logesh]
2026-10-07 16:50:31,927 | INFO | GET /api/employees -> 200 (0ms) [logesh]
2026-10-07 16:50:31,938 | INFO | GET /api/developers -> 200 (0ms) [logesh]
2026-10-07 16:50:31,958 | INFO | GET /api/projects -> 200 (0ms) [logesh]
2026-10-07 16:50:33,726 | INFO | GET /pages/developer-dashboard.html -> 304 (1ms) [anonymous]
2026-10-07 16:50:33,749 | INFO | GET /css/style.css -> 304 (0ms) [anonymous]
2026-10-07 16:50:33,755 | INFO | GET /js/auth.js -> 304 (0ms) [anonymous]
2026-10-07 16:50:33,762 | INFO | GET /css/responsive.css -> 304 (5ms) [anonymous]
2026-10-07 16:50:33,771 | INFO | GET /css/dashboard.css -> 304 (4ms) [anonymous]
2026-10-07 16:50:33,773 | INFO | GET /js/dashboard.js -> 304 (2ms) [anonymous]
2026-10-07 16:50:33,808 | INFO | GET /components/sidebar.html -> 304 (2ms) [anonymous]
2026-10-07 16:50:33,822 | INFO | GET /components/navbar.html -> 304 (0ms) [anonymous]
2026-10-07 16:50:33,837 | INFO | GET /components/footer.html -> 304 (0ms) [anonymous]
2026-10-07 16:50:33,845 | INFO | GET /components/modals.html -> 304 (3ms) [anonymous]
2026-10-07 16:50:33,883 | INFO | GET /api/auth/notifications -> 200 (0ms) [logesh]
2026-10-07 16:50:33,893 | INFO | GET /api/reports/dashboard -> 200 (0ms) [logesh]
2026-10-07 16:50:33,901 | INFO | GET /api/projects -> 200 (0ms) [logesh]
2026-10-07 16:50:33,918 | INFO | GET /api/projects/tasks/all -> 200 (0ms) [logesh]
2026-10-07 16:50:33,921 | INFO | GET /api/followups -> 200 (1ms) [logesh]
2026-10-07 16:50:41,672 | INFO | GET /pages/projects.html -> 304 (0ms) [anonymous]
2026-10-07 16:50:41,697 | INFO | GET /css/style.css -> 304 (0ms) [anonymous]
2026-10-07 16:50:41,713 | INFO | GET /css/dashboard.css -> 304 (0ms) [anonymous]
2026-10-07 16:50:41,726 | INFO | GET /css/responsive.css -> 304 (2ms) [anonymous]
2026-10-07 16:50:41,729 | INFO | GET /js/auth.js -> 304 (1ms) [anonymous]
2026-10-07 16:50:41,738 | INFO | GET /js/projects.js -> 304 (1ms) [anonymous]
2026-10-07 16:50:41,790 | INFO | GET /components/sidebar.html -> 304 (1ms) [anonymous]
2026-10-07 16:50:41,795 | INFO | GET /components/navbar.html -> 304 (2ms) [anonymous]
2026-10-07 16:50:41,797 | INFO | GET /components/footer.html -> 304 (2ms) [anonymous]
2026-10-07 16:50:41,801 | INFO | GET /components/modals.html -> 304 (2ms) [anonymous]
2026-10-07 16:50:41,842 | INFO | GET /api/auth/notifications -> 200 (1ms) [logesh]
2026-10-07 16:50:41,846 | INFO | GET /api/companies -> 200 (0ms) [logesh]
2026-10-07 16:50:41,852 | INFO | GET /api/employees -> 200 (2ms) [logesh]
2026-10-07 16:50:41,860 | INFO | GET /api/developers -> 200 (0ms) [logesh]
2026-10-07 16:50:41,885 | INFO | GET /api/projects -> 200 (1ms) [logesh]
2026-10-07 16:50:43,818 | INFO | GET /pages/developer-dashboard.html -> 304 (0ms) [anonymous]
2026-10-07 16:50:43,844 | INFO | GET /css/style.css -> 304 (1ms) [anonymous]
2026-10-07 16:50:43,860 | INFO | GET /css/dashboard.css -> 304 (1ms) [anonymous]
2026-10-07 16:50:43,861 | INFO | GET /css/responsive.css -> 304 (1ms) [anonymous]
2026-10-07 16:50:43,866 | INFO | GET /js/auth.js -> 304 (3ms) [anonymous]
2026-10-07 16:50:43,887 | INFO | GET /js/dashboard.js -> 304 (1ms) [anonymous]
2026-10-07 16:50:43,919 | INFO | GET /components/sidebar.html -> 304 (3ms) [anonymous]
2026-10-07 16:50:43,921 | INFO | GET /components/navbar.html -> 304 (2ms) [anonymous]
2026-10-07 16:50:43,929 | INFO | GET /components/footer.html -> 304 (0ms) [anonymous]
2026-10-07 16:50:43,968 | INFO | GET /components/modals.html -> 304 (2ms) [anonymous]
2026-10-07 16:50:43,993 | INFO | GET /api/auth/notifications -> 200 (0ms) [logesh]
2026-10-07 16:50:43,995 | INFO | GET /api/projects -> 200 (0ms) [logesh]
2026-10-07 16:50:43,997 | INFO | GET /api/reports/dashboard -> 200 (0ms) [logesh]
2026-10-07 16:50:43,999 | INFO | GET /api/projects/tasks/all -> 200 (0ms) [logesh]
2026-10-07 16:50:44,003 | INFO | GET /api/followups -> 200 (1ms) [logesh]
2026-10-07 16:50:59,106 | INFO | GET /pages/login.html -> 304 (0ms) [anonymous]
2026-10-07 16:50:59,131 | INFO | GET /css/style.css -> 304 (1ms) [anonymous]
2026-10-07 16:50:59,144 | INFO | GET /css/login.css -> 304 (3ms) [anonymous]
2026-10-07 16:50:59,145 | INFO | GET /css/responsive.css -> 304 (1ms) [anonymous]
2026-10-07 16:50:59,148 | INFO | GET /js/auth.js -> 304 (1ms) [anonymous]
2026-10-07 16:51:06,382 | INFO | POST /api/auth/login -> 200 (1074ms) [anonymous]
2026-10-07 16:51:06,800 | INFO | GET /pages/employee-dashboard.html -> 304 (34ms) [anonymous]
2026-10-07 16:51:06,827 | INFO | GET /css/style.css -> 304 (2ms) [anonymous]
2026-10-07 16:51:06,851 | INFO | GET /css/dashboard.css -> 304 (1ms) [anonymous]
2026-10-07 16:51:06,864 | INFO | GET /css/responsive.css -> 304 (3ms) [anonymous]
2026-10-07 16:51:06,879 | INFO | GET /js/auth.js -> 304 (3ms) [anonymous]
2026-10-07 16:51:06,906 | INFO | GET /js/dashboard.js -> 304 (3ms) [anonymous]
2026-10-07 16:51:06,942 | INFO | GET /components/sidebar.html -> 304 (2ms) [anonymous]
2026-10-07 16:51:06,943 | INFO | GET /components/navbar.html -> 304 (1ms) [anonymous]
2026-10-07 16:51:06,951 | INFO | GET /components/footer.html -> 304 (4ms) [anonymous]
2026-10-07 16:51:06,970 | INFO | GET /components/modals.html -> 304 (0ms) [anonymous]
2026-10-07 16:51:07,017 | INFO | GET /api/auth/notifications -> 200 (2ms) [vijay]
2026-10-07 16:51:07,023 | INFO | GET /api/reports/dashboard -> 200 (1ms) [vijay]
2026-10-07 16:51:07,042 | INFO | GET /api/leads -> 200 (0ms) [vijay]
2026-10-07 16:51:07,052 | INFO | GET /api/followups -> 200 (0ms) [vijay]
2026-10-07 16:51:22,952 | INFO | GET /pages/companies.html -> 304 (21ms) [anonymous]
2026-10-07 16:51:22,975 | INFO | GET /css/style.css -> 304 (2ms) [anonymous]
2026-10-07 16:51:22,990 | INFO | GET /css/responsive.css -> 304 (6ms) [anonymous]
2026-10-07 16:51:22,994 | INFO | GET /css/dashboard.css -> 304 (8ms) [anonymous]
2026-10-07 16:51:22,999 | INFO | GET /js/auth.js -> 304 (6ms) [anonymous]
2026-10-07 16:51:23,003 | INFO | GET /js/leads.js -> 304 (4ms) [anonymous]
2026-10-07 16:51:23,089 | INFO | GET /components/sidebar.html -> 304 (3ms) [anonymous]
2026-10-07 16:51:23,093 | INFO | GET /components/navbar.html -> 304 (4ms) [anonymous]
2026-10-07 16:51:23,099 | INFO | GET /components/footer.html -> 304 (7ms) [anonymous]
2026-10-07 16:51:23,103 | INFO | GET /components/modals.html -> 304 (0ms) [anonymous]
2026-10-07 16:51:23,153 | INFO | GET /api/auth/notifications -> 200 (0ms) [vijay]
2026-10-07 16:51:23,160 | INFO | GET /api/companies -> 200 (3ms) [vijay]
2026-10-07 16:51:28,932 | INFO | GET /pages/leads.html -> 304 (0ms) [anonymous]
2026-10-07 16:51:28,962 | INFO | GET /css/style.css -> 304 (2ms) [anonymous]
2026-10-07 16:51:28,977 | INFO | GET /css/dashboard.css -> 304 (1ms) [anonymous]
2026-10-07 16:51:28,983 | INFO | GET /css/responsive.css -> 304 (2ms) [anonymous]
2026-10-07 16:51:28,985 | INFO | GET /js/auth.js -> 304 (2ms) [anonymous]
2026-10-07 16:51:28,991 | INFO | GET /js/leads.js -> 304 (1ms) [anonymous]
2026-10-07 16:51:29,038 | INFO | GET /components/sidebar.html -> 304 (1ms) [anonymous]
2026-10-07 16:51:29,042 | INFO | GET /components/navbar.html -> 304 (3ms) [anonymous]
2026-10-07 16:51:29,047 | INFO | GET /components/footer.html -> 304 (1ms) [anonymous]
2026-10-07 16:51:29,048 | INFO | GET /components/modals.html -> 304 (1ms) [anonymous]
2026-10-07 16:51:29,087 | INFO | GET /api/auth/notifications -> 200 (0ms) [vijay]
2026-10-07 16:51:29,094 | INFO | GET /api/leads -> 200 (5ms) [vijay]
2026-10-07 16:51:43,660 | INFO | GET /api/auth/notifications -> 200 (0ms) [vijay]
2026-10-07 16:51:57,665 | INFO | GET /pages/developers.html -> 304 (0ms) [anonymous]
2026-10-07 16:51:57,690 | INFO | GET /css/style.css -> 304 (0ms) [anonymous]
2026-10-07 16:51:57,699 | INFO | GET /css/responsive.css -> 304 (5ms) [anonymous]
2026-10-07 16:51:57,704 | INFO | GET /css/dashboard.css -> 304 (1ms) [anonymous]
2026-10-07 16:51:57,708 | INFO | GET /js/auth.js -> 304 (0ms) [anonymous]
2026-10-07 16:51:57,728 | INFO | GET /js/developers.js -> 304 (1ms) [anonymous]
2026-10-07 16:51:57,770 | INFO | GET /components/sidebar.html -> 304 (1ms) [anonymous]
2026-10-07 16:51:57,774 | INFO | GET /components/navbar.html -> 304 (2ms) [anonymous]
2026-10-07 16:51:57,778 | INFO | GET /components/footer.html -> 304 (4ms) [anonymous]
2026-10-07 16:51:57,780 | INFO | GET /components/modals.html -> 304 (2ms) [anonymous]
2026-10-07 16:51:57,823 | INFO | GET /api/developers -> 200 (0ms) [vijay]
2026-10-07 16:51:57,828 | INFO | GET /api/auth/notifications -> 200 (0ms) [vijay]
2026-10-07 16:52:39,475 | INFO | CRM backend ready on http://0.0.0.0:5000
2026-10-07 16:52:41,111 | INFO | CRM backend ready on http://0.0.0.0:5000
2026-10-07 16:52:41,136 | INFO | GET /health -> 200 (0ms) [anonymous]
2026-10-07 16:52:41,141 | INFO | POST /api/auth/login -> 401 (0ms) [anonymous]
2026-10-07 16:52:42,369 | INFO | POST /api/auth/login -> 200 (1225ms) [anonymous]
2026-10-07 16:52:42,374 | INFO | GET /api/auth/me -> 200 (0ms) [prasanna]
2026-10-07 16:52:42,380 | INFO | GET /api/leads -> 401 (0ms) [anonymous]
2026-10-07 16:52:43,440 | INFO | POST /api/employees -> 201 (1057ms) [prasanna]
2026-10-07 16:52:45,256 | INFO | POST /api/employees -> 201 (966ms) [prasanna]
2026-10-07 16:52:45,999 | INFO | GET /api/employees -> 200 (0ms) [prasanna]
2026-10-07 16:52:46,690 | INFO | POST /api/companies -> 201 (689ms) [prasanna]
2026-10-07 16:52:48,056 | INFO | POST /api/leads -> 201 (686ms) [prasanna]
2026-10-07 16:52:48,755 | INFO | GET /api/leads/lead_ff08c2913213 -> 200 (0ms) [prasanna]
2026-10-07 16:52:48,867 | INFO | POST /api/leads/lead_ff08c2913213/followups -> 201 (110ms) [prasanna]
2026-10-07 16:52:49,602 | INFO | POST /api/leads/lead_ff08c2913213/calls -> 201 (113ms) [prasanna]
2026-10-07 16:52:50,323 | INFO | GET /api/followups -> 200 (0ms) [prasanna]
2026-10-07 16:52:50,325 | INFO | GET /api/calls -> 200 (0ms) [prasanna]
2026-10-07 16:52:50,976 | INFO | POST /api/developers -> 201 (647ms) [prasanna]
2026-10-07 16:52:52,511 | INFO | POST /api/projects -> 201 (845ms) [prasanna]
2026-10-07 16:52:53,266 | INFO | POST /api/projects/prj_9f913e26620e/tasks -> 201 (41ms) [prasanna]
2026-10-07 16:52:54,006 | INFO | PUT /api/projects/tasks/tsk_9d398b248d0d -> 200 (122ms) [prasanna]
2026-10-07 16:52:54,819 | INFO | POST /api/projects/prj_9f913e26620e/updates -> 201 (111ms) [prasanna]
2026-10-07 16:52:55,656 | INFO | POST /api/projects/prj_9f913e26620e/assignments -> 201 (169ms) [prasanna]
2026-10-07 16:52:56,386 | INFO | GET /api/developers/dev_4179728cec1c -> 200 (0ms) [prasanna]
2026-10-07 16:52:56,388 | INFO | GET /api/reports/summary -> 200 (0ms) [prasanna]
2026-10-07 16:52:56,393 | INFO | GET /api/reports/dashboard -> 200 (2ms) [prasanna]
2026-10-07 16:52:56,533 | INFO | GET /api/reports/daily -> 200 (137ms) [prasanna]
2026-10-07 16:52:56,602 | INFO | GET /api/reports/weekly -> 200 (65ms) [prasanna]
2026-10-07 16:52:56,668 | INFO | GET /api/reports/monthly -> 200 (63ms) [prasanna]
2026-10-07 16:52:56,730 | INFO | GET /api/reports/yearly -> 200 (60ms) [prasanna]
2026-10-07 16:52:56,763 | INFO | GET /api/reports/export/leads -> 200 (31ms) [prasanna]
2026-10-07 16:52:56,929 | INFO | POST /api/reports/powerbi/export -> 200 (163ms) [prasanna]
2026-10-07 16:52:57,532 | INFO | GET /api/reports/activity -> 200 (2ms) [prasanna]
2026-10-07 16:52:58,373 | INFO | POST /api/auth/login -> 200 (839ms) [anonymous]
2026-10-07 16:52:58,377 | INFO | GET /api/employees -> 200 (2ms) [Jane Employee]
2026-10-07 16:52:58,379 | INFO | POST /api/employees -> 403 (0ms) [Jane Employee]
2026-10-07 16:52:59,025 | INFO | GET /api/reports/summary -> 200 (0ms) [Jane Employee]
2026-10-07 16:52:59,947 | INFO | POST /api/auth/login -> 200 (921ms) [anonymous]
2026-10-07 16:52:59,950 | INFO | GET /api/reports/summary -> 200 (0ms) [John Dev]
2026-10-07 16:52:59,952 | INFO | DELETE /api/leads/lead_ff08c2913213 -> 403 (1ms) [John Dev]
2026-10-07 16:53:00,652 | INFO | GET /api/roles -> 200 (0ms) [prasanna]
2026-10-07 16:53:01,299 | INFO | POST /api/roles -> 201 (643ms) [prasanna]
2026-10-07 16:53:02,055 | INFO | POST /api/roles -> 422 (0ms) [prasanna]
2026-10-07 16:53:03,706 | INFO | POST /api/employees -> 201 (935ms) [prasanna]
2026-10-07 16:53:04,300 | INFO | POST /api/employees -> 422 (0ms) [prasanna]
2026-10-07 16:53:05,759 | INFO | POST /api/auth/login -> 200 (746ms) [anonymous]
2026-10-07 16:53:05,762 | INFO | GET /api/leads -> 200 (1ms) [Rita Role]
2026-10-07 16:53:05,765 | INFO | GET /api/reports/summary -> 200 (1ms) [Rita Role]
2026-10-07 16:53:05,769 | INFO | POST /api/roles -> 403 (0ms) [Rita Role]
2026-10-07 16:53:06,610 | INFO | DELETE /api/roles/role_9ade377681cd -> 409 (0ms) [prasanna]
2026-10-07 16:53:08,065 | INFO | DELETE /api/employees/emp_610b3b298f6f -> 200 (762ms) [prasanna]
2026-10-07 16:53:09,666 | INFO | DELETE /api/roles/role_9ade377681cd -> 200 (992ms) [prasanna]
2026-10-07 16:53:10,293 | INFO | DELETE /api/roles/role_46052807f7bb -> 400 (0ms) [prasanna]
2026-10-07 16:53:11,788 | INFO | POST /api/leads/lead_ff08c2913213/assign -> 200 (841ms) [prasanna]
2026-10-07 16:53:12,743 | INFO | POST /api/projects/prj_9f913e26620e/tasks -> 201 (160ms) [prasanna]
2026-10-07 16:53:14,176 | INFO | PUT /api/projects/prj_9f913e26620e -> 200 (762ms) [prasanna]
2026-10-07 16:53:14,822 | INFO | GET /api/employees/emp_29f475760887 -> 200 (1ms) [prasanna]
2026-10-07 16:53:15,651 | INFO | POST /api/leads/lead_ff08c2913213/assign -> 200 (825ms) [prasanna]
2026-10-07 16:53:16,373 | INFO | PUT /api/projects/tasks/tsk_da989a8135bd -> 200 (63ms) [prasanna]
2026-10-07 16:53:17,844 | INFO | PUT /api/projects/prj_9f913e26620e -> 200 (769ms) [prasanna]
2026-10-07 16:53:18,437 | INFO | GET /api/employees/emp_29f475760887 -> 200 (0ms) [prasanna]
2026-10-07 16:53:19,250 | INFO | POST /api/leads/lead_ff08c2913213/assign -> 200 (810ms) [prasanna]
2026-10-07 16:53:20,876 | INFO | POST /api/leads -> 201 (922ms) [prasanna]
2026-10-07 16:53:21,552 | INFO | GET /api/leads -> 200 (1ms) [Jane Employee]
2026-10-07 16:53:21,555 | INFO | GET /api/leads -> 200 (1ms) [John Dev]
2026-10-07 16:53:21,558 | INFO | GET /api/leads/lead_b91728a34ae1 -> 404 (0ms) [Jane Employee]
2026-10-07 16:53:21,560 | INFO | GET /api/leads/lead_ff08c2913213 -> 404 (0ms) [John Dev]
2026-10-07 16:53:21,563 | INFO | POST /api/leads/lead_ff08c2913213/assign -> 403 (0ms) [Jane Employee]
2026-10-07 16:53:22,305 | INFO | PUT /api/leads/lead_b91728a34ae1 -> 404 (1ms) [Jane Employee]
2026-10-07 16:53:22,977 | INFO | DELETE /api/leads/lead_b91728a34ae1 -> 404 (0ms) [Jane Employee]
2026-10-07 16:53:24,630 | INFO | POST /api/leads -> 201 (941ms) [Jane Employee]
2026-10-07 16:53:25,352 | INFO | GET /api/leads -> 200 (0ms) [John Dev]
2026-10-07 16:53:25,354 | INFO | GET /api/leads/lead_7d1759de5d45 -> 404 (0ms) [John Dev]
2026-10-07 16:53:25,357 | INFO | GET /api/followups -> 200 (0ms) [Jane Employee]
2026-10-07 16:53:25,359 | INFO | GET /api/followups -> 200 (0ms) [John Dev]
2026-10-07 16:53:25,362 | INFO | GET /api/leads/lead_b91728a34ae1/followups -> 404 (1ms) [Jane Employee]
2026-10-07 16:53:25,482 | INFO | POST /api/leads/lead_ff08c2913213/calls -> 201 (118ms) [Jane Employee]
2026-10-07 16:53:26,145 | INFO | GET /api/calls -> 200 (1ms) [Jane Employee]
2026-10-07 16:53:26,148 | INFO | GET /api/calls -> 200 (0ms) [John Dev]
2026-10-07 16:53:27,036 | INFO | DELETE /api/leads/lead_7d1759de5d45 -> 200 (885ms) [Jane Employee]
2026-10-07 16:53:28,491 | INFO | DELETE /api/leads/lead_b91728a34ae1 -> 200 (796ms) [prasanna]
2026-10-07 16:53:29,890 | INFO | DELETE /api/leads/lead_ff08c2913213 -> 200 (781ms) [prasanna]
2026-10-07 16:53:31,489 | INFO | DELETE /api/projects/prj_9f913e26620e -> 200 (886ms) [prasanna]
2026-10-07 16:53:32,263 | INFO | PUT /api/auth/change-password -> 403 (1ms) [Jane Employee]
2026-10-07 16:53:32,977 | INFO | POST /api/auth/register -> 403 (1ms) [Jane Employee]
2026-10-07 16:53:34,167 | INFO | PUT /api/auth/change-password -> 200 (376ms) [prasanna]
2026-10-07 16:53:35,809 | INFO | PUT /api/employees/emp_29f475760887 -> 200 (964ms) [prasanna]
2026-10-07 16:53:37,427 | INFO | POST /api/auth/login -> 200 (883ms) [anonymous]
2026-10-07 16:53:37,429 | INFO | POST /api/auth/notifications -> 403 (0ms) [Jane Employee]
2026-10-07 16:53:38,168 | INFO | POST /api/auth/notifications -> 404 (0ms) [prasanna]
2026-10-07 16:53:38,771 | INFO | POST /api/auth/notifications -> 422 (0ms) [prasanna]
2026-10-07 16:53:39,619 | INFO | POST /api/auth/notifications -> 201 (110ms) [prasanna]
2026-10-07 16:53:40,378 | INFO | GET /api/auth/notifications -> 200 (0ms) [Jane Employee]
2026-10-07 16:53:40,381 | INFO | GET /api/auth/notifications -> 200 (0ms) [John Dev]
2026-10-07 16:53:40,508 | INFO | POST /api/auth/notifications/ntf_e7e19b76903a/reply -> 201 (125ms) [Jane Employee]
2026-10-07 16:53:41,219 | INFO | GET /api/auth/notifications -> 200 (1ms) [prasanna]
2026-10-07 16:53:41,222 | INFO | POST /api/auth/notifications/ntf_e7e19b76903a/reply -> 404 (0ms) [John Dev]
2026-10-07 16:53:41,884 | INFO | POST /api/auth/notifications/ntf_e7e19b76903a/reply -> 422 (1ms) [Jane Employee]
2026-10-07 16:53:42,762 | INFO | POST /api/auth/notifications -> 201 (107ms) [prasanna]
2026-10-07 16:53:43,579 | INFO | POST /api/auth/notifications/ntf_0eb42610f6f1/reply -> 201 (123ms) [John Dev]
2026-10-07 16:53:44,313 | INFO | POST /api/leads/import -> 403 (0ms) [Jane Employee]
2026-10-07 16:53:46,867 | INFO | POST /api/leads/import -> 201 (1891ms) [prasanna]
2026-10-07 16:53:47,524 | INFO | GET /api/leads -> 200 (0ms) [prasanna]
2026-10-07 16:53:47,528 | INFO | GET /api/leads -> 200 (0ms) [Jane Employee]
2026-10-07 16:53:47,532 | INFO | POST /api/leads/import -> 422 (1ms) [prasanna]
2026-10-07 16:53:48,287 | INFO | POST /api/leads/import -> 422 (5ms) [prasanna]
2026-10-07 16:53:49,937 | INFO | POST /api/leads/import -> 201 (946ms) [prasanna]
2026-10-07 16:53:50,679 | INFO | GET /api/companies -> 200 (0ms) [prasanna]
2026-10-07 16:53:50,682 | INFO | GET /api/leads -> 200 (0ms) [prasanna]
2026-10-07 16:53:51,406 | INFO | DELETE /api/leads/lead_a72df0ddfbe0 -> 200 (721ms) [prasanna]
2026-10-07 16:53:52,947 | INFO | DELETE /api/leads/lead_3617e78ccfa9 -> 200 (759ms) [prasanna]
2026-10-07 16:53:54,449 | INFO | DELETE /api/leads/lead_a559483fe8e5 -> 200 (768ms) [prasanna]
2026-10-07 16:53:55,221 | INFO | GET /api/leads -> 200 (0ms) [prasanna]
2026-10-07 16:53:56,042 | INFO | DELETE /api/companies/cmp_9774b784db37 -> 200 (819ms) [prasanna]
2026-10-07 16:53:57,559 | INFO | DELETE /api/employees/emp_29f475760887 -> 200 (825ms) [prasanna]
2026-10-07 16:53:59,072 | INFO | DELETE /api/employees/emp_414ac43a221c -> 200 (846ms) [prasanna]
2026-10-07 16:54:24,373 | INFO | CRM backend ready on http://0.0.0.0:5001
2026-10-07 16:54:24,677 | INFO | GET /health -> 200 (0ms) [anonymous]
2026-10-07 16:54:25,565 | INFO | POST /api/auth/login -> 200 (821ms) [anonymous]
2026-10-07 16:54:26,588 | INFO | POST /api/leads/import -> 201 (785ms) [prasanna]
2026-10-07 16:54:27,317 | INFO | GET /api/leads -> 200 (0ms) [prasanna]
2026-10-07 16:54:27,516 | INFO | POST /api/auth/notifications -> 201 (121ms) [prasanna]
2026-10-07 16:54:28,289 | INFO | POST /api/auth/login -> 401 (188ms) [anonymous]
2026-10-07 16:54:28,736 | INFO | POST /api/auth/notifications/ntf_10da2cbb505d/reply -> 401 (0ms) [anonymous]
2026-10-07 16:54:29,264 | INFO | DELETE /api/leads/lead_416510e5123c -> 200 (495ms) [prasanna]
2026-10-07 16:54:30,050 | INFO | DELETE /api/auth/notifications/ntf_10da2cbb505d -> 401 (0ms) [anonymous]
2026-10-07 16:54:30,065 | INFO | DELETE /api/auth/notifications/ -> 404 (0ms) [anonymous]
2026-10-07 16:54:58,316 | INFO | GET /api/auth/notifications -> 200 (0ms) [vijay]
2026-10-07 16:55:10,364 | INFO | GET /pages/login.html -> 304 (1ms) [anonymous]
2026-10-07 16:55:10,388 | INFO | GET /css/style.css -> 304 (2ms) [anonymous]
2026-10-07 16:55:10,395 | INFO | GET /css/login.css -> 304 (2ms) [anonymous]
2026-10-07 16:55:10,398 | INFO | GET /css/responsive.css -> 304 (3ms) [anonymous]
2026-10-07 16:55:10,400 | INFO | GET /js/auth.js -> 200 (1ms) [anonymous]
2026-10-07 16:55:15,936 | INFO | POST /api/auth/login -> 200 (1193ms) [anonymous]
2026-10-07 16:55:16,324 | INFO | GET /pages/developer-dashboard.html -> 304 (1ms) [anonymous]
2026-10-07 16:55:16,374 | INFO | GET /css/style.css -> 304 (2ms) [anonymous]
2026-10-07 16:55:16,399 | INFO | GET /css/responsive.css -> 304 (3ms) [anonymous]
2026-10-07 16:55:16,405 | INFO | GET /js/auth.js -> 304 (3ms) [anonymous]
2026-10-07 16:55:16,406 | INFO | GET /css/dashboard.css -> 304 (16ms) [anonymous]
2026-10-07 16:55:16,413 | INFO | GET /js/dashboard.js -> 304 (3ms) [anonymous]
2026-10-07 16:55:16,504 | INFO | GET /components/sidebar.html -> 304 (0ms) [anonymous]
2026-10-07 16:55:16,509 | INFO | GET /components/navbar.html -> 304 (3ms) [anonymous]
2026-10-07 16:55:16,511 | INFO | GET /components/footer.html -> 304 (3ms) [anonymous]
2026-10-07 16:55:16,515 | INFO | GET /components/modals.html -> 200 (4ms) [anonymous]
2026-10-07 16:55:16,552 | INFO | GET /api/auth/notifications -> 200 (0ms) [logesh]
2026-10-07 16:55:16,557 | INFO | GET /api/reports/dashboard -> 200 (0ms) [logesh]
2026-10-07 16:55:16,570 | INFO | GET /api/projects -> 200 (1ms) [logesh]
2026-10-07 16:55:16,591 | INFO | GET /api/projects/tasks/all -> 200 (0ms) [logesh]
2026-10-07 16:55:16,594 | INFO | GET /api/followups -> 200 (0ms) [logesh]
2026-10-07 16:55:24,691 | INFO | GET /pages/login.html -> 304 (1ms) [anonymous]
2026-10-07 16:55:24,717 | INFO | GET /css/style.css -> 304 (1ms) [anonymous]
2026-10-07 16:55:24,727 | INFO | GET /css/login.css -> 304 (2ms) [anonymous]
2026-10-07 16:55:24,730 | INFO | GET /css/responsive.css -> 304 (1ms) [anonymous]
2026-10-07 16:55:24,732 | INFO | GET /js/auth.js -> 304 (0ms) [anonymous]
2026-10-07 16:55:31,404 | INFO | POST /api/auth/login -> 200 (1194ms) [anonymous]
2026-10-07 16:55:31,805 | INFO | GET /pages/admin-dashboard.html -> 304 (26ms) [anonymous]
2026-10-07 16:55:31,839 | INFO | GET /css/style.css -> 304 (2ms) [anonymous]
2026-10-07 16:55:31,859 | INFO | GET /css/dashboard.css -> 304 (2ms) [anonymous]
2026-10-07 16:55:31,872 | INFO | GET /js/dashboard.js -> 304 (1ms) [anonymous]
2026-10-07 16:55:31,880 | INFO | GET /js/auth.js -> 304 (4ms) [anonymous]
2026-10-07 16:55:31,884 | INFO | GET /css/responsive.css -> 304 (3ms) [anonymous]
2026-10-07 16:55:31,986 | INFO | GET /components/sidebar.html -> 304 (29ms) [anonymous]
2026-10-07 16:55:32,044 | INFO | GET /components/navbar.html -> 304 (0ms) [anonymous]
2026-10-07 16:55:32,101 | INFO | GET /components/footer.html -> 304 (3ms) [anonymous]
2026-10-07 16:55:32,125 | INFO | GET /components/modals.html -> 304 (0ms) [anonymous]
2026-10-07 16:55:32,206 | INFO | GET /api/auth/notifications -> 200 (0ms) [prasanna]
2026-10-07 16:55:32,208 | INFO | GET /api/reports/dashboard -> 200 (0ms) [prasanna]
2026-10-07 16:55:32,211 | INFO | GET /api/leads -> 200 (0ms) [prasanna]
2026-10-07 16:55:32,214 | INFO | GET /api/followups -> 200 (0ms) [prasanna]
2026-10-07 16:55:32,220 | INFO | GET /api/employees -> 200 (0ms) [prasanna]
2026-10-07 16:55:40,834 | INFO | GET /pages/leads.html -> 304 (0ms) [anonymous]
2026-10-07 16:55:40,861 | INFO | GET /css/style.css -> 304 (0ms) [anonymous]
2026-10-07 16:55:40,867 | INFO | GET /css/dashboard.css -> 304 (2ms) [anonymous]
2026-10-07 16:55:40,867 | INFO | GET /css/responsive.css -> 304 (2ms) [anonymous]
2026-10-07 16:55:40,876 | INFO | GET /js/auth.js -> 304 (1ms) [anonymous]
2026-10-07 16:55:40,879 | INFO | GET /js/leads.js -> 304 (2ms) [anonymous]
2026-10-07 16:55:40,922 | INFO | GET /components/sidebar.html -> 304 (1ms) [anonymous]
2026-10-07 16:55:40,927 | INFO | GET /components/navbar.html -> 304 (6ms) [anonymous]
2026-10-07 16:55:40,933 | INFO | GET /components/footer.html -> 304 (4ms) [anonymous]
2026-10-07 16:55:40,934 | INFO | GET /components/modals.html -> 304 (2ms) [anonymous]
2026-10-07 16:55:40,973 | INFO | GET /api/auth/notifications -> 200 (1ms) [prasanna]
2026-10-07 16:55:40,977 | INFO | GET /api/leads -> 200 (1ms) [prasanna]
2026-10-07 16:55:44,419 | INFO | GET /pages/followups.html -> 304 (1ms) [anonymous]
2026-10-07 16:55:44,447 | INFO | GET /css/style.css -> 304 (2ms) [anonymous]
2026-10-07 16:55:44,468 | INFO | GET /css/dashboard.css -> 304 (5ms) [anonymous]
2026-10-07 16:55:44,469 | INFO | GET /css/responsive.css -> 304 (2ms) [anonymous]
2026-10-07 16:55:44,470 | INFO | GET /js/auth.js -> 304 (2ms) [anonymous]
2026-10-07 16:55:44,475 | INFO | GET /js/leads.js -> 304 (3ms) [anonymous]
2026-10-07 16:55:44,538 | INFO | GET /components/sidebar.html -> 304 (3ms) [anonymous]
2026-10-07 16:55:44,543 | INFO | GET /components/navbar.html -> 304 (5ms) [anonymous]
2026-10-07 16:55:44,550 | INFO | GET /components/footer.html -> 304 (4ms) [anonymous]
2026-10-07 16:55:44,552 | INFO | GET /components/modals.html -> 304 (2ms) [anonymous]
2026-10-07 16:55:44,602 | INFO | GET /api/auth/notifications -> 200 (1ms) [prasanna]
2026-10-07 16:55:44,646 | INFO | GET /api/employees -> 200 (0ms) [prasanna]
2026-10-07 16:55:44,662 | INFO | GET /api/employees -> 200 (7ms) [prasanna]
2026-10-07 16:55:44,667 | INFO | GET /api/followups -> 200 (0ms) [prasanna]
2026-10-07 16:55:48,918 | INFO | GET /pages/leads.html -> 304 (1ms) [anonymous]
2026-10-07 16:55:48,944 | INFO | GET /css/style.css -> 304 (0ms) [anonymous]
2026-10-07 16:55:48,962 | INFO | GET /css/dashboard.css -> 304 (2ms) [anonymous]
2026-10-07 16:55:48,963 | INFO | GET /css/responsive.css -> 304 (1ms) [anonymous]
2026-10-07 16:55:48,968 | INFO | GET /js/auth.js -> 304 (4ms) [anonymous]
2026-10-07 16:55:48,969 | INFO | GET /js/leads.js -> 304 (1ms) [anonymous]
2026-10-07 16:55:49,101 | INFO | GET /components/modals.html -> 304 (0ms) [anonymous]
2026-10-07 16:55:49,155 | INFO | GET /components/footer.html -> 304 (4ms) [anonymous]
2026-10-07 16:55:49,157 | INFO | GET /components/navbar.html -> 304 (3ms) [anonymous]
2026-10-07 16:55:49,158 | INFO | GET /components/sidebar.html -> 304 (2ms) [anonymous]
2026-10-07 16:55:49,197 | INFO | GET /api/auth/notifications -> 200 (0ms) [prasanna]
2026-10-07 16:55:49,199 | INFO | GET /api/leads -> 200 (1ms) [prasanna]
2026-10-07 16:55:50,911 | INFO | GET /pages/followups.html -> 304 (1ms) [anonymous]
2026-10-07 16:55:50,971 | INFO | GET /css/style.css -> 304 (0ms) [anonymous]
2026-10-07 16:55:51,001 | INFO | GET /js/leads.js -> 304 (0ms) [anonymous]
2026-10-07 16:55:51,007 | INFO | GET /js/auth.js -> 304 (0ms) [anonymous]
2026-10-07 16:55:51,026 | INFO | GET /css/responsive.css -> 304 (14ms) [anonymous]
2026-10-07 16:55:51,048 | INFO | GET /css/dashboard.css -> 304 (0ms) [anonymous]
2026-10-07 16:55:51,080 | INFO | GET /components/sidebar.html -> 304 (2ms) [anonymous]
2026-10-07 16:55:51,081 | INFO | GET /components/navbar.html -> 304 (1ms) [anonymous]
2026-10-07 16:55:51,089 | INFO | GET /components/footer.html -> 304 (6ms) [anonymous]
2026-10-07 16:55:51,090 | INFO | GET /components/modals.html -> 304 (6ms) [anonymous]
2026-10-07 16:55:51,127 | INFO | GET /api/auth/notifications -> 200 (1ms) [prasanna]
2026-10-07 16:55:51,140 | INFO | GET /api/employees -> 200 (1ms) [prasanna]
2026-10-07 16:55:51,148 | INFO | GET /api/employees -> 200 (0ms) [prasanna]
2026-10-07 16:55:51,157 | INFO | GET /api/followups -> 200 (1ms) [prasanna]
2026-10-07 16:55:52,188 | INFO | GET /pages/developers.html -> 304 (0ms) [anonymous]
2026-10-07 16:55:52,224 | INFO | GET /css/style.css -> 304 (2ms) [anonymous]
2026-10-07 16:55:52,240 | INFO | GET /css/responsive.css -> 304 (6ms) [anonymous]
2026-10-07 16:55:52,241 | INFO | GET /css/dashboard.css -> 304 (1ms) [anonymous]
2026-10-07 16:55:52,248 | INFO | GET /js/auth.js -> 304 (3ms) [anonymous]
2026-10-07 16:55:52,251 | INFO | GET /js/developers.js -> 304 (3ms) [anonymous]
2026-10-07 16:55:52,294 | INFO | GET /components/sidebar.html -> 304 (1ms) [anonymous]
2026-10-07 16:55:52,301 | INFO | GET /components/navbar.html -> 304 (4ms) [anonymous]
2026-10-07 16:55:52,305 | INFO | GET /components/footer.html -> 304 (6ms) [anonymous]
2026-10-07 16:55:52,306 | INFO | GET /components/modals.html -> 304 (1ms) [anonymous]
2026-10-07 16:55:52,347 | INFO | GET /api/auth/notifications -> 200 (0ms) [prasanna]
2026-10-07 16:55:52,359 | INFO | GET /api/developers -> 200 (0ms) [prasanna]
2026-10-07 16:55:57,948 | INFO | DELETE /api/developers/dev_4179728cec1c -> 200 (879ms) [prasanna]
2026-10-07 16:55:58,849 | INFO | GET /api/developers -> 200 (0ms) [prasanna]
2026-10-07 16:56:02,119 | INFO | DELETE /api/developers/dev_6451f84b08e2 -> 200 (1023ms) [prasanna]
2026-10-07 16:56:02,973 | INFO | GET /api/developers -> 200 (0ms) [prasanna]
2026-10-07 16:56:07,825 | INFO | DELETE /api/developers/dev_8ec10d4fbe0e -> 200 (1013ms) [prasanna]
2026-10-07 16:56:08,744 | INFO | GET /api/developers -> 200 (1ms) [prasanna]
2026-10-07 16:56:13,006 | INFO | DELETE /api/developers/dev_aff0f2925550 -> 200 (890ms) [prasanna]
2026-10-07 16:56:13,906 | INFO | GET /api/developers -> 200 (0ms) [prasanna]
2026-10-07 16:56:27,814 | INFO | GET /pages/employees.html -> 304 (0ms) [anonymous]
2026-10-07 16:56:27,862 | INFO | GET /css/style.css -> 304 (0ms) [anonymous]
2026-10-07 16:56:27,876 | INFO | GET /css/dashboard.css -> 304 (2ms) [anonymous]
2026-10-07 16:56:27,881 | INFO | GET /css/responsive.css -> 304 (6ms) [anonymous]
2026-10-07 16:56:27,882 | INFO | GET /js/auth.js -> 304 (3ms) [anonymous]
2026-10-07 16:56:27,883 | INFO | GET /js/employees.js -> 304 (2ms) [anonymous]
2026-10-07 16:56:27,937 | INFO | GET /components/sidebar.html -> 304 (6ms) [anonymous]
2026-10-07 16:56:27,938 | INFO | GET /components/navbar.html -> 304 (2ms) [anonymous]
2026-10-07 16:56:27,943 | INFO | GET /components/footer.html -> 304 (2ms) [anonymous]
2026-10-07 16:56:27,944 | INFO | GET /components/modals.html -> 304 (2ms) [anonymous]
2026-10-07 16:56:27,981 | INFO | GET /api/auth/notifications -> 200 (0ms) [prasanna]
2026-10-07 16:56:27,988 | INFO | GET /api/roles -> 200 (1ms) [prasanna]
2026-10-07 16:56:28,008 | INFO | GET /api/employees -> 200 (0ms) [prasanna]
2026-10-07 16:56:28,011 | INFO | GET /api/employees -> 200 (0ms) [prasanna]
2026-10-07 16:57:30,104 | INFO | GET /css/style.css -> 304 (2ms) [anonymous]
2026-10-07 16:57:30,104 | INFO | GET /css/dashboard.css -> 304 (1ms) [anonymous]
2026-10-07 16:57:30,110 | INFO | GET /css/responsive.css -> 304 (3ms) [anonymous]
2026-10-07 16:57:30,254 | INFO | GET /.well-known/appspecific/com.chrome.devtools.json -> 404 (0ms) [anonymous]
2026-10-07 17:04:15,430 | INFO | GET /pages/developers.html -> 304 (0ms) [anonymous]
2026-10-07 17:04:15,464 | INFO | GET /css/style.css -> 304 (1ms) [anonymous]
2026-10-07 17:04:15,498 | INFO | GET /css/dashboard.css -> 304 (1ms) [anonymous]
2026-10-07 17:04:15,503 | INFO | GET /css/responsive.css -> 304 (2ms) [anonymous]
2026-10-07 17:04:15,505 | INFO | GET /js/auth.js -> 304 (3ms) [anonymous]
2026-10-07 17:04:15,509 | INFO | GET /js/developers.js -> 304 (2ms) [anonymous]
2026-10-07 17:04:15,511 | INFO | GET /.well-known/appspecific/com.chrome.devtools.json -> 404 (0ms) [anonymous]
2026-10-07 17:04:15,599 | INFO | GET /components/sidebar.html -> 304 (1ms) [anonymous]
2026-10-07 17:04:15,608 | INFO | GET /components/navbar.html -> 304 (3ms) [anonymous]
2026-10-07 17:04:15,614 | INFO | GET /components/footer.html -> 304 (4ms) [anonymous]
2026-10-07 17:04:15,617 | INFO | GET /components/modals.html -> 304 (4ms) [anonymous]
2026-10-07 17:04:15,675 | INFO | GET /api/auth/notifications -> 200 (5ms) [prasanna]
2026-10-07 17:04:15,677 | INFO | GET /api/developers -> 200 (0ms) [prasanna]
2026-10-07 17:05:05,088 | INFO | GET /pages/reports.html -> 304 (175ms) [anonymous]
2026-10-07 17:05:05,124 | INFO | GET /css/style.css -> 304 (4ms) [anonymous]
2026-10-07 17:05:05,152 | INFO | GET /css/dashboard.css -> 304 (1ms) [anonymous]
2026-10-07 17:05:05,153 | INFO | GET /css/responsive.css -> 304 (4ms) [anonymous]
2026-10-07 17:05:05,159 | INFO | GET /js/auth.js -> 304 (3ms) [anonymous]
2026-10-07 17:05:05,501 | INFO | GET /js/reports.js -> 304 (340ms) [anonymous]
2026-10-07 17:05:05,594 | INFO | GET /components/navbar.html -> 304 (5ms) [anonymous]
2026-10-07 17:05:05,595 | INFO | GET /components/sidebar.html -> 304 (7ms) [anonymous]
2026-10-07 17:05:05,630 | INFO | GET /components/footer.html -> 304 (7ms) [anonymous]
2026-10-07 17:05:05,669 | INFO | GET /api/auth/notifications -> 200 (0ms) [prasanna]
2026-10-07 17:05:05,678 | INFO | GET /api/reports/summary -> 200 (0ms) [prasanna]
2026-10-07 17:05:05,682 | INFO | GET /api/reports/dashboard -> 200 (0ms) [prasanna]
2026-10-07 17:05:05,711 | INFO | GET /api/reports/activity -> 200 (5ms) [prasanna]
2026-10-07 17:05:05,715 | INFO | GET /api/reports/export -> 200 (0ms) [prasanna]
2026-10-07 17:05:05,865 | INFO | GET /api/reports/monthly -> 200 (167ms) [prasanna]
2026-10-07 17:05:06,506 | INFO | GET /api/reports/powerbi -> 200 (785ms) [prasanna]
2026-10-07 17:05:17,507 | INFO | GET /pages/admin-dashboard.html -> 304 (0ms) [anonymous]
2026-10-07 17:05:17,537 | INFO | GET /css/style.css -> 304 (1ms) [anonymous]
2026-10-07 17:05:17,541 | INFO | GET /css/dashboard.css -> 304 (0ms) [anonymous]
2026-10-07 17:05:17,555 | INFO | GET /js/auth.js -> 304 (4ms) [anonymous]
2026-10-07 17:05:17,557 | INFO | GET /css/responsive.css -> 304 (3ms) [anonymous]
2026-10-07 17:05:17,558 | INFO | GET /js/dashboard.js -> 304 (1ms) [anonymous]
2026-10-07 17:05:17,593 | INFO | GET /components/sidebar.html -> 304 (4ms) [anonymous]
2026-10-07 17:05:17,600 | INFO | GET /components/navbar.html -> 304 (8ms) [anonymous]
2026-10-07 17:05:17,601 | INFO | GET /components/footer.html -> 304 (2ms) [anonymous]
2026-10-07 17:05:17,612 | INFO | GET /components/modals.html -> 304 (8ms) [anonymous]
2026-10-07 17:05:17,748 | INFO | GET /api/auth/notifications -> 200 (0ms) [prasanna]
2026-10-07 17:05:17,804 | INFO | GET /api/reports/dashboard -> 200 (0ms) [prasanna]
2026-10-07 17:05:17,810 | INFO | GET /api/leads -> 200 (1ms) [prasanna]
2026-10-07 17:05:17,837 | INFO | GET /api/followups -> 200 (0ms) [prasanna]
2026-10-07 17:05:17,854 | INFO | GET /api/employees -> 200 (0ms) [prasanna]
2026-10-07 17:05:19,978 | INFO | GET /pages/employees.html -> 304 (0ms) [anonymous]
2026-10-07 17:05:20,002 | INFO | GET /css/style.css -> 304 (1ms) [anonymous]
2026-10-07 17:05:20,024 | INFO | GET /css/dashboard.css -> 304 (7ms) [anonymous]
2026-10-07 17:05:20,026 | INFO | GET /css/responsive.css -> 304 (6ms) [anonymous]
2026-10-07 17:05:20,038 | INFO | GET /js/auth.js -> 304 (1ms) [anonymous]
2026-10-07 17:05:20,071 | INFO | GET /js/employees.js -> 304 (8ms) [anonymous]
2026-10-07 17:05:20,133 | INFO | GET /components/sidebar.html -> 304 (2ms) [anonymous]
2026-10-07 17:05:20,141 | INFO | GET /components/navbar.html -> 304 (4ms) [anonymous]
2026-10-07 17:05:20,144 | INFO | GET /components/footer.html -> 304 (4ms) [anonymous]
2026-10-07 17:05:20,157 | INFO | GET /components/modals.html -> 304 (5ms) [anonymous]
2026-10-07 17:05:20,187 | INFO | GET /api/auth/notifications -> 200 (0ms) [prasanna]
2026-10-07 17:05:20,190 | INFO | GET /api/roles -> 200 (0ms) [prasanna]
2026-10-07 17:05:20,210 | INFO | GET /api/employees -> 200 (1ms) [prasanna]
2026-10-07 17:05:20,219 | INFO | GET /api/employees -> 200 (0ms) [prasanna]
2026-10-07 17:05:21,957 | INFO | GET /pages/leads.html -> 304 (1ms) [anonymous]
2026-10-07 17:05:22,061 | INFO | GET /css/style.css -> 304 (0ms) [anonymous]
2026-10-07 17:05:22,069 | INFO | GET /css/responsive.css -> 304 (0ms) [anonymous]
2026-10-07 17:05:22,074 | INFO | GET /css/dashboard.css -> 304 (3ms) [anonymous]
2026-10-07 17:05:22,075 | INFO | GET /js/leads.js -> 304 (2ms) [anonymous]
2026-10-07 17:05:22,080 | INFO | GET /js/auth.js -> 304 (1ms) [anonymous]
2026-10-07 17:05:22,129 | INFO | GET /components/navbar.html -> 304 (7ms) [anonymous]
2026-10-07 17:05:22,130 | INFO | GET /components/sidebar.html -> 304 (6ms) [anonymous]
2026-10-07 17:05:22,135 | INFO | GET /components/footer.html -> 304 (2ms) [anonymous]
2026-10-07 17:05:22,137 | INFO | GET /components/modals.html -> 304 (1ms) [anonymous]
2026-10-07 17:05:22,163 | INFO | GET /api/auth/notifications -> 200 (0ms) [prasanna]
2026-10-07 17:05:22,166 | INFO | GET /api/leads -> 200 (0ms) [prasanna]
2026-10-07 17:05:24,891 | INFO | GET /pages/admin-dashboard.html -> 304 (0ms) [anonymous]
2026-10-07 17:05:24,912 | INFO | GET /css/style.css -> 304 (0ms) [anonymous]
2026-10-07 17:05:24,932 | INFO | GET /css/responsive.css -> 304 (1ms) [anonymous]
2026-10-07 17:05:24,936 | INFO | GET /css/dashboard.css -> 304 (0ms) [anonymous]
2026-10-07 17:05:24,940 | INFO | GET /js/auth.js -> 304 (0ms) [anonymous]
2026-10-07 17:05:24,948 | INFO | GET /js/dashboard.js -> 304 (1ms) [anonymous]
2026-10-07 17:05:24,992 | INFO | GET /components/sidebar.html -> 304 (5ms) [anonymous]
2026-10-07 17:05:24,995 | INFO | GET /components/navbar.html -> 304 (3ms) [anonymous]
2026-10-07 17:05:24,997 | INFO | GET /components/footer.html -> 304 (2ms) [anonymous]
2026-10-07 17:05:25,007 | INFO | GET /components/modals.html -> 304 (2ms) [anonymous]
2026-10-07 17:05:25,049 | INFO | GET /api/auth/notifications -> 200 (2ms) [prasanna]
2026-10-07 17:05:25,060 | INFO | GET /api/reports/dashboard -> 200 (6ms) [prasanna]
2026-10-07 17:05:25,070 | INFO | GET /api/leads -> 200 (0ms) [prasanna]
2026-10-07 17:05:25,076 | INFO | GET /api/followups -> 200 (1ms) [prasanna]
2026-10-07 17:05:25,085 | INFO | GET /api/employees -> 200 (0ms) [prasanna]
2026-10-07 17:05:41,926 | INFO | GET /pages/employees.html -> 304 (1ms) [anonymous]
2026-10-07 17:05:41,947 | INFO | GET /css/style.css -> 304 (2ms) [anonymous]
2026-10-07 17:05:41,954 | INFO | GET /css/dashboard.css -> 304 (0ms) [anonymous]
2026-10-07 17:05:41,965 | INFO | GET /css/responsive.css -> 304 (1ms) [anonymous]
2026-10-07 17:05:41,970 | INFO | GET /js/auth.js -> 304 (5ms) [anonymous]
2026-10-07 17:05:41,972 | INFO | GET /js/employees.js -> 304 (2ms) [anonymous]
2026-10-07 17:05:42,019 | INFO | GET /components/sidebar.html -> 304 (2ms) [anonymous]
2026-10-07 17:05:42,026 | INFO | GET /components/navbar.html -> 304 (7ms) [anonymous]
2026-10-07 17:05:42,028 | INFO | GET /components/footer.html -> 304 (2ms) [anonymous]
2026-10-07 17:05:42,030 | INFO | GET /components/modals.html -> 304 (0ms) [anonymous]
2026-10-07 17:05:42,075 | INFO | GET /api/auth/notifications -> 200 (1ms) [prasanna]
2026-10-07 17:05:42,084 | INFO | GET /api/roles -> 200 (2ms) [prasanna]
2026-10-07 17:05:42,103 | INFO | GET /api/employees -> 200 (0ms) [prasanna]
2026-10-07 17:05:42,106 | INFO | GET /api/employees -> 200 (0ms) [prasanna]
2026-10-07 17:05:45,632 | INFO | GET /api/employees/emp_3dbe82c7aa1d -> 200 (0ms) [prasanna]
2026-10-07 17:05:50,662 | INFO | GET /pages/projects.html -> 304 (0ms) [anonymous]
2026-10-07 17:05:50,685 | INFO | GET /css/style.css -> 304 (1ms) [anonymous]
2026-10-07 17:05:50,698 | INFO | GET /css/dashboard.css -> 304 (1ms) [anonymous]
2026-10-07 17:05:50,702 | INFO | GET /css/responsive.css -> 304 (2ms) [anonymous]
2026-10-07 17:05:50,705 | INFO | GET /js/auth.js -> 304 (4ms) [anonymous]
2026-10-07 17:05:50,707 | INFO | GET /js/projects.js -> 304 (2ms) [anonymous]
2026-10-07 17:05:50,767 | INFO | GET /components/sidebar.html -> 304 (4ms) [anonymous]
2026-10-07 17:05:50,772 | INFO | GET /components/navbar.html -> 304 (1ms) [anonymous]
2026-10-07 17:05:50,784 | INFO | GET /components/footer.html -> 304 (8ms) [anonymous]
2026-10-07 17:05:50,788 | INFO | GET /components/modals.html -> 304 (4ms) [anonymous]
2026-10-07 17:05:50,822 | INFO | GET /api/auth/notifications -> 200 (0ms) [prasanna]
2026-10-07 17:05:50,829 | INFO | GET /api/companies -> 200 (0ms) [prasanna]
2026-10-07 17:05:50,841 | INFO | GET /api/employees -> 200 (0ms) [prasanna]
2026-10-07 17:05:50,845 | INFO | GET /api/developers -> 200 (0ms) [prasanna]
2026-10-07 17:05:50,870 | INFO | GET /api/projects -> 200 (0ms) [prasanna]
2026-10-07 17:05:53,593 | INFO | GET /api/projects/prj_e827c6422159 -> 200 (0ms) [prasanna]
2026-10-07 17:07:32,850 | INFO | GET /pages/projects.html -> 304 (1ms) [anonymous]
2026-10-07 17:07:32,907 | INFO | GET /css/style.css -> 304 (0ms) [anonymous]
2026-10-07 17:07:32,916 | INFO | GET /css/dashboard.css -> 304 (0ms) [anonymous]
2026-10-07 17:07:32,921 | INFO | GET /css/responsive.css -> 304 (1ms) [anonymous]
2026-10-07 17:07:32,923 | INFO | GET /js/auth.js -> 304 (1ms) [anonymous]
2026-10-07 17:07:32,928 | INFO | GET /js/projects.js -> 304 (2ms) [anonymous]
2026-10-07 17:07:32,959 | INFO | GET /components/sidebar.html -> 304 (1ms) [anonymous]
2026-10-07 17:07:32,962 | INFO | GET /components/navbar.html -> 304 (1ms) [anonymous]
2026-10-07 17:07:32,967 | INFO | GET /components/footer.html -> 304 (5ms) [anonymous]
2026-10-07 17:07:32,969 | INFO | GET /components/modals.html -> 304 (2ms) [anonymous]
2026-10-07 17:07:33,005 | INFO | GET /api/auth/notifications -> 200 (0ms) [prasanna]
2026-10-07 17:07:33,007 | INFO | GET /api/companies -> 200 (0ms) [prasanna]
2026-10-07 17:07:33,010 | INFO | GET /api/employees -> 200 (0ms) [prasanna]
2026-10-07 17:07:33,018 | INFO | GET /api/developers -> 200 (0ms) [prasanna]
2026-10-07 17:07:33,043 | INFO | GET /api/projects -> 200 (0ms) [prasanna]
2026-10-07 17:07:35,595 | INFO | GET /pages/developers.html -> 304 (0ms) [anonymous]
2026-10-07 17:07:35,621 | INFO | GET /css/style.css -> 304 (1ms) [anonymous]
2026-10-07 17:07:35,631 | INFO | GET /css/dashboard.css -> 304 (0ms) [anonymous]
2026-10-07 17:07:35,636 | INFO | GET /css/responsive.css -> 304 (2ms) [anonymous]
2026-10-07 17:07:35,637 | INFO | GET /js/auth.js -> 304 (1ms) [anonymous]
2026-10-07 17:07:35,645 | INFO | GET /js/developers.js -> 304 (3ms) [anonymous]
2026-10-07 17:07:35,689 | INFO | GET /components/sidebar.html -> 304 (2ms) [anonymous]
2026-10-07 17:07:35,691 | INFO | GET /components/navbar.html -> 304 (2ms) [anonymous]
2026-10-07 17:07:35,697 | INFO | GET /components/footer.html -> 304 (4ms) [anonymous]
2026-10-07 17:07:35,710 | INFO | GET /components/modals.html -> 304 (4ms) [anonymous]
2026-10-07 17:07:35,740 | INFO | GET /api/auth/notifications -> 200 (0ms) [prasanna]
2026-10-07 17:07:35,743 | INFO | GET /api/developers -> 200 (0ms) [prasanna]
2026-10-07 17:07:39,462 | INFO | GET /pages/projects.html -> 304 (0ms) [anonymous]
2026-10-07 17:07:39,484 | INFO | GET /css/style.css -> 304 (1ms) [anonymous]
2026-10-07 17:07:39,491 | INFO | GET /css/dashboard.css -> 304 (3ms) [anonymous]
2026-10-07 17:07:39,503 | INFO | GET /css/responsive.css -> 304 (0ms) [anonymous]
2026-10-07 17:07:39,513 | INFO | GET /js/auth.js -> 304 (3ms) [anonymous]
2026-10-07 17:07:39,514 | INFO | GET /js/projects.js -> 304 (1ms) [anonymous]
2026-10-07 17:07:39,554 | INFO | GET /components/navbar.html -> 304 (3ms) [anonymous]
2026-10-07 17:07:39,558 | INFO | GET /components/sidebar.html -> 304 (8ms) [anonymous]
2026-10-07 17:07:39,560 | INFO | GET /components/footer.html -> 304 (7ms) [anonymous]
2026-10-07 17:07:39,566 | INFO | GET /components/modals.html -> 304 (1ms) [anonymous]
2026-10-07 17:07:39,614 | INFO | GET /api/auth/notifications -> 200 (0ms) [prasanna]
2026-10-07 17:07:39,625 | INFO | GET /api/companies -> 200 (1ms) [prasanna]
2026-10-07 17:07:39,642 | INFO | GET /api/employees -> 200 (1ms) [prasanna]
2026-10-07 17:07:39,652 | INFO | GET /api/developers -> 200 (0ms) [prasanna]
2026-10-07 17:07:39,666 | INFO | GET /api/projects -> 200 (0ms) [prasanna]
2026-10-07 17:07:50,373 | INFO | GET /api/projects/prj_e827c6422159 -> 200 (1ms) [prasanna]
2026-10-07 17:07:52,046 | INFO | GET /api/projects/prj_7b8a25a41db6 -> 200 (1ms) [prasanna]
2026-10-07 17:08:23,352 | INFO | GET /pages/developers.html -> 304 (0ms) [anonymous]
2026-10-07 17:08:23,374 | INFO | GET /css/style.css -> 304 (2ms) [anonymous]
2026-10-07 17:08:23,380 | INFO | GET /css/dashboard.css -> 304 (0ms) [anonymous]
2026-10-07 17:08:23,388 | INFO | GET /css/responsive.css -> 304 (2ms) [anonymous]
2026-10-07 17:08:23,390 | INFO | GET /js/auth.js -> 304 (2ms) [anonymous]
2026-10-07 17:08:23,391 | INFO | GET /js/developers.js -> 304 (1ms) [anonymous]
2026-10-07 17:08:23,428 | INFO | GET /components/sidebar.html -> 304 (1ms) [anonymous]
2026-10-07 17:08:23,431 | INFO | GET /components/navbar.html -> 304 (1ms) [anonymous]
2026-10-07 17:08:23,437 | INFO | GET /components/footer.html -> 304 (3ms) [anonymous]
2026-10-07 17:08:23,443 | INFO | GET /components/modals.html -> 304 (1ms) [anonymous]
2026-10-07 17:08:23,472 | INFO | GET /api/auth/notifications -> 200 (0ms) [prasanna]
2026-10-07 17:08:23,477 | INFO | GET /api/developers -> 200 (0ms) [prasanna]
2026-10-07 17:08:24,851 | INFO | GET /pages/reports.html -> 304 (0ms) [anonymous]
2026-10-07 17:08:24,870 | INFO | GET /css/style.css -> 304 (0ms) [anonymous]
2026-10-07 17:08:24,878 | INFO | GET /js/auth.js -> 304 (3ms) [anonymous]
2026-10-07 17:08:24,882 | INFO | GET /css/responsive.css -> 304 (3ms) [anonymous]
2026-10-07 17:08:24,885 | INFO | GET /css/dashboard.css -> 304 (6ms) [anonymous]
2026-10-07 17:08:24,886 | INFO | GET /js/reports.js -> 304 (2ms) [anonymous]
2026-10-07 17:08:24,923 | INFO | GET /components/sidebar.html -> 304 (0ms) [anonymous]
2026-10-07 17:08:24,925 | INFO | GET /components/navbar.html -> 304 (5ms) [anonymous]
2026-10-07 17:08:24,926 | INFO | GET /components/footer.html -> 304 (0ms) [anonymous]
2026-10-07 17:08:24,960 | INFO | GET /api/auth/notifications -> 200 (0ms) [prasanna]
2026-10-07 17:08:24,964 | INFO | GET /api/reports/summary -> 200 (1ms) [prasanna]
2026-10-07 17:08:24,972 | INFO | GET /api/reports/dashboard -> 200 (0ms) [prasanna]
2026-10-07 17:08:24,982 | INFO | GET /api/reports/activity -> 200 (1ms) [prasanna]
2026-10-07 17:08:24,997 | INFO | GET /api/reports/export -> 200 (0ms) [prasanna]
2026-10-07 17:08:25,108 | INFO | GET /api/reports/monthly -> 200 (131ms) [prasanna]
2026-10-07 17:08:25,649 | INFO | GET /api/reports/powerbi -> 200 (644ms) [prasanna]
2026-10-07 17:08:32,012 | INFO | GET /api/reports/daily -> 200 (65ms) [prasanna]
2026-10-07 17:08:32,133 | INFO | GET /api/reports/daily -> 200 (111ms) [prasanna]
2026-10-07 17:08:33,581 | INFO | GET /api/reports/weekly -> 200 (53ms) [prasanna]
2026-10-07 17:08:34,642 | INFO | GET /api/reports/daily -> 200 (51ms) [prasanna]
2026-10-07 17:08:40,129 | INFO | GET /pages/leads.html -> 304 (0ms) [anonymous]
2026-10-07 17:08:40,156 | INFO | GET /css/style.css -> 304 (2ms) [anonymous]
2026-10-07 17:08:40,160 | INFO | GET /css/dashboard.css -> 304 (0ms) [anonymous]
2026-10-07 17:08:40,165 | INFO | GET /css/responsive.css -> 304 (2ms) [anonymous]
2026-10-07 17:08:40,171 | INFO | GET /js/auth.js -> 304 (2ms) [anonymous]
2026-10-07 17:08:40,173 | INFO | GET /js/leads.js -> 304 (2ms) [anonymous]
2026-10-07 17:08:40,224 | INFO | GET /components/sidebar.html -> 304 (5ms) [anonymous]
2026-10-07 17:08:40,225 | INFO | GET /components/navbar.html -> 304 (6ms) [anonymous]
2026-10-07 17:08:40,226 | INFO | GET /components/footer.html -> 304 (5ms) [anonymous]
2026-10-07 17:08:40,229 | INFO | GET /components/modals.html -> 304 (1ms) [anonymous]
2026-10-07 17:08:40,265 | INFO | GET /api/auth/notifications -> 200 (0ms) [prasanna]
2026-10-07 17:08:40,271 | INFO | GET /api/leads -> 200 (2ms) [prasanna]
2026-10-07 17:08:44,389 | INFO | GET /api/leads/lead_2313d14574a9 -> 200 (1ms) [prasanna]
2026-10-07 17:08:52,608 | INFO | GET /pages/admin-dashboard.html -> 304 (0ms) [anonymous]
2026-10-07 17:08:52,632 | INFO | GET /css/style.css -> 304 (0ms) [anonymous]
2026-10-07 17:08:52,637 | INFO | GET /js/auth.js -> 304 (0ms) [anonymous]
2026-10-07 17:08:52,640 | INFO | GET /css/responsive.css -> 304 (0ms) [anonymous]
2026-10-07 17:08:52,651 | INFO | GET /css/dashboard.css -> 304 (1ms) [anonymous]
2026-10-07 17:08:52,653 | INFO | GET /js/dashboard.js -> 304 (0ms) [anonymous]
2026-10-07 17:08:52,702 | INFO | GET /components/sidebar.html -> 304 (0ms) [anonymous]
2026-10-07 17:08:52,711 | INFO | GET /components/navbar.html -> 304 (8ms) [anonymous]
2026-10-07 17:08:52,714 | INFO | GET /components/footer.html -> 304 (8ms) [anonymous]
2026-10-07 17:08:52,715 | INFO | GET /components/modals.html -> 304 (1ms) [anonymous]
2026-10-07 17:08:52,748 | INFO | GET /api/auth/notifications -> 200 (0ms) [prasanna]
2026-10-07 17:08:52,754 | INFO | GET /api/reports/dashboard -> 200 (3ms) [prasanna]
2026-10-07 17:08:52,762 | INFO | GET /api/leads -> 200 (2ms) [prasanna]
2026-10-07 17:08:52,783 | INFO | GET /api/followups -> 200 (0ms) [prasanna]
2026-10-07 17:08:52,793 | INFO | GET /api/employees -> 200 (1ms) [prasanna]
2026-10-07 17:08:57,224 | INFO | GET /pages/employees.html -> 304 (0ms) [anonymous]
2026-10-07 17:08:57,251 | INFO | GET /css/style.css -> 304 (0ms) [anonymous]
2026-10-07 17:08:57,266 | INFO | GET /css/dashboard.css -> 304 (0ms) [anonymous]
2026-10-07 17:08:57,277 | INFO | GET /css/responsive.css -> 304 (7ms) [anonymous]
2026-10-07 17:08:57,281 | INFO | GET /js/auth.js -> 304 (5ms) [anonymous]
2026-10-07 17:08:57,282 | INFO | GET /js/employees.js -> 304 (4ms) [anonymous]
2026-10-07 17:08:57,331 | INFO | GET /components/sidebar.html -> 304 (0ms) [anonymous]
2026-10-07 17:08:57,340 | INFO | GET /components/navbar.html -> 304 (5ms) [anonymous]
2026-10-07 17:08:57,350 | INFO | GET /components/footer.html -> 304 (3ms) [anonymous]
2026-10-07 17:08:57,354 | INFO | GET /components/modals.html -> 304 (5ms) [anonymous]
2026-10-07 17:08:57,381 | INFO | GET /api/auth/notifications -> 200 (0ms) [prasanna]
2026-10-07 17:08:57,389 | INFO | GET /api/roles -> 200 (1ms) [prasanna]
2026-10-07 17:08:57,405 | INFO | GET /api/employees -> 200 (0ms) [prasanna]
2026-10-07 17:08:57,407 | INFO | GET /api/employees -> 200 (0ms) [prasanna]
2026-10-07 17:09:00,737 | INFO | GET /pages/admin-dashboard.html -> 304 (0ms) [anonymous]
2026-10-07 17:09:00,760 | INFO | GET /css/style.css -> 304 (0ms) [anonymous]
2026-10-07 17:09:00,766 | INFO | GET /css/dashboard.css -> 304 (1ms) [anonymous]
2026-10-07 17:09:00,777 | INFO | GET /css/responsive.css -> 304 (5ms) [anonymous]
2026-10-07 17:09:00,785 | INFO | GET /js/auth.js -> 304 (3ms) [anonymous]
2026-10-07 17:09:00,787 | INFO | GET /js/dashboard.js -> 304 (0ms) [anonymous]
2026-10-07 17:09:00,829 | INFO | GET /components/sidebar.html -> 304 (2ms) [anonymous]
2026-10-07 17:09:00,831 | INFO | GET /components/navbar.html -> 304 (2ms) [anonymous]
2026-10-07 17:09:00,839 | INFO | GET /components/modals.html -> 304 (6ms) [anonymous]
2026-10-07 17:09:00,840 | INFO | GET /components/footer.html -> 304 (9ms) [anonymous]
2026-10-07 17:09:00,879 | INFO | GET /api/auth/notifications -> 200 (1ms) [prasanna]
2026-10-07 17:09:00,891 | INFO | GET /api/reports/dashboard -> 200 (0ms) [prasanna]
2026-10-07 17:09:00,912 | INFO | GET /api/leads -> 200 (0ms) [prasanna]
2026-10-07 17:09:00,916 | INFO | GET /api/followups -> 200 (0ms) [prasanna]
2026-10-07 17:09:00,935 | INFO | GET /api/employees -> 200 (1ms) [prasanna]
2026-10-07 17:09:07,369 | INFO | GET /pages/developers.html -> 304 (0ms) [anonymous]
2026-10-07 17:09:07,394 | INFO | GET /css/style.css -> 304 (0ms) [anonymous]
2026-10-07 17:09:07,416 | INFO | GET /css/dashboard.css -> 304 (3ms) [anonymous]
2026-10-07 17:09:07,427 | INFO | GET /css/responsive.css -> 304 (3ms) [anonymous]
2026-10-07 17:09:07,432 | INFO | GET /js/auth.js -> 304 (5ms) [anonymous]
2026-10-07 17:09:07,436 | INFO | GET /js/developers.js -> 304 (1ms) [anonymous]
2026-10-07 17:09:07,482 | INFO | GET /components/sidebar.html -> 304 (3ms) [anonymous]
2026-10-07 17:09:07,484 | INFO | GET /components/navbar.html -> 304 (5ms) [anonymous]
2026-10-07 17:09:07,490 | INFO | GET /components/footer.html -> 304 (3ms) [anonymous]
2026-10-07 17:09:07,492 | INFO | GET /components/modals.html -> 304 (3ms) [anonymous]
2026-10-07 17:09:07,542 | INFO | GET /api/auth/notifications -> 200 (0ms) [prasanna]
2026-10-07 17:09:07,556 | INFO | GET /api/developers -> 200 (1ms) [prasanna]
2026-10-07 17:09:08,893 | INFO | GET /pages/projects.html -> 304 (0ms) [anonymous]
2026-10-07 17:09:08,914 | INFO | GET /css/style.css -> 304 (1ms) [anonymous]
2026-10-07 17:09:08,928 | INFO | GET /css/dashboard.css -> 304 (5ms) [anonymous]
2026-10-07 17:09:08,928 | INFO | GET /css/responsive.css -> 304 (2ms) [anonymous]
2026-10-07 17:09:08,931 | INFO | GET /js/auth.js -> 304 (1ms) [anonymous]
2026-10-07 17:09:08,937 | INFO | GET /js/projects.js -> 304 (1ms) [anonymous]
2026-10-07 17:09:08,993 | INFO | GET /components/sidebar.html -> 304 (5ms) [anonymous]
2026-10-07 17:09:08,995 | INFO | GET /components/navbar.html -> 304 (6ms) [anonymous]
2026-10-07 17:09:08,997 | INFO | GET /components/footer.html -> 304 (5ms) [anonymous]
2026-10-07 17:09:08,999 | INFO | GET /components/modals.html -> 304 (2ms) [anonymous]
2026-10-07 17:09:09,045 | INFO | GET /api/auth/notifications -> 200 (0ms) [prasanna]
2026-10-07 17:09:09,052 | INFO | GET /api/companies -> 200 (1ms) [prasanna]
2026-10-07 17:09:09,059 | INFO | GET /api/employees -> 200 (0ms) [prasanna]
2026-10-07 17:09:09,064 | INFO | GET /api/developers -> 200 (0ms) [prasanna]
2026-10-07 17:09:09,087 | INFO | GET /api/projects -> 200 (0ms) [prasanna]
2026-10-07 17:09:10,873 | INFO | GET /pages/admin-dashboard.html -> 304 (0ms) [anonymous]
2026-10-07 17:09:10,898 | INFO | GET /css/style.css -> 304 (0ms) [anonymous]
2026-10-07 17:09:10,911 | INFO | GET /js/auth.js -> 304 (1ms) [anonymous]
2026-10-07 17:09:10,913 | INFO | GET /css/responsive.css -> 304 (2ms) [anonymous]
2026-10-07 17:09:10,915 | INFO | GET /css/dashboard.css -> 304 (1ms) [anonymous]
2026-10-07 17:09:10,919 | INFO | GET /js/dashboard.js -> 304 (1ms) [anonymous]
2026-10-07 17:09:10,960 | INFO | GET /components/sidebar.html -> 304 (4ms) [anonymous]
2026-10-07 17:09:10,961 | INFO | GET /components/navbar.html -> 304 (5ms) [anonymous]
2026-10-07 17:09:10,970 | INFO | GET /components/modals.html -> 304 (4ms) [anonymous]
2026-10-07 17:09:10,972 | INFO | GET /components/footer.html -> 304 (9ms) [anonymous]
2026-10-07 17:09:11,013 | INFO | GET /api/auth/notifications -> 200 (0ms) [prasanna]
2026-10-07 17:09:11,015 | INFO | GET /api/reports/dashboard -> 200 (0ms) [prasanna]
2026-10-07 17:09:11,019 | INFO | GET /api/leads -> 200 (1ms) [prasanna]
2026-10-07 17:09:11,022 | INFO | GET /api/followups -> 200 (0ms) [prasanna]
2026-10-07 17:09:11,027 | INFO | GET /api/employees -> 200 (1ms) [prasanna]
2026-10-07 17:10:11,195 | INFO | GET /pages/projects.html -> 304 (1ms) [anonymous]
2026-10-07 17:10:11,226 | INFO | GET /css/style.css -> 304 (0ms) [anonymous]
2026-10-07 17:10:11,244 | INFO | GET /css/dashboard.css -> 304 (2ms) [anonymous]
2026-10-07 17:10:11,252 | INFO | GET /css/responsive.css -> 304 (0ms) [anonymous]
2026-10-07 17:10:11,262 | INFO | GET /js/auth.js -> 304 (0ms) [anonymous]
2026-10-07 17:10:11,290 | INFO | GET /js/projects.js -> 304 (0ms) [anonymous]
2026-10-07 17:10:11,342 | INFO | GET /components/sidebar.html -> 200 (0ms) [anonymous]
2026-10-07 17:10:11,346 | INFO | GET /components/navbar.html -> 304 (0ms) [anonymous]
2026-10-07 17:10:11,356 | INFO | GET /components/footer.html -> 304 (0ms) [anonymous]
2026-10-07 17:10:11,367 | INFO | GET /components/modals.html -> 304 (0ms) [anonymous]
2026-10-07 17:10:11,388 | INFO | GET /api/auth/notifications -> 200 (0ms) [prasanna]
2026-10-07 17:10:11,392 | INFO | GET /api/companies -> 200 (1ms) [prasanna]
2026-10-07 17:10:11,409 | INFO | GET /api/employees -> 200 (0ms) [prasanna]
2026-10-07 17:10:11,418 | INFO | GET /api/developers -> 200 (0ms) [prasanna]
2026-10-07 17:10:11,440 | INFO | GET /api/projects -> 200 (0ms) [prasanna]
2026-10-07 17:10:17,495 | INFO | GET /api/projects -> 200 (1ms) [prasanna]
2026-10-07 17:10:21,273 | INFO | GET /api/projects -> 200 (0ms) [prasanna]
2026-10-07 17:10:41,226 | INFO | GET /pages/leads.html -> 304 (0ms) [anonymous]
2026-10-07 17:10:41,246 | INFO | GET /css/style.css -> 304 (0ms) [anonymous]
2026-10-07 17:10:41,266 | INFO | GET /css/dashboard.css -> 304 (5ms) [anonymous]
2026-10-07 17:10:41,275 | INFO | GET /css/responsive.css -> 304 (3ms) [anonymous]
2026-10-07 17:10:41,279 | INFO | GET /js/auth.js -> 304 (5ms) [anonymous]
2026-10-07 17:10:41,283 | INFO | GET /js/leads.js -> 200 (0ms) [anonymous]
2026-10-07 17:10:41,361 | INFO | GET /components/navbar.html -> 304 (3ms) [anonymous]
2026-10-07 17:10:41,378 | INFO | GET /components/sidebar.html -> 304 (1ms) [anonymous]
2026-10-07 17:10:41,385 | INFO | GET /components/footer.html -> 304 (1ms) [anonymous]
2026-10-07 17:10:41,393 | INFO | GET /components/modals.html -> 304 (2ms) [anonymous]
2026-10-07 17:10:41,419 | INFO | GET /api/auth/notifications -> 200 (0ms) [prasanna]
2026-10-07 17:10:41,454 | INFO | GET /api/leads -> 200 (1ms) [prasanna]
2026-10-07 17:10:43,189 | INFO | GET /pages/projects.html -> 304 (0ms) [anonymous]
2026-10-07 17:10:43,213 | INFO | GET /css/style.css -> 304 (2ms) [anonymous]
2026-10-07 17:10:43,223 | INFO | GET /css/dashboard.css -> 304 (3ms) [anonymous]
2026-10-07 17:10:43,231 | INFO | GET /css/responsive.css -> 304 (4ms) [anonymous]
2026-10-07 17:10:43,234 | INFO | GET /js/auth.js -> 304 (4ms) [anonymous]
2026-10-07 17:10:43,245 | INFO | GET /js/projects.js -> 304 (2ms) [anonymous]
2026-10-07 17:10:43,283 | INFO | GET /components/sidebar.html -> 304 (0ms) [anonymous]
2026-10-07 17:10:43,289 | INFO | GET /components/navbar.html -> 304 (4ms) [anonymous]
2026-10-07 17:10:43,295 | INFO | GET /components/footer.html -> 304 (7ms) [anonymous]
2026-10-07 17:10:43,296 | INFO | GET /components/modals.html -> 304 (2ms) [anonymous]
2026-10-07 17:10:43,333 | INFO | GET /api/auth/notifications -> 200 (2ms) [prasanna]
2026-10-07 17:10:43,344 | INFO | GET /api/companies -> 200 (5ms) [prasanna]
2026-10-07 17:10:43,348 | INFO | GET /api/employees -> 200 (0ms) [prasanna]
2026-10-07 17:10:43,355 | INFO | GET /api/developers -> 200 (0ms) [prasanna]
2026-10-07 17:10:43,378 | INFO | GET /api/projects -> 200 (0ms) [prasanna]
2026-10-07 17:10:59,041 | INFO | GET /pages/projects.html -> 304 (0ms) [anonymous]
2026-10-07 17:10:59,072 | INFO | GET /css/style.css -> 304 (0ms) [anonymous]
2026-10-07 17:10:59,083 | INFO | GET /css/dashboard.css -> 304 (1ms) [anonymous]
2026-10-07 17:10:59,090 | INFO | GET /css/responsive.css -> 304 (2ms) [anonymous]
2026-10-07 17:10:59,099 | INFO | GET /js/auth.js -> 304 (1ms) [anonymous]
2026-10-07 17:10:59,101 | INFO | GET /js/projects.js -> 304 (0ms) [anonymous]
2026-10-07 17:10:59,138 | INFO | GET /components/sidebar.html -> 304 (2ms) [anonymous]
2026-10-07 17:10:59,139 | INFO | GET /components/navbar.html -> 304 (1ms) [anonymous]
2026-10-07 17:10:59,146 | INFO | GET /components/footer.html -> 304 (6ms) [anonymous]
2026-10-07 17:10:59,147 | INFO | GET /components/modals.html -> 304 (1ms) [anonymous]
2026-10-07 17:10:59,199 | INFO | GET /api/auth/notifications -> 200 (0ms) [prasanna]
2026-10-07 17:10:59,206 | INFO | GET /api/companies -> 200 (0ms) [prasanna]
2026-10-07 17:10:59,218 | INFO | GET /api/employees -> 200 (0ms) [prasanna]
2026-10-07 17:10:59,220 | INFO | GET /api/developers -> 200 (0ms) [prasanna]
2026-10-07 17:10:59,243 | INFO | GET /api/projects -> 200 (2ms) [prasanna]
2026-10-07 17:11:09,002 | INFO | GET /pages/login.html -> 304 (0ms) [anonymous]
2026-10-07 17:11:09,025 | INFO | GET /css/style.css -> 304 (0ms) [anonymous]
2026-10-07 17:11:09,041 | INFO | GET /css/login.css -> 304 (1ms) [anonymous]
2026-10-07 17:11:09,043 | INFO | GET /css/responsive.css -> 304 (2ms) [anonymous]
2026-10-07 17:11:09,045 | INFO | GET /js/auth.js -> 304 (2ms) [anonymous]
2026-10-07 17:11:15,123 | INFO | POST /api/auth/login -> 200 (947ms) [anonymous]
2026-10-07 17:11:15,522 | INFO | GET /pages/employee-dashboard.html -> 304 (1ms) [anonymous]
2026-10-07 17:11:15,555 | INFO | GET /css/style.css -> 304 (1ms) [anonymous]
2026-10-07 17:11:15,579 | INFO | GET /css/dashboard.css -> 304 (1ms) [anonymous]
2026-10-07 17:11:15,593 | INFO | GET /css/responsive.css -> 304 (2ms) [anonymous]
2026-10-07 17:11:15,595 | INFO | GET /js/auth.js -> 304 (2ms) [anonymous]
2026-10-07 17:11:15,598 | INFO | GET /js/dashboard.js -> 304 (1ms) [anonymous]
2026-10-07 17:11:15,685 | INFO | GET /components/sidebar.html -> 304 (2ms) [anonymous]
2026-10-07 17:11:15,686 | INFO | GET /components/navbar.html -> 304 (1ms) [anonymous]
2026-10-07 17:11:15,689 | INFO | GET /components/footer.html -> 304 (2ms) [anonymous]
2026-10-07 17:11:15,691 | INFO | GET /components/modals.html -> 304 (0ms) [anonymous]
2026-10-07 17:11:15,724 | INFO | GET /api/auth/notifications -> 200 (0ms) [vijay]
2026-10-07 17:11:15,729 | INFO | GET /api/reports/dashboard -> 200 (0ms) [vijay]
2026-10-07 17:11:15,738 | INFO | GET /api/leads -> 200 (1ms) [vijay]
2026-10-07 17:11:15,768 | INFO | GET /api/followups -> 200 (0ms) [vijay]
2026-10-07 17:11:16,199 | INFO | CRM backend ready on http://0.0.0.0:5000
2026-10-07 17:11:17,670 | INFO | CRM backend ready on http://0.0.0.0:5000
2026-10-07 17:11:17,691 | INFO | GET /health -> 200 (0ms) [anonymous]
2026-10-07 17:11:17,693 | INFO | POST /api/auth/login -> 401 (0ms) [anonymous]
2026-10-07 17:11:18,647 | INFO | POST /api/auth/login -> 200 (952ms) [anonymous]
2026-10-07 17:11:18,649 | INFO | GET /api/auth/me -> 200 (0ms) [prasanna]
2026-10-07 17:11:18,651 | INFO | GET /api/leads -> 401 (0ms) [anonymous]
2026-10-07 17:11:19,614 | INFO | POST /api/employees -> 201 (960ms) [prasanna]
2026-10-07 17:11:21,509 | INFO | POST /api/employees -> 201 (1179ms) [prasanna]
2026-10-07 17:11:22,410 | INFO | GET /api/employees -> 200 (0ms) [prasanna]
2026-10-07 17:11:23,341 | INFO | POST /api/companies -> 201 (927ms) [prasanna]
2026-10-07 17:11:24,970 | INFO | GET /pages/login.html -> 304 (0ms) [anonymous]
2026-10-07 17:11:24,992 | INFO | GET /css/style.css -> 304 (0ms) [anonymous]
2026-10-07 17:11:25,005 | INFO | GET /css/login.css -> 304 (0ms) [anonymous]
2026-10-07 17:11:25,009 | INFO | GET /css/responsive.css -> 304 (0ms) [anonymous]
2026-10-07 17:11:25,014 | INFO | GET /js/auth.js -> 304 (0ms) [anonymous]
2026-10-07 17:11:25,126 | INFO | POST /api/leads -> 201 (1032ms) [prasanna]
2026-10-07 17:11:25,900 | INFO | GET /api/leads/lead_c583224df0ae -> 200 (1ms) [prasanna]
2026-10-07 17:11:26,098 | INFO | POST /api/leads/lead_c583224df0ae/followups -> 201 (196ms) [prasanna]
2026-10-07 17:11:27,012 | INFO | POST /api/leads/lead_c583224df0ae/calls -> 201 (132ms) [prasanna]
2026-10-07 17:11:27,918 | INFO | GET /api/followups -> 200 (0ms) [prasanna]
2026-10-07 17:11:27,920 | INFO | GET /api/calls -> 200 (0ms) [prasanna]
2026-10-07 17:11:28,783 | INFO | POST /api/developers -> 201 (861ms) [prasanna]
2026-10-07 17:11:30,589 | INFO | POST /api/projects -> 201 (922ms) [prasanna]
2026-10-07 17:11:31,638 | INFO | POST /api/projects/prj_0c5742f73a23/tasks -> 201 (49ms) [prasanna]
2026-10-07 17:11:31,703 | INFO | POST /api/auth/login -> 200 (1196ms) [anonymous]
2026-10-07 17:11:32,079 | INFO | GET /pages/admin-dashboard.html -> 304 (0ms) [anonymous]
2026-10-07 17:11:32,116 | INFO | GET /css/style.css -> 304 (0ms) [anonymous]
2026-10-07 17:11:32,137 | INFO | GET /css/dashboard.css -> 304 (1ms) [anonymous]
2026-10-07 17:11:32,139 | INFO | GET /css/responsive.css -> 304 (1ms) [anonymous]
2026-10-07 17:11:32,145 | INFO | GET /js/auth.js -> 304 (4ms) [anonymous]
2026-10-07 17:11:32,146 | INFO | GET /js/dashboard.js -> 304 (3ms) [anonymous]
2026-10-07 17:11:32,205 | INFO | GET /components/sidebar.html -> 304 (0ms) [anonymous]
2026-10-07 17:11:32,216 | INFO | GET /components/navbar.html -> 304 (7ms) [anonymous]
2026-10-07 17:11:32,225 | INFO | GET /components/footer.html -> 304 (2ms) [anonymous]
2026-10-07 17:11:32,232 | INFO | GET /components/modals.html -> 304 (4ms) [anonymous]
2026-10-07 17:11:32,265 | INFO | GET /api/auth/notifications -> 200 (0ms) [prasanna]
2026-10-07 17:11:32,270 | INFO | GET /api/reports/dashboard -> 200 (1ms) [prasanna]
2026-10-07 17:11:32,279 | INFO | GET /api/leads -> 200 (3ms) [prasanna]
2026-10-07 17:11:32,296 | INFO | GET /api/followups -> 200 (1ms) [prasanna]
2026-10-07 17:11:32,305 | INFO | GET /api/employees -> 200 (0ms) [prasanna]
2026-10-07 17:11:32,464 | INFO | PUT /api/projects/tasks/tsk_489b43114b28 -> 200 (200ms) [prasanna]
2026-10-07 17:11:33,484 | INFO | POST /api/projects/prj_0c5742f73a23/updates -> 201 (106ms) [prasanna]
2026-10-07 17:11:34,650 | INFO | POST /api/projects/prj_0c5742f73a23/assignments -> 201 (196ms) [prasanna]
2026-10-07 17:11:35,600 | INFO | GET /api/developers/dev_3eb51f68d8b9 -> 200 (0ms) [prasanna]
2026-10-07 17:11:35,603 | INFO | GET /api/reports/summary -> 200 (0ms) [prasanna]
2026-10-07 17:11:35,609 | INFO | GET /api/reports/dashboard -> 200 (1ms) [prasanna]
2026-10-07 17:11:35,782 | INFO | GET /api/reports/daily -> 200 (170ms) [prasanna]
2026-10-07 17:11:35,862 | INFO | GET /api/reports/weekly -> 200 (76ms) [prasanna]
2026-10-07 17:11:35,964 | INFO | GET /api/reports/monthly -> 200 (99ms) [prasanna]
2026-10-07 17:11:36,059 | INFO | GET /api/reports/yearly -> 200 (90ms) [prasanna]
2026-10-07 17:11:36,087 | INFO | GET /api/reports/export/leads -> 200 (25ms) [prasanna]
2026-10-07 17:11:36,221 | INFO | POST /api/reports/powerbi/export -> 200 (132ms) [prasanna]
2026-10-07 17:11:36,321 | INFO | GET /pages/projects.html -> 304 (0ms) [anonymous]
2026-10-07 17:11:36,343 | INFO | GET /css/style.css -> 304 (1ms) [anonymous]
2026-10-07 17:11:36,358 | INFO | GET /css/dashboard.css -> 304 (4ms) [anonymous]
2026-10-07 17:11:36,363 | INFO | GET /css/responsive.css -> 304 (1ms) [anonymous]
2026-10-07 17:11:36,367 | INFO | GET /js/auth.js -> 304 (0ms) [anonymous]
2026-10-07 17:11:36,403 | INFO | GET /js/projects.js -> 304 (1ms) [anonymous]
2026-10-07 17:11:36,450 | INFO | GET /components/sidebar.html -> 304 (2ms) [anonymous]
2026-10-07 17:11:36,452 | INFO | GET /components/navbar.html -> 304 (2ms) [anonymous]
2026-10-07 17:11:36,454 | INFO | GET /components/footer.html -> 304 (2ms) [anonymous]
2026-10-07 17:11:36,459 | INFO | GET /components/modals.html -> 304 (3ms) [anonymous]
2026-10-07 17:11:36,493 | INFO | GET /api/auth/notifications -> 200 (1ms) [prasanna]
2026-10-07 17:11:36,500 | INFO | GET /api/companies -> 200 (1ms) [prasanna]
2026-10-07 17:11:36,506 | INFO | GET /api/employees -> 200 (0ms) [prasanna]
2026-10-07 17:11:36,518 | INFO | GET /api/developers -> 200 (0ms) [prasanna]
2026-10-07 17:11:36,535 | INFO | GET /api/projects -> 200 (1ms) [prasanna]
2026-10-07 17:11:37,344 | INFO | GET /api/reports/activity -> 200 (3ms) [prasanna]
2026-10-07 17:11:38,331 | INFO | POST /api/auth/login -> 200 (985ms) [anonymous]
2026-10-07 17:11:38,335 | INFO | GET /api/employees -> 200 (1ms) [Jane Employee]
2026-10-07 17:11:38,339 | INFO | POST /api/employees -> 403 (1ms) [Jane Employee]
2026-10-07 17:11:39,329 | INFO | GET /api/reports/summary -> 200 (0ms) [Jane Employee]
2026-10-07 17:11:40,410 | INFO | POST /api/auth/login -> 200 (1079ms) [anonymous]
2026-10-07 17:11:40,413 | INFO | GET /api/reports/summary -> 200 (0ms) [John Dev]
2026-10-07 17:11:40,416 | INFO | DELETE /api/leads/lead_c583224df0ae -> 404 (0ms) [John Dev]
2026-10-07 17:11:41,250 | INFO | GET /api/roles -> 200 (1ms) [prasanna]
2026-10-07 17:11:42,182 | INFO | POST /api/roles -> 201 (930ms) [prasanna]
2026-10-07 17:11:43,107 | INFO | POST /api/roles -> 422 (0ms) [prasanna]
2026-10-07 17:11:45,261 | INFO | POST /api/employees -> 201 (1263ms) [prasanna]
2026-10-07 17:11:46,065 | INFO | POST /api/employees -> 422 (0ms) [prasanna]
2026-10-07 17:11:47,931 | INFO | POST /api/auth/login -> 200 (979ms) [anonymous]
2026-10-07 17:11:47,935 | INFO | GET /api/leads -> 200 (0ms) [Rita Role]
2026-10-07 17:11:47,937 | INFO | GET /api/reports/summary -> 200 (0ms) [Rita Role]
2026-10-07 17:11:47,941 | INFO | POST /api/roles -> 403 (0ms) [Rita Role]
2026-10-07 17:11:48,808 | INFO | DELETE /api/roles/role_67a1760f9dc6 -> 409 (0ms) [prasanna]
2026-10-07 17:11:50,641 | INFO | DELETE /api/employees/emp_8455d517fe02 -> 200 (917ms) [prasanna]
2026-10-07 17:11:52,087 | INFO | DELETE /api/roles/role_67a1760f9dc6 -> 200 (754ms) [prasanna]
2026-10-07 17:11:52,806 | INFO | DELETE /api/roles/role_46052807f7bb -> 400 (0ms) [prasanna]
2026-10-07 17:11:54,409 | INFO | POST /api/leads/lead_c583224df0ae/assign -> 200 (938ms) [prasanna]
2026-10-07 17:11:55,397 | INFO | POST /api/projects/prj_0c5742f73a23/tasks -> 201 (167ms) [prasanna]
2026-10-07 17:11:57,016 | INFO | PUT /api/projects/prj_0c5742f73a23 -> 200 (890ms) [prasanna]
2026-10-07 17:12:35,566 | INFO | CRM backend ready on http://0.0.0.0:5000
2026-10-07 17:12:36,736 | INFO | CRM backend ready on http://0.0.0.0:5000
2026-10-07 17:12:36,759 | INFO | GET /health -> 200 (0ms) [anonymous]
2026-10-07 17:12:36,763 | INFO | POST /api/auth/login -> 401 (0ms) [anonymous]
2026-10-07 17:12:37,885 | INFO | POST /api/auth/login -> 200 (1118ms) [anonymous]
2026-10-07 17:12:37,889 | INFO | GET /api/auth/me -> 200 (0ms) [prasanna]
2026-10-07 17:12:37,892 | INFO | GET /api/leads -> 401 (1ms) [anonymous]
2026-10-07 17:12:38,994 | INFO | POST /api/employees -> 201 (1098ms) [prasanna]
2026-10-07 17:12:40,743 | INFO | POST /api/employees -> 201 (1036ms) [prasanna]
2026-10-07 17:12:41,481 | INFO | GET /api/employees -> 200 (1ms) [prasanna]
2026-10-07 17:12:42,328 | INFO | POST /api/companies -> 201 (844ms) [prasanna]
2026-10-07 17:12:43,871 | INFO | POST /api/leads -> 201 (766ms) [prasanna]
2026-10-07 17:12:44,698 | INFO | GET /api/leads/lead_7eb65e344cdf -> 200 (0ms) [prasanna]
2026-10-07 17:12:44,818 | INFO | POST /api/leads/lead_7eb65e344cdf/followups -> 201 (118ms) [prasanna]
2026-10-07 17:12:45,601 | INFO | POST /api/leads/lead_7eb65e344cdf/calls -> 201 (108ms) [prasanna]
2026-10-07 17:12:46,421 | INFO | GET /api/followups -> 200 (1ms) [prasanna]
2026-10-07 17:12:46,426 | INFO | GET /api/calls -> 200 (1ms) [prasanna]
2026-10-07 17:12:47,237 | INFO | POST /api/developers -> 201 (809ms) [prasanna]
2026-10-07 17:12:48,809 | INFO | POST /api/projects -> 201 (864ms) [prasanna]
2026-10-07 17:12:49,695 | INFO | POST /api/projects/prj_2c27d54fef90/tasks -> 201 (93ms) [prasanna]
2026-10-07 17:12:50,503 | INFO | PUT /api/projects/tasks/tsk_838ea6054bcf -> 200 (128ms) [prasanna]
2026-10-07 17:12:51,349 | INFO | POST /api/projects/prj_2c27d54fef90/updates -> 201 (104ms) [prasanna]
2026-10-07 17:12:52,226 | INFO | POST /api/projects/prj_2c27d54fef90/assignments -> 201 (212ms) [prasanna]
2026-10-07 17:12:53,040 | INFO | GET /api/developers/dev_ddc6a1b6e8ca -> 200 (0ms) [prasanna]
2026-10-07 17:12:53,042 | INFO | GET /api/reports/summary -> 200 (0ms) [prasanna]
2026-10-07 17:12:53,046 | INFO | GET /api/reports/dashboard -> 200 (2ms) [prasanna]
2026-10-07 17:12:53,184 | INFO | GET /api/reports/daily -> 200 (135ms) [prasanna]
2026-10-07 17:12:53,266 | INFO | GET /api/reports/weekly -> 200 (78ms) [prasanna]
2026-10-07 17:12:53,340 | INFO | GET /api/reports/monthly -> 200 (68ms) [prasanna]
2026-10-07 17:12:53,410 | INFO | GET /api/reports/yearly -> 200 (68ms) [prasanna]
2026-10-07 17:12:53,449 | INFO | GET /api/reports/export/leads -> 200 (35ms) [prasanna]
2026-10-07 17:12:53,688 | INFO | POST /api/reports/powerbi/export -> 200 (237ms) [prasanna]
2026-10-07 17:12:54,433 | INFO | GET /api/reports/activity -> 200 (3ms) [prasanna]
2026-10-07 17:12:55,301 | INFO | POST /api/auth/login -> 200 (865ms) [anonymous]
2026-10-07 17:12:55,304 | INFO | GET /api/employees -> 200 (1ms) [Jane Employee]
2026-10-07 17:12:55,307 | INFO | POST /api/employees -> 403 (0ms) [Jane Employee]
2026-10-07 17:12:56,116 | INFO | GET /api/reports/summary -> 200 (0ms) [Jane Employee]
2026-10-07 17:12:57,031 | INFO | POST /api/auth/login -> 200 (912ms) [anonymous]
2026-10-07 17:12:57,033 | INFO | GET /api/reports/summary -> 200 (0ms) [John Dev]
2026-10-07 17:12:57,036 | INFO | DELETE /api/leads/lead_7eb65e344cdf -> 404 (1ms) [John Dev]
2026-10-07 17:12:57,704 | INFO | GET /api/roles -> 200 (0ms) [prasanna]
2026-10-07 17:12:58,589 | INFO | POST /api/roles -> 201 (882ms) [prasanna]
2026-10-07 17:12:59,288 | INFO | POST /api/roles -> 422 (0ms) [prasanna]
2026-10-07 17:13:01,153 | INFO | POST /api/employees -> 201 (1031ms) [prasanna]
2026-10-07 17:13:01,915 | INFO | POST /api/employees -> 422 (1ms) [prasanna]
2026-10-07 17:13:03,653 | INFO | POST /api/auth/login -> 200 (964ms) [anonymous]
2026-10-07 17:13:03,656 | INFO | GET /api/leads -> 200 (0ms) [Rita Role]
2026-10-07 17:13:03,659 | INFO | GET /api/reports/summary -> 200 (0ms) [Rita Role]
2026-10-07 17:13:03,661 | INFO | POST /api/roles -> 403 (1ms) [Rita Role]
2026-10-07 17:13:04,428 | INFO | DELETE /api/roles/role_582020557e2f -> 409 (0ms) [prasanna]
2026-10-07 17:13:06,034 | INFO | DELETE /api/employees/emp_54120e69c7f5 -> 200 (777ms) [prasanna]
2026-10-07 17:13:07,602 | INFO | DELETE /api/roles/role_582020557e2f -> 200 (758ms) [prasanna]
2026-10-07 17:13:08,440 | INFO | DELETE /api/roles/role_46052807f7bb -> 400 (0ms) [prasanna]
2026-10-07 17:13:09,970 | INFO | POST /api/leads/lead_7eb65e344cdf/assign -> 200 (795ms) [prasanna]
2026-10-07 17:13:11,004 | INFO | POST /api/projects/prj_2c27d54fef90/tasks -> 201 (198ms) [prasanna]
2026-10-07 17:13:12,671 | INFO | PUT /api/projects/prj_2c27d54fef90 -> 200 (788ms) [prasanna]
2026-10-07 17:13:13,398 | INFO | GET /api/employees/emp_1eb0da60f2d8 -> 200 (0ms) [prasanna]
2026-10-07 17:13:14,247 | INFO | POST /api/leads/lead_7eb65e344cdf/assign -> 200 (846ms) [prasanna]
2026-10-07 17:13:15,176 | INFO | PUT /api/projects/tasks/tsk_be434a67b2bf -> 200 (76ms) [prasanna]
2026-10-07 17:13:16,792 | INFO | PUT /api/projects/prj_2c27d54fef90 -> 200 (737ms) [prasanna]
2026-10-07 17:13:17,704 | INFO | GET /api/employees/emp_1eb0da60f2d8 -> 200 (0ms) [prasanna]
2026-10-07 17:13:18,795 | INFO | POST /api/leads/lead_7eb65e344cdf/assign -> 200 (1088ms) [prasanna]
2026-10-07 17:13:20,727 | INFO | POST /api/leads -> 201 (1115ms) [prasanna]
2026-10-07 17:13:21,571 | INFO | GET /api/leads -> 200 (0ms) [Jane Employee]
2026-10-07 17:13:21,574 | INFO | GET /api/leads -> 200 (0ms) [John Dev]
2026-10-07 17:13:21,576 | INFO | GET /api/leads/lead_a1013ee2a690 -> 404 (0ms) [Jane Employee]
2026-10-07 17:13:21,579 | INFO | GET /api/leads/lead_7eb65e344cdf -> 404 (1ms) [John Dev]
2026-10-07 17:13:21,581 | INFO | POST /api/leads/lead_7eb65e344cdf/assign -> 403 (0ms) [Jane Employee]
2026-10-07 17:13:22,450 | INFO | PUT /api/leads/lead_a1013ee2a690 -> 404 (0ms) [Jane Employee]
2026-10-07 17:13:23,289 | INFO | DELETE /api/leads/lead_a1013ee2a690 -> 404 (0ms) [Jane Employee]
2026-10-07 17:13:25,410 | INFO | POST /api/leads -> 201 (1256ms) [Jane Employee]
2026-10-07 17:13:26,209 | INFO | GET /api/leads -> 200 (0ms) [John Dev]
2026-10-07 17:13:26,211 | INFO | GET /api/leads/lead_ac04e4848ce0 -> 404 (0ms) [John Dev]
2026-10-07 17:13:27,077 | INFO | POST /api/leads -> 201 (864ms) [John Dev]
2026-10-07 17:13:27,950 | INFO | POST /api/leads/lead_2fa9a3f17d38/followups -> 201 (108ms) [John Dev]
2026-10-07 17:13:28,737 | INFO | POST /api/leads/lead_7eb65e344cdf/followups -> 404 (0ms) [John Dev]
2026-10-07 17:13:29,475 | INFO | DELETE /api/leads/lead_7eb65e344cdf -> 404 (0ms) [John Dev]
2026-10-07 17:13:31,173 | INFO | POST /api/companies -> 201 (833ms) [John Dev]
2026-10-07 17:13:31,991 | INFO | DELETE /api/followups/fup_2a64614113c3 -> 200 (45ms) [prasanna]
2026-10-07 17:13:33,676 | INFO | DELETE /api/leads/lead_2fa9a3f17d38 -> 200 (818ms) [prasanna]
2026-10-07 17:13:35,326 | INFO | DELETE /api/companies/cmp_ab4eb29816da -> 200 (835ms) [prasanna]
2026-10-07 17:13:36,107 | INFO | GET /api/followups -> 200 (0ms) [Jane Employee]
2026-10-07 17:13:36,108 | INFO | GET /api/followups -> 200 (0ms) [John Dev]
2026-10-07 17:13:36,111 | INFO | GET /api/leads/lead_a1013ee2a690/followups -> 404 (0ms) [Jane Employee]
2026-10-07 17:13:36,205 | INFO | POST /api/leads/lead_7eb65e344cdf/calls -> 201 (92ms) [Jane Employee]
2026-10-07 17:13:37,013 | INFO | GET /api/calls -> 200 (0ms) [Jane Employee]
2026-10-07 17:13:37,016 | INFO | GET /api/calls -> 200 (0ms) [John Dev]
2026-10-07 17:13:37,870 | INFO | DELETE /api/leads/lead_ac04e4848ce0 -> 200 (853ms) [Jane Employee]
2026-10-07 17:13:39,582 | INFO | DELETE /api/leads/lead_a1013ee2a690 -> 200 (907ms) [prasanna]
2026-10-07 17:13:42,232 | INFO | DELETE /api/leads/lead_7eb65e344cdf -> 200 (1745ms) [prasanna]
2026-10-07 17:13:43,982 | INFO | DELETE /api/projects/prj_2c27d54fef90 -> 200 (946ms) [prasanna]
2026-10-07 17:13:44,768 | INFO | PUT /api/auth/change-password -> 403 (0ms) [Jane Employee]
2026-10-07 17:13:45,610 | INFO | POST /api/auth/register -> 403 (0ms) [Jane Employee]
2026-10-07 17:13:46,906 | INFO | PUT /api/auth/change-password -> 200 (509ms) [prasanna]
2026-10-07 17:13:48,758 | INFO | PUT /api/employees/emp_1eb0da60f2d8 -> 200 (1109ms) [prasanna]
2026-10-07 17:13:50,541 | INFO | POST /api/auth/login -> 200 (1058ms) [anonymous]
2026-10-07 17:13:50,544 | INFO | POST /api/auth/notifications -> 403 (0ms) [Jane Employee]
2026-10-07 17:13:51,381 | INFO | POST /api/auth/notifications -> 404 (0ms) [prasanna]
2026-10-07 17:13:52,135 | INFO | POST /api/auth/notifications -> 422 (0ms) [prasanna]
2026-10-07 17:13:53,171 | INFO | POST /api/auth/notifications -> 201 (127ms) [prasanna]
2026-10-07 17:13:54,074 | INFO | GET /api/auth/notifications -> 200 (0ms) [Jane Employee]
2026-10-07 17:13:54,077 | INFO | GET /api/auth/notifications -> 200 (0ms) [John Dev]
2026-10-07 17:13:54,205 | INFO | POST /api/auth/notifications/ntf_d455814ea267/reply -> 201 (126ms) [Jane Employee]
2026-10-07 17:13:54,971 | INFO | GET /api/auth/notifications -> 200 (1ms) [prasanna]
2026-10-07 17:13:54,973 | INFO | POST /api/auth/notifications/ntf_d455814ea267/reply -> 404 (0ms) [John Dev]
2026-10-07 17:13:55,847 | INFO | POST /api/auth/notifications/ntf_d455814ea267/reply -> 422 (1ms) [Jane Employee]
2026-10-07 17:13:56,809 | INFO | POST /api/auth/notifications -> 201 (127ms) [prasanna]
2026-10-07 17:13:57,726 | INFO | POST /api/auth/notifications/ntf_afd83212d0c2/reply -> 201 (137ms) [John Dev]
2026-10-07 17:13:58,555 | INFO | POST /api/leads/import -> 403 (0ms) [Jane Employee]
2026-10-07 17:14:01,452 | INFO | POST /api/leads/import -> 201 (2036ms) [prasanna]
2026-10-07 17:14:02,258 | INFO | GET /api/leads -> 200 (1ms) [prasanna]
2026-10-07 17:14:02,261 | INFO | GET /api/leads -> 200 (0ms) [Jane Employee]
2026-10-07 17:14:02,265 | INFO | POST /api/leads/import -> 422 (1ms) [prasanna]
2026-10-07 17:14:03,095 | INFO | POST /api/leads/import -> 422 (1ms) [prasanna]
2026-10-07 17:14:05,006 | INFO | POST /api/leads/import -> 201 (1075ms) [prasanna]
2026-10-07 17:14:05,757 | INFO | GET /api/companies -> 200 (0ms) [prasanna]
2026-10-07 17:14:05,760 | INFO | GET /api/leads -> 200 (1ms) [prasanna]
2026-10-07 17:14:06,644 | INFO | DELETE /api/leads/lead_133aaba0c12a -> 200 (882ms) [prasanna]
2026-10-07 17:14:08,354 | INFO | DELETE /api/leads/lead_3bb9e593954d -> 200 (880ms) [prasanna]
2026-10-07 17:14:10,077 | INFO | DELETE /api/leads/lead_324c00cbb273 -> 200 (908ms) [prasanna]
2026-10-07 17:14:10,847 | INFO | GET /api/leads -> 200 (0ms) [prasanna]
2026-10-07 17:14:11,762 | INFO | DELETE /api/companies/cmp_95f4e5ec65c6 -> 200 (913ms) [prasanna]
2026-10-07 17:14:13,352 | INFO | DELETE /api/employees/emp_1eb0da60f2d8 -> 200 (762ms) [prasanna]
2026-10-07 17:14:15,082 | INFO | DELETE /api/employees/emp_1b266cb7f14f -> 200 (846ms) [prasanna]
2026-10-07 17:14:29,934 | INFO | CRM backend ready on http://0.0.0.0:5000
2026-10-07 17:14:31,503 | INFO | CRM backend ready on http://0.0.0.0:5000
2026-10-07 17:14:31,526 | INFO | GET /health -> 200 (0ms) [anonymous]
2026-10-07 17:14:31,528 | INFO | POST /api/auth/login -> 401 (0ms) [anonymous]
2026-10-07 17:14:32,579 | INFO | POST /api/auth/login -> 200 (1048ms) [anonymous]
2026-10-07 17:14:32,582 | INFO | GET /api/auth/me -> 200 (1ms) [prasanna]
2026-10-07 17:14:32,584 | INFO | GET /api/leads -> 401 (0ms) [anonymous]
2026-10-07 17:14:33,769 | INFO | POST /api/employees -> 201 (1183ms) [prasanna]
2026-10-07 17:14:35,648 | INFO | POST /api/employees -> 201 (922ms) [prasanna]
2026-10-07 17:14:36,575 | INFO | GET /api/employees -> 200 (1ms) [prasanna]
2026-10-07 17:14:37,463 | INFO | POST /api/companies -> 201 (885ms) [prasanna]
2026-10-07 17:14:39,318 | INFO | POST /api/leads -> 201 (1012ms) [prasanna]
2026-10-07 17:14:40,209 | INFO | GET /api/leads/lead_d4c1fb1833ba -> 200 (0ms) [prasanna]
2026-10-07 17:14:40,324 | INFO | POST /api/leads/lead_d4c1fb1833ba/followups -> 201 (112ms) [prasanna]
2026-10-07 17:14:41,392 | INFO | POST /api/leads/lead_d4c1fb1833ba/calls -> 201 (114ms) [prasanna]
2026-10-07 17:14:42,303 | INFO | GET /api/followups -> 200 (0ms) [prasanna]
2026-10-07 17:14:42,306 | INFO | GET /api/calls -> 200 (0ms) [prasanna]
2026-10-07 17:14:43,328 | INFO | POST /api/developers -> 201 (1021ms) [prasanna]
2026-10-07 17:14:45,089 | INFO | POST /api/projects -> 201 (922ms) [prasanna]
2026-10-07 17:14:46,104 | INFO | POST /api/projects/prj_095fe682d39e/tasks -> 201 (49ms) [prasanna]
2026-10-07 17:14:47,117 | INFO | PUT /api/projects/tasks/tsk_4ce735e7cd8a -> 200 (120ms) [prasanna]
2026-10-07 17:14:48,034 | INFO | POST /api/projects/prj_095fe682d39e/updates -> 201 (104ms) [prasanna]
2026-10-07 17:14:49,076 | INFO | POST /api/projects/prj_095fe682d39e/assignments -> 201 (178ms) [prasanna]
2026-10-07 17:14:50,036 | INFO | GET /api/developers/dev_2118f63c8160 -> 200 (0ms) [prasanna]
2026-10-07 17:14:50,039 | INFO | GET /api/reports/summary -> 200 (0ms) [prasanna]
2026-10-07 17:14:50,044 | INFO | GET /api/reports/dashboard -> 200 (0ms) [prasanna]
2026-10-07 17:14:50,195 | INFO | GET /api/reports/daily -> 200 (148ms) [prasanna]
2026-10-07 17:14:50,255 | INFO | GET /api/reports/weekly -> 200 (57ms) [prasanna]
2026-10-07 17:14:50,330 | INFO | GET /api/reports/monthly -> 200 (72ms) [prasanna]
2026-10-07 17:14:50,395 | INFO | GET /api/reports/yearly -> 200 (62ms) [prasanna]
2026-10-07 17:14:50,434 | INFO | GET /api/reports/export/leads -> 200 (37ms) [prasanna]
2026-10-07 17:14:50,598 | INFO | POST /api/reports/powerbi/export -> 200 (161ms) [prasanna]
2026-10-07 17:14:51,462 | INFO | GET /api/reports/activity -> 200 (2ms) [prasanna]
2026-10-07 17:14:52,522 | INFO | POST /api/auth/login -> 200 (1057ms) [anonymous]
2026-10-07 17:14:52,526 | INFO | GET /api/employees -> 200 (3ms) [Jane Employee]
2026-10-07 17:14:52,529 | INFO | POST /api/employees -> 403 (0ms) [Jane Employee]
2026-10-07 17:14:53,470 | INFO | GET /api/reports/summary -> 200 (0ms) [Jane Employee]
2026-10-07 17:14:54,646 | INFO | POST /api/auth/login -> 200 (1172ms) [anonymous]
2026-10-07 17:14:54,649 | INFO | GET /api/reports/summary -> 200 (1ms) [John Dev]
2026-10-07 17:14:54,651 | INFO | DELETE /api/leads/lead_d4c1fb1833ba -> 404 (0ms) [John Dev]
2026-10-07 17:14:55,496 | INFO | GET /api/roles -> 200 (0ms) [prasanna]
2026-10-07 17:14:56,461 | INFO | POST /api/roles -> 201 (962ms) [prasanna]
2026-10-07 17:14:57,359 | INFO | POST /api/roles -> 422 (0ms) [prasanna]
2026-10-07 17:14:59,329 | INFO | POST /api/employees -> 201 (1141ms) [prasanna]
2026-10-07 17:15:00,229 | INFO | POST /api/employees -> 422 (0ms) [prasanna]
2026-10-07 17:15:02,129 | INFO | POST /api/auth/login -> 200 (1047ms) [anonymous]
2026-10-07 17:15:02,133 | INFO | GET /api/leads -> 200 (1ms) [Rita Role]
2026-10-07 17:15:02,136 | INFO | GET /api/reports/summary -> 200 (0ms) [Rita Role]
2026-10-07 17:15:02,138 | INFO | POST /api/roles -> 403 (0ms) [Rita Role]
2026-10-07 17:15:03,060 | INFO | DELETE /api/roles/role_6f08d672e130 -> 409 (0ms) [prasanna]
2026-10-07 17:15:04,935 | INFO | DELETE /api/employees/emp_f0a3d585c50b -> 200 (1013ms) [prasanna]
2026-10-07 17:15:06,770 | INFO | DELETE /api/roles/role_6f08d672e130 -> 200 (939ms) [prasanna]
2026-10-07 17:15:07,736 | INFO | DELETE /api/roles/role_46052807f7bb -> 400 (0ms) [prasanna]
2026-10-07 17:15:09,759 | INFO | POST /api/leads/lead_d4c1fb1833ba/assign -> 200 (1131ms) [prasanna]
2026-10-07 17:15:10,728 | INFO | POST /api/projects/prj_095fe682d39e/tasks -> 201 (186ms) [prasanna]
2026-10-07 17:15:12,764 | INFO | PUT /api/projects/prj_095fe682d39e -> 200 (1065ms) [prasanna]
2026-10-07 17:15:13,590 | INFO | GET /api/employees/emp_236871a0e179 -> 200 (0ms) [prasanna]
2026-10-07 17:15:14,526 | INFO | POST /api/leads/lead_d4c1fb1833ba/assign -> 200 (933ms) [prasanna]
2026-10-07 17:15:15,820 | INFO | PUT /api/projects/tasks/tsk_3508a6e768c4 -> 200 (55ms) [prasanna]
2026-10-07 17:15:17,705 | INFO | PUT /api/projects/prj_095fe682d39e -> 200 (1008ms) [prasanna]
2026-10-07 17:15:18,655 | INFO | GET /api/employees/emp_236871a0e179 -> 200 (0ms) [prasanna]
2026-10-07 17:15:19,749 | INFO | POST /api/leads/lead_d4c1fb1833ba/assign -> 200 (1091ms) [prasanna]
2026-10-07 17:15:21,721 | INFO | POST /api/leads -> 201 (1145ms) [prasanna]
2026-10-07 17:15:22,549 | INFO | GET /api/leads -> 200 (0ms) [Jane Employee]
2026-10-07 17:15:22,551 | INFO | GET /api/leads -> 200 (1ms) [John Dev]
2026-10-07 17:15:22,553 | INFO | GET /api/leads/lead_a2a923990df9 -> 404 (0ms) [Jane Employee]
2026-10-07 17:15:22,556 | INFO | GET /api/leads/lead_d4c1fb1833ba -> 404 (0ms) [John Dev]
2026-10-07 17:15:22,559 | INFO | POST /api/leads/lead_d4c1fb1833ba/assign -> 403 (0ms) [Jane Employee]
2026-10-07 17:15:23,419 | INFO | PUT /api/leads/lead_a2a923990df9 -> 404 (0ms) [Jane Employee]
2026-10-07 17:15:24,338 | INFO | DELETE /api/leads/lead_a2a923990df9 -> 404 (0ms) [Jane Employee]
2026-10-07 17:15:26,418 | INFO | POST /api/leads -> 201 (1089ms) [Jane Employee]
2026-10-07 17:15:27,311 | INFO | GET /api/leads -> 200 (0ms) [John Dev]
2026-10-07 17:15:27,313 | INFO | GET /api/leads/lead_8301dbc4c073 -> 404 (0ms) [John Dev]
2026-10-07 17:15:28,459 | INFO | POST /api/leads -> 201 (1143ms) [John Dev]
2026-10-07 17:15:29,371 | INFO | POST /api/leads/lead_1445b0e2d88c/followups -> 201 (115ms) [John Dev]
2026-10-07 17:15:30,185 | INFO | POST /api/leads/lead_d4c1fb1833ba/followups -> 404 (0ms) [John Dev]
2026-10-07 17:15:31,087 | INFO | DELETE /api/leads/lead_d4c1fb1833ba -> 404 (0ms) [John Dev]
2026-10-07 17:15:32,931 | INFO | POST /api/companies -> 201 (883ms) [John Dev]
2026-10-07 17:15:33,935 | INFO | DELETE /api/followups/fup_0525afe8ba56 -> 200 (55ms) [prasanna]
2026-10-07 17:15:35,783 | INFO | DELETE /api/leads/lead_1445b0e2d88c -> 200 (957ms) [prasanna]
2026-10-07 17:15:37,633 | INFO | DELETE /api/companies/cmp_2b99b1ce0f8e -> 200 (959ms) [prasanna]
2026-10-07 17:15:38,570 | INFO | GET /api/followups -> 200 (1ms) [Jane Employee]
2026-10-07 17:15:38,573 | INFO | GET /api/followups -> 200 (0ms) [John Dev]
2026-10-07 17:15:38,576 | INFO | GET /api/leads/lead_a2a923990df9/followups -> 404 (0ms) [Jane Employee]
2026-10-07 17:15:38,697 | INFO | POST /api/leads/lead_d4c1fb1833ba/calls -> 201 (118ms) [Jane Employee]
2026-10-07 17:15:39,608 | INFO | GET /api/calls -> 200 (0ms) [Jane Employee]
2026-10-07 17:15:39,610 | INFO | GET /api/calls -> 200 (0ms) [John Dev]
2026-10-07 17:15:40,598 | INFO | DELETE /api/leads/lead_8301dbc4c073 -> 200 (985ms) [Jane Employee]
2026-10-07 17:15:42,535 | INFO | DELETE /api/leads/lead_a2a923990df9 -> 200 (1051ms) [prasanna]
2026-10-07 17:15:44,536 | INFO | DELETE /api/leads/lead_d4c1fb1833ba -> 200 (1085ms) [prasanna]
2026-10-07 17:15:45,848 | INFO | DELETE /api/projects/prj_095fe682d39e -> 200 (717ms) [prasanna]
2026-10-07 17:15:46,326 | INFO | PUT /api/auth/change-password -> 403 (0ms) [Jane Employee]
2026-10-07 17:15:46,980 | INFO | POST /api/auth/register -> 403 (0ms) [Jane Employee]
2026-10-07 17:15:47,819 | INFO | PUT /api/auth/change-password -> 200 (281ms) [prasanna]
2026-10-07 17:15:49,054 | INFO | PUT /api/employees/emp_236871a0e179 -> 200 (741ms) [prasanna]
2026-10-07 17:15:50,177 | INFO | POST /api/auth/login -> 200 (619ms) [anonymous]
2026-10-07 17:15:50,179 | INFO | POST /api/auth/notifications -> 403 (1ms) [Jane Employee]
2026-10-07 17:15:50,652 | INFO | POST /api/auth/notifications -> 404 (0ms) [prasanna]
2026-10-07 17:15:51,220 | INFO | POST /api/auth/notifications -> 422 (0ms) [prasanna]
2026-10-07 17:15:51,793 | INFO | POST /api/auth/notifications -> 201 (75ms) [prasanna]
2026-10-07 17:15:52,257 | INFO | GET /api/auth/notifications -> 200 (0ms) [Jane Employee]
2026-10-07 17:15:52,258 | INFO | GET /api/auth/notifications -> 200 (0ms) [John Dev]
2026-10-07 17:15:52,339 | INFO | POST /api/auth/notifications/ntf_a4bff87f04e4/reply -> 201 (79ms) [Jane Employee]
2026-10-07 17:15:52,902 | INFO | GET /api/auth/notifications -> 200 (0ms) [prasanna]
2026-10-07 17:15:52,903 | INFO | POST /api/auth/notifications/ntf_a4bff87f04e4/reply -> 404 (0ms) [John Dev]
2026-10-07 17:15:53,408 | INFO | POST /api/auth/notifications/ntf_a4bff87f04e4/reply -> 422 (0ms) [Jane Employee]
2026-10-07 17:15:53,978 | INFO | POST /api/auth/notifications -> 201 (78ms) [prasanna]
2026-10-07 17:15:54,603 | INFO | POST /api/auth/notifications/ntf_e664f22f8346/reply -> 201 (158ms) [John Dev]
2026-10-07 17:15:55,088 | INFO | POST /api/leads/import -> 403 (0ms) [Jane Employee]
2026-10-07 17:15:56,955 | INFO | POST /api/leads/import -> 201 (1368ms) [prasanna]
2026-10-07 17:15:57,419 | INFO | GET /api/leads -> 200 (0ms) [prasanna]
2026-10-07 17:15:57,421 | INFO | GET /api/leads -> 200 (1ms) [Jane Employee]
2026-10-07 17:15:57,424 | INFO | POST /api/leads/import -> 422 (1ms) [prasanna]
2026-10-07 17:15:57,982 | INFO | POST /api/leads/import -> 422 (0ms) [prasanna]
2026-10-07 17:15:59,113 | INFO | POST /api/leads/import -> 201 (626ms) [prasanna]
2026-10-07 17:15:59,667 | INFO | GET /api/companies -> 200 (0ms) [prasanna]
2026-10-07 17:15:59,669 | INFO | GET /api/leads -> 200 (1ms) [prasanna]
2026-10-07 17:16:00,215 | INFO | DELETE /api/leads/lead_558dfcf0961e -> 200 (543ms) [prasanna]
2026-10-07 17:16:01,277 | INFO | DELETE /api/leads/lead_bcb9144fa3ea -> 200 (552ms) [prasanna]
2026-10-07 17:16:02,314 | INFO | DELETE /api/leads/lead_ac18cade673f -> 200 (533ms) [prasanna]
2026-10-07 17:16:02,893 | INFO | GET /api/leads -> 200 (0ms) [prasanna]
2026-10-07 17:16:03,420 | INFO | DELETE /api/companies/cmp_a8f8f4bfb4b1 -> 200 (525ms) [prasanna]
2026-10-07 17:16:04,515 | INFO | DELETE /api/employees/emp_236871a0e179 -> 200 (594ms) [prasanna]
2026-10-07 17:16:05,551 | INFO | DELETE /api/employees/emp_3bd6453a429d -> 200 (509ms) [prasanna]
2026-10-07 17:16:44,645 | INFO | POST /api/auth/login -> 200 (575ms) [anonymous]
2026-10-07 17:16:45,461 | INFO | POST /api/projects -> 201 (600ms) [prasanna]
2026-10-07 17:17:02,903 | INFO | POST /api/auth/login -> 200 (673ms) [anonymous]
2026-10-07 17:17:02,938 | INFO | GET /api/projects -> 200 (0ms) [prasanna]
2026-10-07 17:17:02,959 | INFO | GET /api/projects -> 200 (0ms) [prasanna]
2026-10-07 17:17:03,579 | INFO | DELETE /api/projects/prj_20024793ee5d -> 200 (567ms) [prasanna]
2026-10-07 17:18:24,549 | INFO | CRM backend ready on http://0.0.0.0:5000
2026-10-07 17:18:25,373 | INFO | CRM backend ready on http://0.0.0.0:5000
2026-10-07 17:18:25,390 | INFO | GET /health -> 200 (0ms) [anonymous]
2026-10-07 17:18:25,391 | INFO | POST /api/auth/login -> 401 (0ms) [anonymous]
2026-10-07 17:18:26,001 | INFO | POST /api/auth/login -> 200 (607ms) [anonymous]
2026-10-07 17:18:26,003 | INFO | GET /api/auth/me -> 200 (0ms) [prasanna]
2026-10-07 17:18:26,004 | INFO | GET /api/leads -> 401 (0ms) [anonymous]
2026-10-07 17:18:26,602 | INFO | POST /api/employees -> 201 (597ms) [prasanna]
2026-10-07 17:18:27,836 | INFO | POST /api/employees -> 201 (645ms) [prasanna]
2026-10-07 17:18:28,324 | INFO | GET /api/employees -> 200 (0ms) [prasanna]
2026-10-07 17:18:28,839 | INFO | POST /api/companies -> 201 (513ms) [prasanna]
2026-10-07 17:18:29,964 | INFO | POST /api/leads -> 201 (612ms) [prasanna]
2026-10-07 17:18:30,454 | INFO | GET /api/leads/lead_8ac6ee6fc862 -> 200 (0ms) [prasanna]
2026-10-07 17:18:30,515 | INFO | POST /api/leads/lead_8ac6ee6fc862/followups -> 201 (59ms) [prasanna]
2026-10-07 17:18:31,050 | INFO | POST /api/leads/lead_8ac6ee6fc862/calls -> 201 (62ms) [prasanna]
2026-10-07 17:18:31,559 | INFO | GET /api/followups -> 200 (0ms) [prasanna]
2026-10-07 17:18:31,562 | INFO | GET /api/calls -> 200 (0ms) [prasanna]
2026-10-07 17:18:32,098 | INFO | POST /api/developers -> 201 (534ms) [prasanna]
2026-10-07 17:18:33,227 | INFO | POST /api/projects -> 201 (619ms) [prasanna]
2026-10-07 17:18:33,763 | INFO | POST /api/projects/prj_02f895f09d45/tasks -> 201 (28ms) [prasanna]
2026-10-07 17:18:34,351 | INFO | PUT /api/projects/tasks/tsk_a283e0a947c4 -> 200 (74ms) [prasanna]
2026-10-07 17:18:34,907 | INFO | POST /api/projects/prj_02f895f09d45/updates -> 201 (58ms) [prasanna]
2026-10-07 17:18:35,504 | INFO | POST /api/projects/prj_02f895f09d45/assignments -> 201 (104ms) [prasanna]
2026-10-07 17:18:36,123 | INFO | GET /api/developers/dev_fa96740244f6 -> 200 (0ms) [prasanna]
2026-10-07 17:18:36,125 | INFO | GET /api/reports/summary -> 200 (0ms) [prasanna]
2026-10-07 17:18:36,127 | INFO | GET /api/reports/dashboard -> 200 (0ms) [prasanna]
2026-10-07 17:18:36,201 | INFO | GET /api/reports/daily -> 200 (73ms) [prasanna]
2026-10-07 17:18:36,235 | INFO | GET /api/reports/weekly -> 200 (32ms) [prasanna]
2026-10-07 17:18:36,271 | INFO | GET /api/reports/monthly -> 200 (33ms) [prasanna]
2026-10-07 17:18:36,310 | INFO | GET /api/reports/yearly -> 200 (37ms) [prasanna]
2026-10-07 17:18:36,333 | INFO | GET /api/reports/export/leads -> 200 (20ms) [prasanna]
2026-10-07 17:18:36,411 | INFO | POST /api/reports/powerbi/export -> 200 (76ms) [prasanna]
2026-10-07 17:18:36,963 | INFO | GET /api/reports/activity -> 200 (2ms) [prasanna]
2026-10-07 17:18:37,585 | INFO | POST /api/auth/login -> 200 (621ms) [anonymous]
2026-10-07 17:18:37,588 | INFO | GET /api/employees -> 200 (2ms) [Jane Employee]
2026-10-07 17:18:37,590 | INFO | POST /api/employees -> 403 (0ms) [Jane Employee]
2026-10-07 17:18:38,134 | INFO | GET /api/reports/summary -> 200 (0ms) [Jane Employee]
2026-10-07 17:18:38,789 | INFO | POST /api/auth/login -> 200 (654ms) [anonymous]
2026-10-07 17:18:38,791 | INFO | GET /api/reports/summary -> 200 (0ms) [John Dev]
2026-10-07 17:18:38,792 | INFO | DELETE /api/leads/lead_8ac6ee6fc862 -> 404 (0ms) [John Dev]
2026-10-07 17:18:39,362 | INFO | GET /api/roles -> 200 (0ms) [prasanna]
2026-10-07 17:18:39,935 | INFO | POST /api/roles -> 201 (571ms) [prasanna]
2026-10-07 17:18:40,440 | INFO | POST /api/roles -> 422 (0ms) [prasanna]
2026-10-07 17:18:41,659 | INFO | POST /api/employees -> 201 (747ms) [prasanna]
2026-10-07 17:18:42,173 | INFO | POST /api/employees -> 422 (0ms) [prasanna]
2026-10-07 17:18:43,263 | INFO | POST /api/auth/login -> 200 (568ms) [anonymous]
2026-10-07 17:18:43,265 | INFO | GET /api/leads -> 200 (0ms) [Rita Role]
2026-10-07 17:18:43,267 | INFO | GET /api/reports/summary -> 200 (0ms) [Rita Role]
2026-10-07 17:18:43,269 | INFO | POST /api/roles -> 403 (0ms) [Rita Role]
2026-10-07 17:18:43,775 | INFO | DELETE /api/roles/role_dc7126779986 -> 409 (0ms) [prasanna]
2026-10-07 17:18:44,896 | INFO | DELETE /api/employees/emp_6fa01ff4cd1f -> 200 (615ms) [prasanna]
2026-10-07 17:18:45,927 | INFO | DELETE /api/roles/role_dc7126779986 -> 200 (533ms) [prasanna]
2026-10-07 17:18:46,438 | INFO | DELETE /api/roles/role_46052807f7bb -> 400 (0ms) [prasanna]
2026-10-07 17:18:47,534 | INFO | POST /api/leads/lead_8ac6ee6fc862/assign -> 200 (579ms) [prasanna]
2026-10-07 17:18:48,224 | INFO | POST /api/projects/prj_02f895f09d45/tasks -> 201 (105ms) [prasanna]
2026-10-07 17:18:49,281 | INFO | PUT /api/projects/prj_02f895f09d45 -> 200 (560ms) [prasanna]
2026-10-07 17:18:49,821 | INFO | GET /api/employees/emp_3ecbab6658f7 -> 200 (0ms) [prasanna]
2026-10-07 17:18:50,350 | INFO | POST /api/leads/lead_8ac6ee6fc862/assign -> 200 (526ms) [prasanna]
2026-10-07 17:18:50,968 | INFO | PUT /api/projects/tasks/tsk_9d8b1d7044f8 -> 200 (35ms) [prasanna]
2026-10-07 17:18:52,043 | INFO | PUT /api/projects/prj_02f895f09d45 -> 200 (565ms) [prasanna]
2026-10-07 17:18:52,545 | INFO | GET /api/employees/emp_3ecbab6658f7 -> 200 (0ms) [prasanna]
2026-10-07 17:18:53,202 | INFO | POST /api/leads/lead_8ac6ee6fc862/assign -> 200 (655ms) [prasanna]
2026-10-07 17:18:54,424 | INFO | POST /api/leads -> 201 (719ms) [prasanna]
2026-10-07 17:18:54,942 | INFO | GET /api/leads -> 200 (0ms) [Jane Employee]
2026-10-07 17:18:54,945 | INFO | GET /api/leads -> 200 (0ms) [John Dev]
2026-10-07 17:18:54,947 | INFO | GET /api/leads/lead_702de00f25e1 -> 404 (0ms) [Jane Employee]
2026-10-07 17:18:54,948 | INFO | GET /api/leads/lead_8ac6ee6fc862 -> 404 (0ms) [John Dev]
2026-10-07 17:18:54,949 | INFO | POST /api/leads/lead_8ac6ee6fc862/assign -> 403 (0ms) [Jane Employee]
2026-10-07 17:18:55,427 | INFO | PUT /api/leads/lead_702de00f25e1 -> 404 (0ms) [Jane Employee]
2026-10-07 17:18:55,964 | INFO | DELETE /api/leads/lead_702de00f25e1 -> 404 (0ms) [Jane Employee]
2026-10-07 17:18:57,191 | INFO | POST /api/leads -> 201 (703ms) [Jane Employee]
2026-10-07 17:18:57,721 | INFO | GET /api/leads -> 200 (1ms) [John Dev]
2026-10-07 17:18:57,723 | INFO | GET /api/leads/lead_90d1fe5a7529 -> 404 (0ms) [John Dev]
2026-10-07 17:18:58,356 | INFO | POST /api/leads -> 201 (632ms) [John Dev]
2026-10-07 17:18:58,966 | INFO | POST /api/leads/lead_3cc077ab3696/followups -> 201 (66ms) [John Dev]
2026-10-07 17:18:59,547 | INFO | POST /api/leads/lead_8ac6ee6fc862/followups -> 404 (0ms) [John Dev]
2026-10-07 17:19:00,069 | INFO | DELETE /api/leads/lead_8ac6ee6fc862 -> 404 (0ms) [John Dev]
2026-10-07 17:19:01,129 | INFO | POST /api/companies -> 201 (537ms) [John Dev]
2026-10-07 17:19:01,696 | INFO | DELETE /api/followups/fup_0eb608b2d5fa -> 200 (26ms) [prasanna]
2026-10-07 17:19:02,855 | INFO | DELETE /api/leads/lead_3cc077ab3696 -> 200 (570ms) [prasanna]
2026-10-07 17:19:03,899 | INFO | DELETE /api/companies/cmp_bd17a7de39a9 -> 200 (558ms) [prasanna]
2026-10-07 17:19:04,421 | INFO | GET /api/followups -> 200 (0ms) [Jane Employee]
2026-10-07 17:19:04,422 | INFO | GET /api/followups -> 200 (0ms) [John Dev]
2026-10-07 17:19:04,424 | INFO | GET /api/leads/lead_702de00f25e1/followups -> 404 (0ms) [Jane Employee]
2026-10-07 17:19:04,483 | INFO | POST /api/leads/lead_8ac6ee6fc862/calls -> 201 (58ms) [Jane Employee]
2026-10-07 17:19:05,103 | INFO | GET /api/calls -> 200 (0ms) [Jane Employee]
2026-10-07 17:19:05,104 | INFO | GET /api/calls -> 200 (0ms) [John Dev]
2026-10-07 17:19:05,657 | INFO | DELETE /api/leads/lead_90d1fe5a7529 -> 200 (552ms) [Jane Employee]
2026-10-07 17:19:06,732 | INFO | DELETE /api/leads/lead_702de00f25e1 -> 200 (572ms) [prasanna]
2026-10-07 17:19:08,004 | INFO | DELETE /api/leads/lead_8ac6ee6fc862 -> 200 (726ms) [prasanna]
2026-10-07 17:19:09,136 | INFO | DELETE /api/projects/prj_02f895f09d45 -> 200 (616ms) [prasanna]
2026-10-07 17:19:09,683 | INFO | PUT /api/auth/change-password -> 403 (0ms) [Jane Employee]
2026-10-07 17:19:10,210 | INFO | POST /api/auth/register -> 403 (0ms) [Jane Employee]
2026-10-07 17:19:11,048 | INFO | PUT /api/auth/change-password -> 200 (254ms) [prasanna]
2026-10-07 17:19:12,221 | INFO | PUT /api/employees/emp_3ecbab6658f7 -> 200 (640ms) [prasanna]
2026-10-07 17:19:13,446 | INFO | POST /api/auth/login -> 200 (687ms) [anonymous]
2026-10-07 17:19:13,448 | INFO | POST /api/auth/notifications -> 403 (0ms) [Jane Employee]
2026-10-07 17:19:13,984 | INFO | POST /api/auth/notifications -> 404 (0ms) [prasanna]
2026-10-07 17:19:14,491 | INFO | POST /api/auth/notifications -> 422 (0ms) [prasanna]
2026-10-07 17:19:15,113 | INFO | POST /api/auth/notifications -> 201 (75ms) [prasanna]
2026-10-07 17:19:15,722 | INFO | GET /api/auth/notifications -> 200 (0ms) [Jane Employee]
2026-10-07 17:19:15,724 | INFO | GET /api/auth/notifications -> 200 (0ms) [John Dev]
2026-10-07 17:19:15,804 | INFO | POST /api/auth/notifications/ntf_c4a070355019/reply -> 201 (78ms) [Jane Employee]
2026-10-07 17:19:16,356 | INFO | GET /api/auth/notifications -> 200 (0ms) [prasanna]
2026-10-07 17:19:16,357 | INFO | POST /api/auth/notifications/ntf_c4a070355019/reply -> 404 (0ms) [John Dev]
2026-10-07 17:19:16,887 | INFO | POST /api/auth/notifications/ntf_c4a070355019/reply -> 422 (0ms) [Jane Employee]
2026-10-07 17:19:17,509 | INFO | POST /api/auth/notifications -> 201 (77ms) [prasanna]
2026-10-07 17:19:18,171 | INFO | POST /api/auth/notifications/ntf_c93797ad1d27/reply -> 201 (154ms) [John Dev]
2026-10-07 17:19:18,697 | INFO | POST /api/leads/import -> 403 (0ms) [Jane Employee]
2026-10-07 17:19:20,594 | INFO | POST /api/leads/import -> 201 (1355ms) [prasanna]
2026-10-07 17:19:21,192 | INFO | GET /api/leads -> 200 (0ms) [prasanna]
2026-10-07 17:19:21,194 | INFO | GET /api/leads -> 200 (0ms) [Jane Employee]
2026-10-07 17:19:21,197 | INFO | POST /api/leads/import -> 422 (1ms) [prasanna]
2026-10-07 17:19:21,705 | INFO | POST /api/leads/import -> 422 (0ms) [prasanna]
2026-10-07 17:19:22,918 | INFO | POST /api/leads/import -> 201 (676ms) [prasanna]
2026-10-07 17:19:23,473 | INFO | GET /api/companies -> 200 (0ms) [prasanna]
2026-10-07 17:19:23,474 | INFO | GET /api/leads -> 200 (0ms) [prasanna]
2026-10-07 17:19:24,134 | INFO | DELETE /api/leads/lead_a5ddaaf126ed -> 200 (657ms) [prasanna]
2026-10-07 17:19:25,242 | INFO | DELETE /api/leads/lead_26d56a7423dd -> 200 (588ms) [prasanna]
2026-10-07 17:19:26,587 | INFO | DELETE /api/leads/lead_7c95b355b0e2 -> 200 (722ms) [prasanna]
2026-10-07 17:19:27,215 | INFO | GET /api/leads -> 200 (1ms) [prasanna]
2026-10-07 17:19:27,848 | INFO | DELETE /api/companies/cmp_67b4f5859c6f -> 200 (628ms) [prasanna]
2026-10-07 17:19:29,378 | INFO | DELETE /api/employees/emp_3ecbab6658f7 -> 200 (874ms) [prasanna]
2026-10-07 17:19:30,574 | INFO | DELETE /api/employees/emp_85add2297794 -> 200 (602ms) [prasanna]
2026-10-07 17:19:32,700 | INFO | GET /pages/projects.html -> 304 (0ms) [anonymous]
2026-10-07 17:19:32,727 | INFO | GET /css/style.css -> 304 (0ms) [anonymous]
2026-10-07 17:19:32,737 | INFO | GET /css/dashboard.css -> 304 (0ms) [anonymous]
2026-10-07 17:19:32,740 | INFO | GET /css/responsive.css -> 304 (1ms) [anonymous]
2026-10-07 17:19:32,743 | INFO | GET /js/auth.js -> 304 (3ms) [anonymous]
2026-10-07 17:19:32,743 | INFO | GET /js/projects.js -> 200 (0ms) [anonymous]
2026-10-07 17:19:32,783 | INFO | GET /components/footer.html -> 304 (1ms) [anonymous]
2026-10-07 17:19:32,783 | INFO | GET /components/sidebar.html -> 304 (2ms) [anonymous]
2026-10-07 17:19:32,784 | INFO | GET /components/navbar.html -> 304 (1ms) [anonymous]
2026-10-07 17:19:32,789 | INFO | GET /components/modals.html -> 304 (4ms) [anonymous]
2026-10-07 17:19:32,812 | INFO | GET /api/auth/notifications -> 200 (0ms) [prasanna]
2026-10-07 17:19:32,814 | INFO | GET /api/companies -> 200 (0ms) [prasanna]
2026-10-07 17:19:32,816 | INFO | GET /api/employees -> 200 (0ms) [prasanna]
2026-10-07 17:19:32,828 | INFO | GET /api/developers -> 200 (0ms) [prasanna]
2026-10-07 17:19:32,841 | INFO | GET /api/projects -> 200 (0ms) [prasanna]
2026-10-07 17:19:49,390 | INFO | CRM backend ready on http://0.0.0.0:5001
2026-10-07 17:19:50,316 | INFO | GET /health -> 200 (0ms) [anonymous]
2026-10-07 17:19:50,384 | INFO | GET /pages/developers.html -> 404 (0ms) [anonymous]
2026-10-07 17:19:50,450 | INFO | POST /api/auth/login -> 401 (0ms) [anonymous]
2026-10-07 17:19:50,565 | INFO | POST /api/leads -> 401 (0ms) [anonymous]
2026-10-07 17:19:50,581 | INFO | DELETE /api/leads/ -> 404 (0ms) [anonymous]
2026-10-07 17:19:50,592 | INFO | GET /components/sidebar.html -> 200 (0ms) [anonymous]
2026-10-07 17:24:35,791 | INFO | GET /pages/projects.html -> 200 (0ms) [anonymous]
2026-10-07 17:25:16,014 | INFO | GET /pages/projects.html -> 200 (0ms) [anonymous]
2026-10-07 17:25:16,035 | INFO | GET /css/style.css -> 304 (1ms) [anonymous]
2026-10-07 17:25:16,039 | INFO | GET /css/dashboard.css -> 304 (0ms) [anonymous]
2026-10-07 17:25:16,047 | INFO | GET /js/auth.js -> 304 (2ms) [anonymous]
2026-10-07 17:25:16,049 | INFO | GET /css/responsive.css -> 304 (0ms) [anonymous]
2026-10-07 17:25:16,053 | INFO | GET /js/projects.js -> 304 (0ms) [anonymous]
2026-10-07 17:25:16,079 | INFO | GET /components/sidebar.html -> 304 (1ms) [anonymous]
2026-10-07 17:25:16,082 | INFO | GET /components/navbar.html -> 304 (4ms) [anonymous]
2026-10-07 17:25:16,087 | INFO | GET /components/modals.html -> 304 (1ms) [anonymous]
2026-10-07 17:25:16,088 | INFO | GET /components/footer.html -> 304 (2ms) [anonymous]
2026-10-07 17:25:16,111 | INFO | GET /api/auth/notifications -> 200 (0ms) [prasanna]
2026-10-07 17:25:16,115 | INFO | GET /api/companies -> 200 (0ms) [prasanna]
2026-10-07 17:25:16,118 | INFO | GET /api/employees -> 200 (0ms) [prasanna]
2026-10-07 17:25:16,120 | INFO | GET /api/developers -> 200 (0ms) [prasanna]
2026-10-07 17:25:16,140 | INFO | GET /api/projects -> 200 (0ms) [prasanna]
2026-10-07 17:27:20,079 | INFO | POST /api/auth/login -> 200 (635ms) [anonymous]
2026-10-07 17:27:20,111 | INFO | GET /api/employees -> 200 (1ms) [prasanna]
2026-10-07 17:28:01,247 | INFO | POST /api/auth/login -> 200 (608ms) [anonymous]
2026-10-07 17:28:01,281 | INFO | GET /api/companies -> 200 (0ms) [prasanna]
2026-10-07 17:28:01,303 | INFO | GET /api/employees -> 200 (0ms) [prasanna]
2026-10-07 17:28:01,311 | INFO | GET /api/developers -> 200 (0ms) [prasanna]
2026-10-07 17:28:27,726 | INFO | POST /api/auth/login -> 200 (679ms) [anonymous]
2026-10-07 17:28:27,756 | INFO | GET /api/employees -> 200 (0ms) [prasanna]
2026-10-07 17:28:28,485 | INFO | POST /api/projects -> 201 (690ms) [prasanna]
2026-10-07 17:28:29,064 | INFO | GET /api/projects -> 200 (0ms) [prasanna]
2026-10-07 17:28:29,711 | INFO | DELETE /api/projects/prj_498746d5aec2 -> 200 (634ms) [prasanna]
2026-10-07 17:36:15,384 | INFO | GET /pages/projects.html -> 200 (0ms) [anonymous]
2026-10-07 17:36:15,417 | INFO | GET /css/style.css -> 304 (1ms) [anonymous]
2026-10-07 17:36:15,434 | INFO | GET /css/responsive.css -> 304 (1ms) [anonymous]
2026-10-07 17:36:15,446 | INFO | GET /css/dashboard.css -> 304 (3ms) [anonymous]
2026-10-07 17:36:15,448 | INFO | GET /js/projects.js -> 200 (0ms) [anonymous]
2026-10-07 17:36:15,449 | INFO | GET /js/auth.js -> 304 (4ms) [anonymous]
2026-10-07 17:36:15,473 | INFO | GET /components/sidebar.html -> 304 (0ms) [anonymous]
2026-10-07 17:36:15,477 | INFO | GET /components/navbar.html -> 304 (1ms) [anonymous]
2026-10-07 17:36:15,483 | INFO | GET /components/footer.html -> 304 (2ms) [anonymous]
2026-10-07 17:36:15,483 | INFO | GET /components/modals.html -> 304 (1ms) [anonymous]
2026-10-07 17:36:15,516 | INFO | GET /api/auth/notifications -> 200 (0ms) [prasanna]
2026-10-07 17:36:15,520 | INFO | GET /api/companies -> 200 (0ms) [prasanna]
2026-10-07 17:36:15,522 | INFO | GET /api/employees -> 200 (0ms) [prasanna]
2026-10-07 17:36:15,530 | INFO | GET /api/developers -> 200 (0ms) [prasanna]
2026-10-07 17:36:15,547 | INFO | GET /api/projects -> 200 (0ms) [prasanna]
2026-10-07 17:36:16,894 | INFO | GET /pages/projects.html -> 304 (0ms) [anonymous]
2026-10-07 17:36:16,921 | INFO | GET /css/style.css -> 304 (0ms) [anonymous]
2026-10-07 17:36:16,928 | INFO | GET /css/dashboard.css -> 304 (1ms) [anonymous]
2026-10-07 17:36:16,934 | INFO | GET /css/responsive.css -> 304 (3ms) [anonymous]
2026-10-07 17:36:16,936 | INFO | GET /js/auth.js -> 304 (3ms) [anonymous]
2026-10-07 17:36:16,936 | INFO | GET /js/projects.js -> 304 (0ms) [anonymous]
2026-10-07 17:36:16,976 | INFO | GET /components/navbar.html -> 304 (4ms) [anonymous]
2026-10-07 17:36:16,982 | INFO | GET /components/sidebar.html -> 304 (2ms) [anonymous]
2026-10-07 17:36:16,987 | INFO | GET /components/footer.html -> 304 (5ms) [anonymous]
2026-10-07 17:36:16,988 | INFO | GET /components/modals.html -> 304 (2ms) [anonymous]
2026-10-07 17:36:17,018 | INFO | GET /api/auth/notifications -> 200 (0ms) [prasanna]
2026-10-07 17:36:17,020 | INFO | GET /api/companies -> 200 (0ms) [prasanna]
2026-10-07 17:36:17,021 | INFO | GET /api/employees -> 200 (0ms) [prasanna]
2026-10-07 17:36:17,037 | INFO | GET /api/developers -> 200 (0ms) [prasanna]
2026-10-07 17:36:17,060 | INFO | GET /api/projects -> 200 (0ms) [prasanna]
2026-10-07 17:36:33,050 | INFO | CRM backend ready on http://0.0.0.0:5000
2026-10-07 17:36:34,004 | INFO | CRM backend ready on http://0.0.0.0:5000
2026-10-07 17:36:34,017 | INFO | GET /health -> 200 (0ms) [anonymous]
2026-10-07 17:36:34,018 | INFO | POST /api/auth/login -> 401 (0ms) [anonymous]
2026-10-07 17:36:34,780 | INFO | POST /api/auth/login -> 200 (761ms) [anonymous]
2026-10-07 17:36:34,782 | INFO | GET /api/auth/me -> 200 (0ms) [prasanna]
2026-10-07 17:36:34,783 | INFO | GET /api/leads -> 401 (0ms) [anonymous]
2026-10-07 17:36:35,538 | INFO | POST /api/employees -> 201 (753ms) [prasanna]
2026-10-07 17:36:36,861 | INFO | POST /api/employees -> 201 (796ms) [prasanna]
2026-10-07 17:36:37,469 | INFO | GET /api/employees -> 200 (0ms) [prasanna]
2026-10-07 17:36:38,169 | INFO | POST /api/companies -> 201 (698ms) [prasanna]
2026-10-07 17:36:39,589 | INFO | POST /api/leads -> 201 (694ms) [prasanna]
2026-10-07 17:36:40,154 | INFO | GET /api/leads/lead_eb1e69c49d2a -> 200 (0ms) [prasanna]
2026-10-07 17:36:40,223 | INFO | POST /api/leads/lead_eb1e69c49d2a/followups -> 201 (65ms) [prasanna]
2026-10-07 17:36:40,894 | INFO | POST /api/leads/lead_eb1e69c49d2a/calls -> 201 (70ms) [prasanna]
2026-10-07 17:36:41,820 | INFO | GET /api/followups -> 200 (0ms) [prasanna]
2026-10-07 17:36:41,821 | INFO | GET /api/calls -> 200 (0ms) [prasanna]
2026-10-07 17:36:42,465 | INFO | POST /api/developers -> 201 (642ms) [prasanna]
2026-10-07 17:36:43,723 | INFO | POST /api/projects -> 201 (686ms) [prasanna]
2026-10-07 17:36:44,326 | INFO | POST /api/projects/prj_e4b3aee708d9/tasks -> 201 (28ms) [prasanna]
2026-10-07 17:36:44,977 | INFO | PUT /api/projects/tasks/tsk_482f5a5ed79d -> 200 (71ms) [prasanna]
2026-10-07 17:39:10,788 | INFO | GET /api/projects/prj_0c5742f73a23 -> 200 (0ms) [prasanna]
2026-10-07 17:39:27,971 | INFO | GET /api/employees/emp_4b8371d9a570 -> 200 (0ms) [prasanna]
2026-10-07 17:39:29,476 | INFO | CRM backend ready on http://0.0.0.0:5000
2026-10-07 17:39:29,786 | INFO | CRM backend ready on http://0.0.0.0:5000
2026-10-07 17:39:29,800 | INFO | GET /health -> 200 (0ms) [anonymous]
2026-10-07 17:39:29,802 | INFO | POST /api/auth/login -> 401 (0ms) [anonymous]
2026-10-07 17:39:30,016 | INFO | POST /api/auth/login -> 200 (213ms) [anonymous]
2026-10-07 17:39:30,017 | INFO | GET /api/auth/me -> 200 (0ms) [prasanna]
2026-10-07 17:39:30,018 | INFO | GET /api/leads -> 401 (0ms) [anonymous]
2026-10-07 17:39:30,209 | INFO | POST /api/employees -> 201 (189ms) [prasanna]
2026-10-07 17:39:30,454 | INFO | POST /api/employees -> 201 (205ms) [prasanna]
2026-10-07 17:39:30,501 | INFO | GET /api/employees -> 200 (0ms) [prasanna]
2026-10-07 17:39:30,579 | INFO | POST /api/companies -> 201 (76ms) [prasanna]
2026-10-07 17:39:30,689 | INFO | POST /api/leads -> 201 (69ms) [prasanna]
2026-10-07 17:39:30,734 | INFO | GET /api/leads/lead_95bff428a54b -> 200 (0ms) [prasanna]
2026-10-07 17:39:30,803 | INFO | POST /api/leads/lead_95bff428a54b/followups -> 201 (67ms) [prasanna]
2026-10-07 17:39:30,925 | INFO | POST /api/leads/lead_95bff428a54b/calls -> 201 (82ms) [prasanna]
2026-10-07 17:39:30,976 | INFO | GET /api/followups -> 200 (0ms) [prasanna]
2026-10-07 17:39:30,978 | INFO | GET /api/calls -> 200 (0ms) [prasanna]
2026-10-07 17:39:31,057 | INFO | POST /api/developers -> 201 (78ms) [prasanna]
2026-10-07 17:39:31,272 | INFO | POST /api/projects -> 201 (173ms) [prasanna]
2026-10-07 17:39:31,349 | INFO | POST /api/projects/prj_18d06be4cc6e/tasks -> 201 (30ms) [prasanna]
2026-10-07 17:39:31,527 | INFO | PUT /api/projects/tasks/tsk_ce3aec103190 -> 200 (82ms) [prasanna]
2026-10-07 17:39:31,635 | INFO | POST /api/projects/prj_18d06be4cc6e/updates -> 201 (61ms) [prasanna]
2026-10-07 17:39:31,812 | INFO | POST /api/projects/prj_18d06be4cc6e/assignments -> 201 (116ms) [prasanna]
2026-10-07 17:39:31,852 | INFO | GET /api/developers/dev_7d12bca8a197 -> 200 (0ms) [prasanna]
2026-10-07 17:39:31,967 | INFO | POST /api/projects/prj_18d06be4cc6e/members -> 201 (113ms) [prasanna]
2026-10-07 17:39:32,012 | INFO | POST /api/projects/prj_18d06be4cc6e/members -> 422 (0ms) [prasanna]
2026-10-07 17:39:32,051 | INFO | POST /api/projects/prj_18d06be4cc6e/members -> 404 (0ms) [prasanna]
2026-10-07 17:40:07,847 | INFO | CRM backend ready on http://0.0.0.0:5000
2026-10-07 17:40:08,157 | INFO | CRM backend ready on http://0.0.0.0:5000
2026-10-07 17:40:08,173 | INFO | GET /health -> 200 (1ms) [anonymous]
2026-10-07 17:40:08,174 | INFO | POST /api/auth/login -> 401 (0ms) [anonymous]
2026-10-07 17:40:08,325 | INFO | POST /api/auth/login -> 200 (150ms) [anonymous]
2026-10-07 17:40:08,327 | INFO | GET /api/auth/me -> 200 (0ms) [prasanna]
2026-10-07 17:40:08,328 | INFO | GET /api/leads -> 401 (0ms) [anonymous]
2026-10-07 17:40:08,510 | INFO | POST /api/employees -> 201 (181ms) [prasanna]
2026-10-07 17:40:08,790 | INFO | POST /api/employees -> 201 (237ms) [prasanna]
2026-10-07 17:40:08,837 | INFO | GET /api/employees -> 200 (0ms) [prasanna]
2026-10-07 17:40:08,918 | INFO | POST /api/companies -> 201 (79ms) [prasanna]
2026-10-07 17:40:09,034 | INFO | POST /api/leads -> 201 (69ms) [prasanna]
2026-10-07 17:40:09,080 | INFO | GET /api/leads/lead_1035c9539c61 -> 200 (0ms) [prasanna]
2026-10-07 17:40:09,150 | INFO | POST /api/leads/lead_1035c9539c61/followups -> 201 (68ms) [prasanna]
2026-10-07 17:40:09,280 | INFO | POST /api/leads/lead_1035c9539c61/calls -> 201 (62ms) [prasanna]
2026-10-07 17:40:09,329 | INFO | GET /api/followups -> 200 (0ms) [prasanna]
2026-10-07 17:40:09,331 | INFO | GET /api/calls -> 200 (0ms) [prasanna]
2026-10-07 17:40:09,415 | INFO | POST /api/developers -> 201 (83ms) [prasanna]
2026-10-07 17:40:09,614 | INFO | POST /api/projects -> 201 (151ms) [prasanna]
2026-10-07 17:40:09,692 | INFO | POST /api/projects/prj_ffa3d3dd2b69/tasks -> 201 (28ms) [prasanna]
2026-10-07 17:40:09,826 | INFO | PUT /api/projects/tasks/tsk_6db94e8ac0e5 -> 200 (83ms) [prasanna]
2026-10-07 17:40:09,946 | INFO | POST /api/projects/prj_ffa3d3dd2b69/updates -> 201 (67ms) [prasanna]
2026-10-07 17:40:10,105 | INFO | POST /api/projects/prj_ffa3d3dd2b69/assignments -> 201 (106ms) [prasanna]
2026-10-07 17:40:10,205 | INFO | GET /api/developers/dev_4e63f97e8f6c -> 200 (0ms) [prasanna]
2026-10-07 17:40:10,341 | INFO | POST /api/projects/prj_ffa3d3dd2b69/members -> 201 (133ms) [prasanna]
2026-10-07 17:40:10,395 | INFO | POST /api/projects/prj_ffa3d3dd2b69/members -> 422 (0ms) [prasanna]
2026-10-07 17:40:10,451 | INFO | POST /api/projects/prj_ffa3d3dd2b69/members -> 404 (0ms) [prasanna]
2026-10-07 17:41:07,997 | INFO | GET /pages/reports.html -> 304 (0ms) [anonymous]
2026-10-07 17:41:08,016 | INFO | GET /css/style.css -> 304 (2ms) [anonymous]
2026-10-07 17:41:08,029 | INFO | GET /css/dashboard.css -> 304 (1ms) [anonymous]
2026-10-07 17:41:08,031 | INFO | GET /css/responsive.css -> 304 (2ms) [anonymous]
2026-10-07 17:41:08,034 | INFO | GET /js/reports.js -> 304 (1ms) [anonymous]
2026-10-07 17:41:08,035 | INFO | GET /js/auth.js -> 304 (4ms) [anonymous]
2026-10-07 17:41:08,054 | INFO | GET /components/sidebar.html -> 304 (0ms) [anonymous]
2026-10-07 17:41:08,058 | INFO | GET /components/navbar.html -> 304 (0ms) [anonymous]
2026-10-07 17:41:08,073 | INFO | GET /components/footer.html -> 304 (0ms) [anonymous]
2026-10-07 17:41:08,089 | INFO | GET /api/auth/notifications -> 200 (0ms) [prasanna]
2026-10-07 17:41:08,092 | INFO | GET /api/reports/summary -> 200 (0ms) [prasanna]
2026-10-07 17:41:08,094 | INFO | GET /api/reports/dashboard -> 200 (0ms) [prasanna]
2026-10-07 17:41:08,102 | INFO | GET /api/reports/activity -> 200 (4ms) [prasanna]
2026-10-07 17:41:08,113 | INFO | GET /api/reports/export -> 200 (0ms) [prasanna]
2026-10-07 17:41:08,246 | INFO | GET /api/reports/monthly -> 200 (126ms) [prasanna]
2026-10-07 17:41:08,401 | INFO | GET /api/reports/powerbi -> 200 (273ms) [prasanna]
2026-10-07 17:41:10,190 | INFO | GET /pages/projects.html -> 304 (0ms) [anonymous]
2026-10-07 17:41:10,211 | INFO | GET /css/style.css -> 304 (1ms) [anonymous]
2026-10-07 17:41:10,218 | INFO | GET /js/auth.js -> 304 (1ms) [anonymous]
2026-10-07 17:41:10,222 | INFO | GET /css/responsive.css -> 304 (1ms) [anonymous]
2026-10-07 17:41:10,225 | INFO | GET /css/dashboard.css -> 304 (0ms) [anonymous]
2026-10-07 17:41:10,227 | INFO | GET /js/projects.js -> 304 (0ms) [anonymous]
2026-10-07 17:41:10,253 | INFO | GET /components/navbar.html -> 304 (0ms) [anonymous]
2026-10-07 17:41:10,254 | INFO | GET /components/sidebar.html -> 304 (3ms) [anonymous]
2026-10-07 17:41:10,261 | INFO | GET /components/footer.html -> 304 (0ms) [anonymous]
2026-10-07 17:41:10,271 | INFO | GET /components/modals.html -> 304 (2ms) [anonymous]
2026-10-07 17:41:10,283 | INFO | GET /api/auth/notifications -> 200 (0ms) [prasanna]
2026-10-07 17:41:10,287 | INFO | GET /api/companies -> 200 (1ms) [prasanna]
2026-10-07 17:41:10,291 | INFO | GET /api/employees -> 200 (0ms) [prasanna]
2026-10-07 17:41:10,295 | INFO | GET /api/developers -> 200 (0ms) [prasanna]
2026-10-07 17:41:10,312 | INFO | GET /api/projects -> 200 (0ms) [prasanna]
2026-10-07 17:41:20,409 | INFO | GET /pages/employees.html -> 304 (0ms) [anonymous]
2026-10-07 17:41:20,425 | INFO | GET /css/style.css -> 304 (0ms) [anonymous]
2026-10-07 17:41:20,435 | INFO | GET /js/auth.js -> 304 (1ms) [anonymous]
2026-10-07 17:41:20,437 | INFO | GET /css/responsive.css -> 304 (1ms) [anonymous]
2026-10-07 17:41:20,441 | INFO | GET /css/dashboard.css -> 304 (1ms) [anonymous]
2026-10-07 17:41:20,443 | INFO | GET /js/employees.js -> 304 (0ms) [anonymous]
2026-10-07 17:41:20,482 | INFO | GET /components/navbar.html -> 304 (3ms) [anonymous]
2026-10-07 17:41:20,484 | INFO | GET /components/sidebar.html -> 304 (2ms) [anonymous]
2026-10-07 17:41:20,485 | INFO | GET /components/footer.html -> 304 (1ms) [anonymous]
2026-10-07 17:41:20,487 | INFO | GET /components/modals.html -> 304 (2ms) [anonymous]
2026-10-07 17:41:20,506 | INFO | GET /api/auth/notifications -> 200 (0ms) [prasanna]
2026-10-07 17:41:20,508 | INFO | GET /api/roles -> 200 (0ms) [prasanna]
2026-10-07 17:41:20,523 | INFO | GET /api/employees -> 200 (0ms) [prasanna]
2026-10-07 17:41:20,526 | INFO | GET /api/employees -> 200 (0ms) [prasanna]
2026-10-07 17:41:37,448 | INFO | DELETE /api/employees/emp_cc655a30b4c3 -> 200 (72ms) [prasanna]
2026-10-07 17:41:37,507 | INFO | GET /api/employees -> 200 (0ms) [prasanna]
2026-10-07 17:41:37,509 | INFO | GET /api/employees -> 200 (1ms) [prasanna]
2026-10-07 17:41:43,467 | INFO | DELETE /api/employees/emp_599326913df6 -> 200 (96ms) [prasanna]
2026-10-07 17:41:43,523 | INFO | GET /api/employees -> 200 (0ms) [prasanna]
2026-10-07 17:41:43,525 | INFO | GET /api/employees -> 200 (0ms) [prasanna]
2026-10-07 17:41:50,020 | INFO | DELETE /api/employees/emp_9dcb00f919e2 -> 200 (93ms) [prasanna]
2026-10-07 17:41:50,075 | INFO | GET /api/employees -> 200 (0ms) [prasanna]
2026-10-07 17:41:50,079 | INFO | GET /api/employees -> 200 (0ms) [prasanna]
2026-10-07 17:41:54,810 | INFO | DELETE /api/employees/emp_667d67410f05 -> 200 (87ms) [prasanna]
2026-10-07 17:41:54,868 | INFO | GET /api/employees -> 200 (1ms) [prasanna]
2026-10-07 17:41:54,872 | INFO | GET /api/employees -> 200 (1ms) [prasanna]
2026-10-07 17:42:55,821 | INFO | CRM backend ready on http://0.0.0.0:5000
2026-10-07 17:42:56,119 | INFO | CRM backend ready on http://0.0.0.0:5000
2026-10-07 17:42:56,130 | INFO | GET /health -> 200 (0ms) [anonymous]
2026-10-07 17:42:56,132 | INFO | POST /api/auth/login -> 401 (0ms) [anonymous]
2026-10-07 17:42:56,277 | INFO | POST /api/auth/login -> 200 (144ms) [anonymous]
2026-10-07 17:42:56,278 | INFO | GET /api/auth/me -> 200 (0ms) [prasanna]
2026-10-07 17:42:56,279 | INFO | GET /api/leads -> 401 (0ms) [anonymous]
2026-10-07 17:42:56,463 | INFO | POST /api/employees -> 201 (183ms) [prasanna]
2026-10-07 17:42:56,700 | INFO | POST /api/employees -> 201 (187ms) [prasanna]
2026-10-07 17:42:56,749 | INFO | GET /api/employees -> 200 (1ms) [prasanna]
2026-10-07 17:42:56,848 | INFO | POST /api/companies -> 201 (98ms) [prasanna]
2026-10-07 17:42:56,974 | INFO | POST /api/leads -> 201 (74ms) [prasanna]
2026-10-07 17:42:57,022 | INFO | GET /api/leads/lead_41908d3ccd50 -> 200 (0ms) [prasanna]
2026-10-07 17:42:57,085 | INFO | POST /api/leads/lead_41908d3ccd50/followups -> 201 (61ms) [prasanna]
2026-10-07 17:42:57,198 | INFO | POST /api/leads/lead_41908d3ccd50/calls -> 201 (57ms) [prasanna]
2026-10-07 17:42:57,253 | INFO | GET /api/followups -> 200 (0ms) [prasanna]
2026-10-07 17:42:57,254 | INFO | GET /api/calls -> 200 (0ms) [prasanna]
2026-10-07 17:42:57,345 | INFO | POST /api/developers -> 201 (88ms) [prasanna]
2026-10-07 17:42:57,540 | INFO | POST /api/projects -> 201 (143ms) [prasanna]
2026-10-07 17:42:57,617 | INFO | POST /api/projects/prj_8e72fae157f6/tasks -> 201 (22ms) [prasanna]
2026-10-07 17:42:57,757 | INFO | PUT /api/projects/tasks/tsk_6eee3df862ab -> 200 (79ms) [prasanna]
2026-10-07 17:42:57,872 | INFO | POST /api/projects/prj_8e72fae157f6/updates -> 201 (58ms) [prasanna]
2026-10-07 17:42:58,023 | INFO | POST /api/projects/prj_8e72fae157f6/assignments -> 201 (95ms) [prasanna]
2026-10-07 17:42:58,077 | INFO | GET /api/developers/dev_47f5853a8107 -> 200 (0ms) [prasanna]
2026-10-07 17:42:58,177 | INFO | POST /api/projects/prj_8e72fae157f6/members -> 201 (99ms) [prasanna]
2026-10-07 17:42:58,231 | INFO | POST /api/projects/prj_8e72fae157f6/members -> 422 (0ms) [prasanna]
2026-10-07 17:42:58,283 | INFO | POST /api/projects/prj_8e72fae157f6/members -> 404 (0ms) [prasanna]
2026-10-07 17:43:00,463 | INFO | DELETE /api/employees/emp_a9da09d1b710 -> 200 (179ms) [prasanna]
2026-10-07 17:43:00,548 | INFO | GET /api/employees -> 200 (0ms) [prasanna]
2026-10-07 17:43:00,552 | INFO | GET /api/employees -> 200 (0ms) [prasanna]
2026-10-07 17:43:05,314 | INFO | DELETE /api/employees/emp_7f0d8cba5806 -> 200 (91ms) [prasanna]
2026-10-07 17:43:05,379 | INFO | GET /api/employees -> 200 (0ms) [prasanna]
2026-10-07 17:43:05,382 | INFO | GET /api/employees -> 200 (0ms) [prasanna]
2026-10-07 17:43:08,641 | INFO | DELETE /api/employees/emp_57a9cd484561 -> 200 (97ms) [prasanna]
2026-10-07 17:43:08,716 | INFO | GET /api/employees -> 200 (0ms) [prasanna]
2026-10-07 17:43:08,719 | INFO | GET /api/employees -> 200 (1ms) [prasanna]
2026-10-07 17:43:14,580 | INFO | DELETE /api/employees/emp_89b8087e79aa -> 200 (101ms) [prasanna]
2026-10-07 17:43:14,651 | INFO | GET /api/employees -> 200 (0ms) [prasanna]
2026-10-07 17:43:14,654 | INFO | GET /api/employees -> 200 (0ms) [prasanna]
2026-10-07 17:43:18,126 | INFO | DELETE /api/employees/emp_4b8371d9a570 -> 200 (97ms) [prasanna]
2026-10-07 17:43:18,195 | INFO | GET /api/employees -> 200 (0ms) [prasanna]
2026-10-07 17:43:18,197 | INFO | GET /api/employees -> 200 (0ms) [prasanna]
2026-10-07 17:43:21,929 | INFO | DELETE /api/employees/emp_84eec4f0320e -> 200 (96ms) [prasanna]
2026-10-07 17:43:22,001 | INFO | GET /api/employees -> 200 (0ms) [prasanna]
2026-10-07 17:43:22,004 | INFO | GET /api/employees -> 200 (0ms) [prasanna]
2026-10-07 17:43:26,213 | INFO | GET /pages/companies.html -> 304 (0ms) [anonymous]
2026-10-07 17:43:26,240 | INFO | GET /css/style.css -> 304 (0ms) [anonymous]
2026-10-07 17:43:26,245 | INFO | GET /css/dashboard.css -> 304 (1ms) [anonymous]
2026-10-07 17:43:26,250 | INFO | GET /css/responsive.css -> 304 (0ms) [anonymous]
2026-10-07 17:43:26,258 | INFO | GET /js/auth.js -> 304 (2ms) [anonymous]
2026-10-07 17:43:26,259 | INFO | GET /js/leads.js -> 304 (1ms) [anonymous]
2026-10-07 17:43:26,291 | INFO | GET /components/navbar.html -> 304 (0ms) [anonymous]
2026-10-07 17:43:26,292 | INFO | GET /components/sidebar.html -> 304 (2ms) [anonymous]
2026-10-07 17:43:26,295 | INFO | GET /components/modals.html -> 304 (1ms) [anonymous]
2026-10-07 17:43:26,295 | INFO | GET /components/footer.html -> 304 (2ms) [anonymous]
2026-10-07 17:43:26,326 | INFO | GET /api/auth/notifications -> 200 (0ms) [prasanna]
2026-10-07 17:43:26,328 | INFO | GET /api/companies -> 200 (1ms) [prasanna]
2026-10-07 17:43:30,710 | INFO | GET /pages/leads.html -> 304 (0ms) [anonymous]
2026-10-07 17:43:30,729 | INFO | GET /css/style.css -> 304 (0ms) [anonymous]
2026-10-07 17:43:30,736 | INFO | GET /css/dashboard.css -> 304 (0ms) [anonymous]
2026-10-07 17:43:30,738 | INFO | GET /css/responsive.css -> 304 (1ms) [anonymous]
2026-10-07 17:43:30,744 | INFO | GET /js/auth.js -> 304 (3ms) [anonymous]
2026-10-07 17:43:30,744 | INFO | GET /js/leads.js -> 304 (2ms) [anonymous]
2026-10-07 17:43:30,769 | INFO | GET /components/navbar.html -> 304 (0ms) [anonymous]
2026-10-07 17:43:30,771 | INFO | GET /components/sidebar.html -> 304 (2ms) [anonymous]
2026-10-07 17:43:30,779 | INFO | GET /components/footer.html -> 304 (5ms) [anonymous]
2026-10-07 17:43:30,791 | INFO | GET /components/modals.html -> 304 (0ms) [anonymous]
2026-10-07 17:43:30,802 | INFO | GET /api/auth/notifications -> 200 (0ms) [prasanna]
2026-10-07 17:43:30,804 | INFO | GET /api/leads -> 200 (0ms) [prasanna]
2026-10-07 17:43:35,243 | INFO | GET /pages/followups.html -> 304 (0ms) [anonymous]
2026-10-07 17:43:35,262 | INFO | GET /css/style.css -> 304 (0ms) [anonymous]
2026-10-07 17:43:35,270 | INFO | GET /js/leads.js -> 304 (1ms) [anonymous]
2026-10-07 17:43:35,272 | INFO | GET /js/auth.js -> 304 (0ms) [anonymous]
2026-10-07 17:43:35,276 | INFO | GET /css/responsive.css -> 304 (2ms) [anonymous]
2026-10-07 17:43:35,277 | INFO | GET /css/dashboard.css -> 304 (1ms) [anonymous]
2026-10-07 17:43:35,301 | INFO | GET /components/sidebar.html -> 304 (0ms) [anonymous]
2026-10-07 17:43:35,306 | INFO | GET /components/navbar.html -> 304 (3ms) [anonymous]
2026-10-07 17:43:35,308 | INFO | GET /components/footer.html -> 304 (3ms) [anonymous]
2026-10-07 17:43:35,310 | INFO | GET /components/modals.html -> 304 (2ms) [anonymous]
2026-10-07 17:43:35,333 | INFO | GET /api/auth/notifications -> 200 (0ms) [prasanna]
2026-10-07 17:43:35,335 | INFO | GET /api/employees -> 200 (0ms) [prasanna]
2026-10-07 17:43:35,338 | INFO | GET /api/employees -> 200 (0ms) [prasanna]
2026-10-07 17:43:35,340 | INFO | GET /api/followups -> 200 (0ms) [prasanna]
2026-10-07 17:43:46,540 | INFO | DELETE /api/followups/fup_cad63259ccbf -> 200 (42ms) [prasanna]
2026-10-07 17:43:46,631 | INFO | GET /api/followups -> 200 (0ms) [prasanna]
2026-10-07 17:43:50,268 | INFO | DELETE /api/followups/fup_2e80b8ef4aa2 -> 200 (41ms) [prasanna]
2026-10-07 17:43:50,343 | INFO | GET /api/followups -> 200 (0ms) [prasanna]
2026-10-07 17:43:53,929 | INFO | DELETE /api/followups/fup_300a4e69ed1f -> 200 (35ms) [prasanna]
2026-10-07 17:43:53,998 | INFO | GET /api/followups -> 200 (0ms) [prasanna]
2026-10-07 17:44:02,414 | INFO | DELETE /api/followups/fup_f004e4f7d819 -> 200 (40ms) [prasanna]
2026-10-07 17:44:02,487 | INFO | GET /api/followups -> 200 (0ms) [prasanna]
2026-10-07 17:44:07,656 | INFO | DELETE /api/followups/fup_5590ea769387 -> 200 (31ms) [prasanna]
2026-10-07 17:44:07,729 | INFO | GET /api/followups -> 200 (0ms) [prasanna]
2026-10-07 17:44:09,786 | INFO | CRM backend ready on http://0.0.0.0:5000
2026-10-07 17:44:10,093 | INFO | CRM backend ready on http://0.0.0.0:5000
2026-10-07 17:44:10,265 | INFO | POST /api/auth/login -> 200 (158ms) [anonymous]
2026-10-07 17:44:10,449 | INFO | POST /api/projects -> 201 (181ms) [prasanna]
2026-10-07 17:44:10,517 | INFO | GET /api/employees -> 200 (1ms) [prasanna]
2026-10-07 17:44:10,625 | INFO | POST /api/projects/prj_2f8f357f5d02/members -> 201 (106ms) [prasanna]
2026-10-07 17:44:10,691 | INFO | POST /api/projects/prj_2f8f357f5d02/members -> 404 (0ms) [prasanna]
2026-10-07 17:44:10,761 | INFO | POST /api/auth/login -> 400 (0ms) [anonymous]
2026-10-07 17:44:34,377 | INFO | GET /pages/admin-dashboard.html -> 304 (0ms) [anonymous]
2026-10-07 17:44:34,399 | INFO | GET /css/style.css -> 304 (0ms) [anonymous]
2026-10-07 17:44:34,409 | INFO | GET /css/dashboard.css -> 304 (2ms) [anonymous]
2026-10-07 17:44:34,410 | INFO | GET /css/responsive.css -> 304 (0ms) [anonymous]
2026-10-07 17:44:34,412 | INFO | GET /js/auth.js -> 304 (0ms) [anonymous]
2026-10-07 17:44:34,414 | INFO | GET /js/dashboard.js -> 304 (0ms) [anonymous]
2026-10-07 17:44:34,450 | INFO | GET /components/sidebar.html -> 304 (3ms) [anonymous]
2026-10-07 17:44:34,456 | INFO | GET /components/footer.html -> 304 (3ms) [anonymous]
2026-10-07 17:44:34,457 | INFO | GET /components/navbar.html -> 304 (6ms) [anonymous]
2026-10-07 17:44:34,460 | INFO | GET /components/modals.html -> 304 (1ms) [anonymous]
2026-10-07 17:44:34,486 | INFO | GET /api/auth/notifications -> 200 (0ms) [prasanna]
2026-10-07 17:44:34,495 | INFO | GET /api/reports/dashboard -> 200 (0ms) [prasanna]
2026-10-07 17:44:34,502 | INFO | GET /api/leads -> 200 (0ms) [prasanna]
2026-10-07 17:44:34,513 | INFO | GET /api/followups -> 200 (1ms) [prasanna]
2026-10-07 17:44:34,515 | INFO | GET /api/employees -> 200 (0ms) [prasanna]
2026-10-07 17:44:41,021 | INFO | GET /pages/leads.html -> 304 (0ms) [anonymous]
2026-10-07 17:44:41,044 | INFO | GET /css/style.css -> 304 (1ms) [anonymous]
2026-10-07 17:44:41,055 | INFO | GET /css/responsive.css -> 304 (4ms) [anonymous]
2026-10-07 17:44:41,055 | INFO | GET /js/auth.js -> 304 (6ms) [anonymous]
2026-10-07 17:44:41,059 | INFO | GET /css/dashboard.css -> 304 (4ms) [anonymous]
2026-10-07 17:44:41,059 | INFO | GET /js/leads.js -> 304 (2ms) [anonymous]
2026-10-07 17:44:41,086 | INFO | GET /components/sidebar.html -> 304 (0ms) [anonymous]
2026-10-07 17:44:41,104 | INFO | GET /components/navbar.html -> 304 (0ms) [anonymous]
2026-10-07 17:44:41,108 | INFO | GET /components/footer.html -> 304 (0ms) [anonymous]
2026-10-07 17:44:41,109 | INFO | GET /components/modals.html -> 304 (0ms) [anonymous]
2026-10-07 17:44:41,128 | INFO | GET /api/auth/notifications -> 200 (2ms) [prasanna]
2026-10-07 17:44:41,131 | INFO | GET /api/leads -> 200 (0ms) [prasanna]
2026-10-07 17:44:54,746 | INFO | CRM backend ready on http://0.0.0.0:5000
2026-10-07 17:44:55,103 | INFO | CRM backend ready on http://0.0.0.0:5000
2026-10-07 17:44:55,116 | INFO | GET /health -> 200 (0ms) [anonymous]
2026-10-07 17:44:55,118 | INFO | POST /api/auth/login -> 401 (0ms) [anonymous]
2026-10-07 17:44:55,283 | INFO | POST /api/auth/login -> 200 (163ms) [anonymous]
2026-10-07 17:44:55,285 | INFO | GET /api/auth/me -> 200 (0ms) [prasanna]
2026-10-07 17:44:55,286 | INFO | GET /api/leads -> 401 (0ms) [anonymous]
2026-10-07 17:44:55,500 | INFO | POST /api/employees -> 201 (212ms) [prasanna]
2026-10-07 17:44:55,813 | INFO | POST /api/employees -> 201 (213ms) [prasanna]
2026-10-07 17:44:55,879 | INFO | GET /api/employees -> 200 (0ms) [prasanna]
2026-10-07 17:44:55,990 | INFO | POST /api/companies -> 201 (110ms) [prasanna]
2026-10-07 17:44:56,236 | INFO | POST /api/leads -> 201 (126ms) [prasanna]
2026-10-07 17:44:56,304 | INFO | GET /api/leads/lead_8e954ba6d571 -> 200 (0ms) [prasanna]
2026-10-07 17:44:56,369 | INFO | POST /api/leads/lead_8e954ba6d571/followups -> 201 (64ms) [prasanna]
2026-10-07 17:44:56,504 | INFO | POST /api/leads/lead_8e954ba6d571/calls -> 201 (68ms) [prasanna]
2026-10-07 17:44:56,581 | INFO | GET /api/followups -> 200 (0ms) [prasanna]
2026-10-07 17:44:56,584 | INFO | GET /api/calls -> 200 (0ms) [prasanna]
2026-10-07 17:44:56,684 | INFO | POST /api/developers -> 201 (97ms) [prasanna]
2026-10-07 17:44:56,945 | INFO | POST /api/projects -> 201 (187ms) [prasanna]
2026-10-07 17:44:57,108 | INFO | POST /api/projects/prj_23aca55b32af/tasks -> 201 (44ms) [prasanna]
2026-10-07 17:44:57,295 | INFO | PUT /api/projects/tasks/tsk_64cd25eee935 -> 200 (75ms) [prasanna]
2026-10-07 17:44:57,465 | INFO | POST /api/projects/prj_23aca55b32af/updates -> 201 (67ms) [prasanna]
2026-10-07 17:44:57,649 | INFO | POST /api/projects/prj_23aca55b32af/assignments -> 201 (108ms) [prasanna]
2026-10-07 17:44:57,722 | INFO | GET /api/developers/dev_736cb9609628 -> 200 (0ms) [prasanna]
2026-10-07 17:44:57,846 | INFO | POST /api/projects/prj_23aca55b32af/members -> 201 (123ms) [prasanna]
2026-10-07 17:44:57,911 | INFO | DELETE /api/leads/lead_1035c9539c61 -> 200 (176ms) [prasanna]
2026-10-07 17:44:57,913 | INFO | POST /api/projects/prj_23aca55b32af/members -> 422 (0ms) [prasanna]
2026-10-07 17:44:57,987 | INFO | POST /api/projects/prj_23aca55b32af/members -> 404 (1ms) [prasanna]
2026-10-07 17:44:57,993 | INFO | GET /api/leads -> 200 (0ms) [prasanna]
2026-10-07 17:46:22,737 | INFO | CRM backend ready on http://0.0.0.0:5000
2026-10-07 17:46:23,180 | INFO | CRM backend ready on http://0.0.0.0:5000
2026-10-07 17:46:23,198 | INFO | GET /health -> 200 (0ms) [anonymous]
2026-10-07 17:46:23,200 | INFO | POST /api/auth/login -> 401 (0ms) [anonymous]
2026-10-07 17:46:23,345 | INFO | POST /api/auth/login -> 200 (142ms) [anonymous]
2026-10-07 17:46:23,347 | INFO | GET /api/auth/me -> 200 (0ms) [prasanna]
2026-10-07 17:46:23,349 | INFO | GET /api/leads -> 401 (0ms) [anonymous]
2026-10-07 17:46:23,563 | INFO | POST /api/employees -> 201 (211ms) [prasanna]
2026-10-07 17:46:23,829 | INFO | POST /api/employees -> 201 (224ms) [prasanna]
2026-10-07 17:46:23,868 | INFO | GET /api/employees -> 200 (1ms) [prasanna]
2026-10-07 17:46:23,945 | INFO | POST /api/companies -> 201 (75ms) [prasanna]
2026-10-07 17:46:24,063 | INFO | POST /api/leads -> 201 (78ms) [prasanna]
2026-10-07 17:46:24,105 | INFO | GET /api/leads/lead_6143a428eab8 -> 200 (1ms) [prasanna]
2026-10-07 17:46:24,180 | INFO | POST /api/leads/lead_6143a428eab8/followups -> 201 (73ms) [prasanna]
2026-10-07 17:46:24,298 | INFO | POST /api/leads/lead_6143a428eab8/calls -> 201 (75ms) [prasanna]
2026-10-07 17:46:24,342 | INFO | GET /api/followups -> 200 (0ms) [prasanna]
2026-10-07 17:46:24,344 | INFO | GET /api/calls -> 200 (1ms) [prasanna]
2026-10-07 17:46:24,415 | INFO | POST /api/developers -> 201 (69ms) [prasanna]
2026-10-07 17:46:24,684 | INFO | POST /api/projects -> 201 (193ms) [prasanna]
2026-10-07 17:46:24,761 | INFO | POST /api/projects/prj_3c3fc9439d46/tasks -> 201 (32ms) [prasanna]
2026-10-07 17:46:24,898 | INFO | PUT /api/projects/tasks/tsk_1e77ffd7285f -> 200 (85ms) [prasanna]
2026-10-07 17:46:25,017 | INFO | POST /api/projects/prj_3c3fc9439d46/updates -> 201 (74ms) [prasanna]
2026-10-07 17:46:25,196 | INFO | POST /api/projects/prj_3c3fc9439d46/assignments -> 201 (130ms) [prasanna]
2026-10-07 17:46:25,254 | INFO | GET /api/developers/dev_4b5d7696c6ee -> 200 (0ms) [prasanna]
2026-10-07 17:46:25,394 | INFO | POST /api/projects/prj_3c3fc9439d46/members -> 201 (138ms) [prasanna]
2026-10-07 17:46:25,442 | INFO | POST /api/projects/prj_3c3fc9439d46/members -> 422 (0ms) [prasanna]
2026-10-07 17:46:25,487 | INFO | POST /api/projects/prj_3c3fc9439d46/members -> 404 (0ms) [prasanna]
2026-10-07 17:46:25,692 | INFO | POST /api/auth/login -> 200 (158ms) [anonymous]
2026-10-07 17:46:26,105 | INFO | POST /api/auth/login -> 200 (411ms) [anonymous]
2026-10-07 17:46:26,292 | INFO | POST /api/projects/prj_3c3fc9439d46/members -> 201 (183ms) [Jane Employee]
2026-10-07 17:46:26,345 | INFO | POST /api/projects/prj_3c3fc9439d46/members -> 403 (0ms) [John Dev]
2026-10-07 17:46:26,392 | INFO | GET /api/projects/prj_3c3fc9439d46/members -> 200 (0ms) [John Dev]
2026-10-07 17:46:26,394 | INFO | GET /api/projects/prj_3c3fc9439d46 -> 200 (0ms) [prasanna]
2026-10-07 17:46:26,437 | INFO | PUT /api/projects/members/mem_7d7762dc78de/release -> 200 (41ms) [prasanna]
2026-10-07 17:46:26,749 | INFO | POST /api/projects/prj_3c3fc9439d46/members -> 201 (187ms) [prasanna]
2026-10-07 17:46:26,838 | INFO | DELETE /api/projects/members/mem_ec6bb3baab05 -> 200 (37ms) [prasanna]
2026-10-07 17:46:26,920 | INFO | DELETE /api/projects/members/mem_877df67eb34a -> 200 (33ms) [prasanna]
2026-10-07 17:46:26,964 | INFO | GET /api/reports/summary -> 200 (1ms) [prasanna]
2026-10-07 17:46:26,966 | INFO | GET /api/reports/dashboard -> 200 (0ms) [prasanna]
2026-10-07 17:46:27,047 | INFO | GET /api/reports/daily -> 200 (79ms) [prasanna]
2026-10-07 17:46:27,113 | INFO | GET /api/reports/weekly -> 200 (63ms) [prasanna]
2026-10-07 17:46:27,170 | INFO | GET /api/reports/monthly -> 200 (53ms) [prasanna]
2026-10-07 17:46:27,224 | INFO | GET /api/reports/yearly -> 200 (52ms) [prasanna]
2026-10-07 17:46:27,252 | INFO | GET /api/reports/export/leads -> 200 (26ms) [prasanna]
2026-10-07 17:46:27,361 | INFO | POST /api/reports/powerbi/export -> 200 (106ms) [prasanna]
2026-10-07 17:46:27,426 | INFO | GET /api/reports/activity -> 200 (0ms) [prasanna]
2026-10-07 17:46:27,652 | INFO | POST /api/auth/login -> 200 (224ms) [anonymous]
2026-10-07 17:46:27,654 | INFO | GET /api/employees -> 200 (0ms) [Jane Employee]
2026-10-07 17:46:27,656 | INFO | POST /api/employees -> 403 (0ms) [Jane Employee]
2026-10-07 17:46:27,723 | INFO | GET /api/reports/summary -> 200 (0ms) [Jane Employee]
2026-10-07 17:46:28,085 | INFO | POST /api/auth/login -> 200 (361ms) [anonymous]
2026-10-07 17:46:28,087 | INFO | GET /api/reports/summary -> 200 (0ms) [John Dev]
2026-10-07 17:46:28,102 | INFO | DELETE /api/leads/lead_6143a428eab8 -> 404 (0ms) [John Dev]
2026-10-07 17:46:28,174 | INFO | GET /api/roles -> 200 (1ms) [prasanna]
2026-10-07 17:46:28,270 | INFO | POST /api/roles -> 201 (94ms) [prasanna]
2026-10-07 17:46:28,345 | INFO | POST /api/roles -> 422 (0ms) [prasanna]
2026-10-07 17:46:28,775 | INFO | POST /api/employees -> 201 (370ms) [prasanna]
2026-10-07 17:46:28,849 | INFO | POST /api/employees -> 422 (0ms) [prasanna]
2026-10-07 17:46:29,190 | INFO | POST /api/auth/login -> 200 (276ms) [anonymous]
2026-10-07 17:46:29,192 | INFO | GET /api/leads -> 200 (0ms) [Rita Role]
2026-10-07 17:46:29,194 | INFO | GET /api/reports/summary -> 200 (0ms) [Rita Role]
2026-10-07 17:46:29,197 | INFO | POST /api/roles -> 403 (0ms) [Rita Role]
2026-10-07 17:46:29,252 | INFO | DELETE /api/roles/role_0ab58b1d0d30 -> 409 (0ms) [prasanna]
2026-10-07 17:46:29,488 | INFO | DELETE /api/employees/emp_6df09f982fa4 -> 200 (182ms) [prasanna]
2026-10-07 17:46:29,673 | INFO | DELETE /api/roles/role_0ab58b1d0d30 -> 200 (99ms) [prasanna]
2026-10-07 17:46:29,732 | INFO | DELETE /api/roles/role_46052807f7bb -> 400 (0ms) [prasanna]
2026-10-07 17:46:29,961 | INFO | POST /api/leads/lead_6143a428eab8/assign -> 200 (176ms) [prasanna]
2026-10-07 17:46:30,302 | INFO | POST /api/projects/prj_3c3fc9439d46/tasks -> 201 (281ms) [prasanna]
2026-10-07 17:46:30,492 | INFO | PUT /api/projects/prj_3c3fc9439d46 -> 200 (112ms) [prasanna]
2026-10-07 17:46:30,556 | INFO | GET /api/employees/emp_a91f400bf20f -> 200 (0ms) [prasanna]
2026-10-07 17:46:30,661 | INFO | POST /api/leads/lead_6143a428eab8/assign -> 200 (103ms) [prasanna]
2026-10-07 17:46:30,758 | INFO | PUT /api/projects/tasks/tsk_1d953dedcfc2 -> 200 (37ms) [prasanna]
2026-10-07 17:46:30,920 | INFO | PUT /api/projects/prj_3c3fc9439d46 -> 200 (102ms) [prasanna]
2026-10-07 17:46:30,989 | INFO | GET /api/employees/emp_a91f400bf20f -> 200 (0ms) [prasanna]
2026-10-07 17:46:31,247 | INFO | POST /api/leads/lead_6143a428eab8/assign -> 200 (256ms) [prasanna]
2026-10-07 17:46:31,584 | INFO | POST /api/leads -> 201 (233ms) [prasanna]
2026-10-07 17:46:31,675 | INFO | GET /api/leads -> 200 (0ms) [Jane Employee]
2026-10-07 17:46:31,677 | INFO | GET /api/leads -> 200 (0ms) [John Dev]
2026-10-07 17:46:31,679 | INFO | GET /api/leads/lead_a032b7890186 -> 404 (0ms) [Jane Employee]
2026-10-07 17:46:31,680 | INFO | GET /api/leads/lead_6143a428eab8 -> 404 (0ms) [John Dev]
2026-10-07 17:46:31,682 | INFO | POST /api/leads/lead_6143a428eab8/assign -> 403 (0ms) [Jane Employee]
2026-10-07 17:46:31,738 | INFO | PUT /api/leads/lead_a032b7890186 -> 404 (0ms) [Jane Employee]
2026-10-07 17:46:31,800 | INFO | DELETE /api/leads/lead_a032b7890186 -> 404 (1ms) [Jane Employee]
2026-10-07 17:46:32,085 | INFO | POST /api/leads -> 201 (222ms) [Jane Employee]
2026-10-07 17:46:32,164 | INFO | GET /api/leads -> 200 (0ms) [John Dev]
2026-10-07 17:46:32,167 | INFO | GET /api/leads/lead_06338cd1be2f -> 404 (0ms) [John Dev]
2026-10-07 17:46:32,388 | INFO | POST /api/leads -> 201 (219ms) [John Dev]
2026-10-07 17:46:32,535 | INFO | POST /api/leads/lead_e24d061619fe/followups -> 201 (74ms) [John Dev]
2026-10-07 17:46:32,602 | INFO | POST /api/leads/lead_6143a428eab8/followups -> 404 (0ms) [John Dev]
2026-10-07 17:46:32,669 | INFO | DELETE /api/leads/lead_6143a428eab8 -> 404 (0ms) [John Dev]
2026-10-07 17:46:32,847 | INFO | POST /api/companies -> 201 (109ms) [John Dev]
2026-10-07 17:46:33,029 | INFO | DELETE /api/followups/fup_3d87363b3abf -> 200 (57ms) [prasanna]
2026-10-07 17:46:33,260 | INFO | DELETE /api/leads/lead_e24d061619fe -> 200 (116ms) [prasanna]
2026-10-07 17:46:33,461 | INFO | DELETE /api/companies/cmp_8e28063bf769 -> 200 (113ms) [prasanna]
2026-10-07 17:46:33,539 | INFO | GET /api/followups -> 200 (0ms) [Jane Employee]
2026-10-07 17:46:33,540 | INFO | GET /api/followups -> 200 (0ms) [John Dev]
2026-10-07 17:46:33,542 | INFO | GET /api/leads/lead_a032b7890186/followups -> 404 (0ms) [Jane Employee]
2026-10-07 17:46:33,620 | INFO | POST /api/leads/lead_6143a428eab8/calls -> 201 (76ms) [Jane Employee]
2026-10-07 17:46:33,787 | INFO | GET /api/calls -> 200 (0ms) [Jane Employee]
2026-10-07 17:46:33,789 | INFO | GET /api/calls -> 200 (0ms) [John Dev]
2026-10-07 17:46:33,936 | INFO | DELETE /api/leads/lead_06338cd1be2f -> 200 (142ms) [Jane Employee]
2026-10-07 17:46:34,111 | INFO | DELETE /api/leads/lead_a032b7890186 -> 200 (107ms) [prasanna]
2026-10-07 17:46:34,442 | INFO | DELETE /api/leads/lead_6143a428eab8 -> 200 (238ms) [prasanna]
2026-10-07 17:46:34,786 | INFO | DELETE /api/projects/prj_3c3fc9439d46 -> 200 (272ms) [prasanna]
2026-10-07 17:46:34,899 | INFO | PUT /api/auth/change-password -> 403 (0ms) [Jane Employee]
2026-10-07 17:46:34,994 | INFO | POST /api/auth/register -> 403 (0ms) [Jane Employee]
2026-10-07 17:46:35,336 | INFO | PUT /api/auth/change-password -> 200 (265ms) [prasanna]
2026-10-07 17:46:35,645 | INFO | PUT /api/employees/emp_a91f400bf20f -> 200 (240ms) [prasanna]
2026-10-07 17:46:35,963 | INFO | POST /api/auth/login -> 200 (248ms) [anonymous]
2026-10-07 17:46:35,964 | INFO | POST /api/auth/notifications -> 403 (0ms) [Jane Employee]
2026-10-07 17:46:36,053 | INFO | POST /api/auth/notifications -> 404 (0ms) [prasanna]
2026-10-07 17:46:36,197 | INFO | POST /api/auth/notifications -> 422 (0ms) [prasanna]
2026-10-07 17:46:36,417 | INFO | POST /api/auth/notifications -> 201 (120ms) [prasanna]
2026-10-07 17:46:36,613 | INFO | GET /api/auth/notifications -> 200 (0ms) [Jane Employee]
2026-10-07 17:46:36,615 | INFO | GET /api/auth/notifications -> 200 (0ms) [John Dev]
2026-10-07 17:46:36,736 | INFO | POST /api/auth/notifications/ntf_096a8902bf4b/reply -> 201 (119ms) [Jane Employee]
2026-10-07 17:46:36,813 | INFO | GET /api/auth/notifications -> 200 (1ms) [prasanna]
2026-10-07 17:46:36,815 | INFO | POST /api/auth/notifications/ntf_096a8902bf4b/reply -> 404 (1ms) [John Dev]
2026-10-07 17:46:36,892 | INFO | POST /api/auth/notifications/ntf_096a8902bf4b/reply -> 422 (0ms) [Jane Employee]
2026-10-07 17:46:37,085 | INFO | POST /api/auth/notifications -> 201 (109ms) [prasanna]
2026-10-07 17:46:37,399 | INFO | POST /api/auth/notifications/ntf_a8f67faaf396/reply -> 201 (101ms) [John Dev]
2026-10-07 17:46:37,478 | INFO | POST /api/leads/import -> 403 (0ms) [Jane Employee]
2026-10-07 17:46:38,144 | INFO | POST /api/leads/import -> 201 (584ms) [prasanna]
2026-10-07 17:46:38,229 | INFO | GET /api/leads -> 200 (1ms) [prasanna]
2026-10-07 17:46:38,231 | INFO | GET /api/leads -> 200 (1ms) [Jane Employee]
2026-10-07 17:46:38,234 | INFO | POST /api/leads/import -> 422 (2ms) [prasanna]
2026-10-07 17:46:38,317 | INFO | POST /api/leads/import -> 422 (2ms) [prasanna]
2026-10-07 17:46:38,640 | INFO | POST /api/leads/import -> 201 (227ms) [prasanna]
2026-10-07 17:46:38,712 | INFO | GET /api/companies -> 200 (0ms) [prasanna]
2026-10-07 17:46:38,714 | INFO | GET /api/leads -> 200 (0ms) [prasanna]
2026-10-07 17:46:38,835 | INFO | DELETE /api/leads/lead_e1ae4462fae1 -> 200 (120ms) [prasanna]
2026-10-07 17:46:39,046 | INFO | DELETE /api/leads/lead_9c2af47fe796 -> 200 (131ms) [prasanna]
2026-10-07 17:46:39,244 | INFO | DELETE /api/leads/lead_87ee3af060c1 -> 200 (121ms) [prasanna]
2026-10-07 17:46:39,327 | INFO | GET /api/leads -> 200 (0ms) [prasanna]
2026-10-07 17:46:39,453 | INFO | DELETE /api/companies/cmp_fcf3e3f7d81d -> 200 (125ms) [prasanna]
2026-10-07 17:46:39,689 | INFO | DELETE /api/employees/emp_a91f400bf20f -> 200 (142ms) [prasanna]
2026-10-07 17:46:39,886 | INFO | DELETE /api/employees/emp_884abf97d4dc -> 200 (117ms) [prasanna]
2026-10-07 17:47:17,089 | INFO | CRM backend ready on http://0.0.0.0:5001
2026-10-07 17:47:18,490 | INFO | GET /health -> 200 (0ms) [anonymous]
2026-10-07 17:47:46,040 | INFO | GET /pages/login.html -> 200 (1ms) [anonymous]
2026-10-07 17:47:51,751 | INFO | POST /api/auth/login -> 200 (187ms) [anonymous]
2026-10-07 17:47:52,134 | INFO | GET /pages/admin-dashboard.html -> 304 (0ms) [anonymous]
2026-10-07 17:47:52,160 | INFO | GET /css/style.css -> 304 (0ms) [anonymous]
2026-10-07 17:47:52,169 | INFO | GET /css/dashboard.css -> 304 (3ms) [anonymous]
2026-10-07 17:47:52,173 | INFO | GET /css/responsive.css -> 304 (1ms) [anonymous]
2026-10-07 17:47:52,174 | INFO | GET /js/auth.js -> 304 (1ms) [anonymous]
2026-10-07 17:47:52,178 | INFO | GET /js/dashboard.js -> 304 (0ms) [anonymous]
2026-10-07 17:47:52,245 | INFO | GET /components/sidebar.html -> 304 (1ms) [anonymous]
2026-10-07 17:47:52,247 | INFO | GET /components/navbar.html -> 304 (2ms) [anonymous]
2026-10-07 17:47:52,247 | INFO | GET /components/footer.html -> 304 (0ms) [anonymous]
2026-10-07 17:47:52,249 | INFO | GET /components/modals.html -> 304 (0ms) [anonymous]
2026-10-07 17:47:52,275 | INFO | GET /api/auth/notifications -> 200 (0ms) [prasanna]
2026-10-07 17:47:52,276 | INFO | GET /api/reports/dashboard -> 200 (0ms) [prasanna]
2026-10-07 17:47:52,278 | INFO | GET /api/leads -> 200 (0ms) [prasanna]
2026-10-07 17:47:52,279 | INFO | GET /api/followups -> 200 (0ms) [prasanna]
2026-10-07 17:47:52,281 | INFO | GET /api/employees -> 200 (0ms) [prasanna]
2026-10-07 17:48:00,348 | INFO | GET /pages/leads.html -> 304 (0ms) [anonymous]
2026-10-07 17:48:00,369 | INFO | GET /css/style.css -> 304 (1ms) [anonymous]
2026-10-07 17:48:00,372 | INFO | GET /css/dashboard.css -> 304 (0ms) [anonymous]
2026-10-07 17:48:00,374 | INFO | GET /css/responsive.css -> 304 (0ms) [anonymous]
2026-10-07 17:48:00,382 | INFO | GET /js/auth.js -> 304 (0ms) [anonymous]
2026-10-07 17:48:00,386 | INFO | GET /js/leads.js -> 304 (1ms) [anonymous]
2026-10-07 17:48:00,458 | INFO | GET /components/navbar.html -> 304 (0ms) [anonymous]
2026-10-07 17:48:00,462 | INFO | GET /components/sidebar.html -> 304 (5ms) [anonymous]
2026-10-07 17:48:00,465 | INFO | GET /components/modals.html -> 304 (4ms) [anonymous]
2026-10-07 17:48:00,468 | INFO | GET /components/footer.html -> 304 (0ms) [anonymous]
2026-10-07 17:48:00,487 | INFO | GET /api/auth/notifications -> 200 (0ms) [prasanna]
2026-10-07 17:48:00,493 | INFO | GET /api/leads -> 200 (0ms) [prasanna]
2026-10-07 17:51:01,396 | INFO | POST /api/auth/login -> 200 (204ms) [anonymous]
2026-10-07 17:51:01,582 | INFO | GET /api/employees -> 200 (1ms) [prasanna]
2026-10-07 17:51:01,606 | INFO | GET /api/projects -> 200 (0ms) [prasanna]
2026-10-07 17:51:01,624 | INFO | GET /api/companies -> 200 (1ms) [prasanna]
2026-10-07 17:51:56,064 | INFO | POST /api/auth/login -> 200 (200ms) [anonymous]
2026-10-07 17:51:56,097 | INFO | GET /api/leads -> 200 (1ms) [prasanna]
2026-10-07 17:51:56,118 | INFO | GET /api/developers -> 200 (1ms) [prasanna]
2026-10-07 17:51:56,131 | INFO | GET /api/followups -> 200 (0ms) [prasanna]
2026-10-07 17:51:56,141 | INFO | GET /api/calls -> 200 (0ms) [prasanna]
2026-10-07 17:51:56,154 | INFO | GET /api/auth/notifications -> 200 (0ms) [prasanna]
2026-10-07 17:52:15,891 | INFO | POST /api/auth/login -> 200 (224ms) [anonymous]
2026-10-07 17:52:15,918 | INFO | GET /api/calls -> 200 (0ms) [prasanna]
2026-10-07 17:52:40,203 | INFO | POST /api/auth/login -> 200 (229ms) [anonymous]
2026-10-07 17:52:40,255 | INFO | GET /api/employees -> 200 (0ms) [prasanna]
2026-10-07 17:52:40,538 | INFO | GET /api/leads -> 200 (0ms) [prasanna]
2026-10-07 17:52:40,600 | INFO | GET /api/projects -> 200 (2ms) [prasanna]
2026-10-07 17:52:40,722 | INFO | GET /api/companies -> 200 (0ms) [prasanna]
2026-10-07 17:52:40,921 | INFO | GET /api/developers -> 200 (0ms) [prasanna]
2026-10-07 17:52:53,232 | INFO | GET /pages/leads.html -> 304 (0ms) [anonymous]
2026-10-07 17:52:53,257 | INFO | GET /css/style.css -> 304 (0ms) [anonymous]
2026-10-07 17:52:53,263 | INFO | GET /css/dashboard.css -> 304 (2ms) [anonymous]
2026-10-07 17:52:53,271 | INFO | GET /css/responsive.css -> 304 (2ms) [anonymous]
2026-10-07 17:52:53,272 | INFO | GET /js/auth.js -> 304 (2ms) [anonymous]
2026-10-07 17:52:53,274 | INFO | GET /js/leads.js -> 304 (0ms) [anonymous]
2026-10-07 17:52:53,311 | INFO | GET /components/sidebar.html -> 304 (1ms) [anonymous]
2026-10-07 17:52:53,314 | INFO | GET /components/navbar.html -> 304 (2ms) [anonymous]
2026-10-07 17:52:53,315 | INFO | GET /components/footer.html -> 304 (2ms) [anonymous]
2026-10-07 17:52:53,316 | INFO | GET /components/modals.html -> 304 (1ms) [anonymous]
2026-10-07 17:52:53,361 | INFO | GET /api/auth/notifications -> 200 (0ms) [prasanna]
2026-10-07 17:52:53,363 | INFO | GET /api/leads -> 200 (0ms) [prasanna]
2026-10-07 17:52:59,574 | INFO | POST /api/auth/login -> 200 (198ms) [anonymous]
2026-10-07 17:52:59,664 | INFO | GET /api/employees -> 200 (0ms) [prasanna]
2026-10-07 17:52:59,821 | INFO | DELETE /api/employees/emp_a95b8e2f3251 -> 200 (110ms) [prasanna]
2026-10-07 17:53:00,064 | INFO | DELETE /api/employees/emp_1e8a960af22a -> 200 (128ms) [prasanna]
2026-10-07 17:53:00,154 | INFO | GET /api/leads -> 200 (0ms) [prasanna]
2026-10-07 17:53:00,369 | INFO | DELETE /api/leads/lead_8e954ba6d571 -> 200 (175ms) [prasanna]
2026-10-07 17:53:00,628 | INFO | DELETE /api/leads/lead_41908d3ccd50 -> 200 (162ms) [prasanna]
2026-10-07 17:53:00,947 | INFO | DELETE /api/leads/lead_95bff428a54b -> 200 (211ms) [prasanna]
2026-10-07 17:53:01,265 | INFO | DELETE /api/leads/lead_eb1e69c49d2a -> 200 (158ms) [prasanna]
2026-10-07 17:53:01,528 | INFO | DELETE /api/leads/lead_c583224df0ae -> 200 (142ms) [prasanna]
2026-10-07 17:53:01,619 | INFO | GET /api/projects -> 200 (0ms) [prasanna]
2026-10-07 17:53:01,857 | INFO | DELETE /api/projects/prj_23aca55b32af -> 200 (215ms) [prasanna]
2026-10-07 17:53:02,122 | INFO | DELETE /api/projects/prj_2f8f357f5d02 -> 200 (160ms) [prasanna]
2026-10-07 17:53:02,451 | INFO | DELETE /api/projects/prj_8e72fae157f6 -> 200 (230ms) [prasanna]
2026-10-07 17:53:02,793 | INFO | DELETE /api/projects/prj_ffa3d3dd2b69 -> 200 (236ms) [prasanna]
2026-10-07 17:53:03,178 | INFO | DELETE /api/projects/prj_18d06be4cc6e -> 200 (241ms) [prasanna]
2026-10-07 17:53:03,454 | INFO | DELETE /api/projects/prj_e4b3aee708d9 -> 200 (165ms) [prasanna]
2026-10-07 17:53:03,948 | INFO | DELETE /api/projects/prj_0c5742f73a23 -> 200 (305ms) [prasanna]
2026-10-07 17:53:04,189 | INFO | DELETE /api/projects/prj_e827c6422159 -> 200 (143ms) [prasanna]
2026-10-07 17:53:04,605 | INFO | DELETE /api/projects/prj_7b8a25a41db6 -> 200 (309ms) [prasanna]
2026-10-07 17:53:04,715 | INFO | GET /api/companies -> 200 (0ms) [prasanna]
2026-10-07 17:53:04,875 | INFO | DELETE /api/companies/cmp_fe90ad1b7f30 -> 200 (134ms) [prasanna]
2026-10-07 17:53:05,137 | INFO | DELETE /api/companies/cmp_181d71b0db0c -> 200 (159ms) [prasanna]
2026-10-07 17:53:05,393 | INFO | DELETE /api/companies/cmp_4c1c5a641041 -> 200 (152ms) [prasanna]
2026-10-07 17:53:05,660 | INFO | DELETE /api/companies/cmp_b923e64ba238 -> 200 (140ms) [prasanna]
2026-10-07 17:53:05,896 | INFO | DELETE /api/companies/cmp_d3295ded2ab9 -> 200 (136ms) [prasanna]
2026-10-07 17:53:06,209 | INFO | DELETE /api/companies/cmp_11df1f4d1787 -> 200 (192ms) [prasanna]
2026-10-07 17:53:06,458 | INFO | DELETE /api/companies/cmp_4a82b651a217 -> 200 (143ms) [prasanna]
2026-10-07 17:53:06,714 | INFO | DELETE /api/companies/cmp_adf967a78029 -> 200 (142ms) [prasanna]
2026-10-07 17:53:07,058 | INFO | DELETE /api/companies/cmp_2db4c7fb6c70 -> 200 (197ms) [prasanna]
2026-10-07 17:53:07,474 | INFO | DELETE /api/companies/cmp_e2f063739ca2 -> 200 (188ms) [prasanna]
2026-10-07 17:53:07,892 | INFO | DELETE /api/companies/cmp_74d2bfc77060 -> 200 (217ms) [prasanna]
2026-10-07 17:53:08,184 | INFO | DELETE /api/companies/cmp_8e0874a31a0f -> 200 (146ms) [prasanna]
2026-10-07 17:53:08,440 | INFO | DELETE /api/companies/cmp_400c32d517da -> 200 (144ms) [prasanna]
2026-10-07 17:53:08,739 | INFO | DELETE /api/companies/cmp_f8adba66e23b -> 200 (185ms) [prasanna]
2026-10-07 17:53:09,052 | INFO | DELETE /api/companies/cmp_cf8dbc5fa45c -> 200 (195ms) [prasanna]
2026-10-07 17:53:09,317 | INFO | DELETE /api/companies/cmp_0695a0ec1b90 -> 200 (142ms) [prasanna]
2026-10-07 17:53:09,568 | INFO | DELETE /api/companies/cmp_2d4ef057a16a -> 200 (142ms) [prasanna]
2026-10-07 17:53:09,818 | INFO | DELETE /api/companies/cmp_96f0e46740a8 -> 200 (143ms) [prasanna]
2026-10-07 17:53:10,070 | INFO | DELETE /api/companies/cmp_33790c59c642 -> 200 (139ms) [prasanna]
2026-10-07 17:53:10,362 | INFO | DELETE /api/companies/cmp_f5234d6be069 -> 200 (144ms) [prasanna]
2026-10-07 17:53:10,724 | INFO | DELETE /api/companies/cmp_30cf409658dd -> 200 (243ms) [prasanna]
2026-10-07 17:53:11,063 | INFO | DELETE /api/companies/cmp_8f597f8fa445 -> 200 (187ms) [prasanna]
2026-10-07 17:53:11,343 | INFO | DELETE /api/companies/cmp_9627ddf98d87 -> 200 (152ms) [prasanna]
2026-10-07 17:53:11,708 | INFO | DELETE /api/companies/cmp_72bcae8feabe -> 200 (154ms) [prasanna]
2026-10-07 17:53:11,859 | INFO | GET /api/developers -> 200 (0ms) [prasanna]
2026-10-07 17:53:12,097 | INFO | DELETE /api/developers/dev_4b5d7696c6ee -> 200 (199ms) [prasanna]
2026-10-07 17:53:12,362 | INFO | DELETE /api/developers/dev_736cb9609628 -> 200 (147ms) [prasanna]
2026-10-07 17:53:12,647 | INFO | DELETE /api/developers/dev_47f5853a8107 -> 200 (155ms) [prasanna]
2026-10-07 17:53:12,917 | INFO | DELETE /api/developers/dev_4e63f97e8f6c -> 200 (144ms) [prasanna]
2026-10-07 17:53:13,228 | INFO | DELETE /api/developers/dev_7d12bca8a197 -> 200 (191ms) [prasanna]
2026-10-07 17:53:13,590 | INFO | DELETE /api/developers/dev_9c29b7b5c560 -> 200 (161ms) [prasanna]
2026-10-07 17:53:13,872 | INFO | DELETE /api/developers/dev_fa96740244f6 -> 200 (151ms) [prasanna]
2026-10-07 17:53:14,137 | INFO | DELETE /api/developers/dev_2118f63c8160 -> 200 (144ms) [prasanna]
2026-10-07 17:53:14,516 | INFO | DELETE /api/developers/dev_ddc6a1b6e8ca -> 200 (176ms) [prasanna]
2026-10-07 17:53:14,975 | INFO | DELETE /api/developers/dev_3eb51f68d8b9 -> 200 (218ms) [prasanna]
2026-10-07 17:53:16,388 | INFO | GET /pages/companies.html -> 304 (0ms) [anonymous]
2026-10-07 17:53:16,409 | INFO | GET /css/style.css -> 304 (0ms) [anonymous]
2026-10-07 17:53:16,418 | INFO | GET /js/auth.js -> 304 (0ms) [anonymous]
2026-10-07 17:53:16,418 | INFO | GET /css/dashboard.css -> 304 (2ms) [anonymous]
2026-10-07 17:53:16,423 | INFO | GET /css/responsive.css -> 304 (1ms) [anonymous]
2026-10-07 17:53:16,428 | INFO | GET /js/leads.js -> 304 (0ms) [anonymous]
2026-10-07 17:53:16,446 | INFO | GET /components/navbar.html -> 304 (1ms) [anonymous]
2026-10-07 17:53:16,447 | INFO | GET /components/sidebar.html -> 304 (3ms) [anonymous]
2026-10-07 17:53:16,460 | INFO | GET /components/footer.html -> 304 (4ms) [anonymous]
2026-10-07 17:53:16,463 | INFO | GET /components/modals.html -> 304 (4ms) [anonymous]
2026-10-07 17:53:16,556 | INFO | GET /api/auth/notifications -> 200 (0ms) [prasanna]
2026-10-07 17:53:16,557 | INFO | GET /api/companies -> 200 (0ms) [prasanna]
2026-10-07 17:53:21,020 | INFO | GET /pages/leads.html -> 304 (0ms) [anonymous]
2026-10-07 17:53:21,040 | INFO | GET /css/style.css -> 304 (0ms) [anonymous]
2026-10-07 17:53:21,052 | INFO | GET /css/dashboard.css -> 304 (2ms) [anonymous]
2026-10-07 17:53:21,053 | INFO | GET /css/responsive.css -> 304 (1ms) [anonymous]
2026-10-07 17:53:21,058 | INFO | GET /js/auth.js -> 304 (3ms) [anonymous]
2026-10-07 17:53:21,059 | INFO | GET /js/leads.js -> 304 (2ms) [anonymous]
2026-10-07 17:53:21,085 | INFO | GET /components/sidebar.html -> 304 (0ms) [anonymous]
2026-10-07 17:53:21,099 | INFO | GET /components/navbar.html -> 304 (1ms) [anonymous]
2026-10-07 17:53:21,103 | INFO | GET /components/footer.html -> 304 (2ms) [anonymous]
2026-10-07 17:53:21,104 | INFO | GET /components/modals.html -> 304 (1ms) [anonymous]
2026-10-07 17:53:21,128 | INFO | GET /api/auth/notifications -> 200 (0ms) [prasanna]
2026-10-07 17:53:21,130 | INFO | GET /api/leads -> 200 (0ms) [prasanna]
2026-10-07 17:53:23,791 | INFO | GET /pages/companies.html -> 304 (0ms) [anonymous]
2026-10-07 17:53:23,809 | INFO | GET /css/style.css -> 304 (1ms) [anonymous]
2026-10-07 17:53:23,817 | INFO | GET /css/dashboard.css -> 304 (1ms) [anonymous]
2026-10-07 17:53:23,825 | INFO | GET /css/responsive.css -> 304 (1ms) [anonymous]
2026-10-07 17:53:23,830 | INFO | GET /js/auth.js -> 304 (2ms) [anonymous]
2026-10-07 17:53:23,831 | INFO | GET /js/leads.js -> 304 (1ms) [anonymous]
2026-10-07 17:53:23,858 | INFO | GET /components/sidebar.html -> 304 (5ms) [anonymous]
2026-10-07 17:53:23,859 | INFO | GET /components/navbar.html -> 304 (6ms) [anonymous]
2026-10-07 17:53:23,861 | INFO | GET /components/footer.html -> 304 (6ms) [anonymous]
2026-10-07 17:53:23,861 | INFO | GET /components/modals.html -> 304 (5ms) [anonymous]
2026-10-07 17:53:23,889 | INFO | GET /api/auth/notifications -> 200 (1ms) [prasanna]
2026-10-07 17:53:23,892 | INFO | GET /api/companies -> 200 (0ms) [prasanna]
2026-10-07 17:53:25,874 | INFO | GET /pages/employees.html -> 304 (0ms) [anonymous]
2026-10-07 17:53:25,893 | INFO | GET /css/style.css -> 304 (1ms) [anonymous]
2026-10-07 17:53:25,907 | INFO | GET /css/dashboard.css -> 304 (6ms) [anonymous]
2026-10-07 17:53:25,909 | INFO | GET /css/responsive.css -> 304 (2ms) [anonymous]
2026-10-07 17:53:25,911 | INFO | GET /js/employees.js -> 304 (1ms) [anonymous]
2026-10-07 17:53:25,912 | INFO | GET /js/auth.js -> 304 (1ms) [anonymous]
2026-10-07 17:53:25,952 | INFO | GET /components/sidebar.html -> 304 (2ms) [anonymous]
2026-10-07 17:53:25,956 | INFO | GET /components/navbar.html -> 304 (3ms) [anonymous]
2026-10-07 17:53:25,958 | INFO | GET /components/footer.html -> 304 (3ms) [anonymous]
2026-10-07 17:53:25,960 | INFO | GET /components/modals.html -> 304 (1ms) [anonymous]
2026-10-07 17:53:25,986 | INFO | GET /api/auth/notifications -> 200 (2ms) [prasanna]
2026-10-07 17:53:25,989 | INFO | GET /api/roles -> 200 (0ms) [prasanna]
2026-10-07 17:53:26,002 | INFO | GET /api/employees -> 200 (0ms) [prasanna]
2026-10-07 17:53:26,007 | INFO | GET /api/employees -> 200 (0ms) [prasanna]
2026-10-07 17:53:28,453 | INFO | GET /pages/employees.html -> 304 (0ms) [anonymous]
2026-10-07 17:53:28,482 | INFO | GET /css/style.css -> 304 (1ms) [anonymous]
2026-10-07 17:53:28,482 | INFO | GET /css/dashboard.css -> 304 (0ms) [anonymous]
2026-10-07 17:53:28,490 | INFO | GET /css/responsive.css -> 304 (2ms) [anonymous]
2026-10-07 17:53:28,492 | INFO | GET /js/auth.js -> 304 (2ms) [anonymous]
2026-10-07 17:53:28,492 | INFO | GET /js/employees.js -> 304 (0ms) [anonymous]
2026-10-07 17:53:28,531 | INFO | GET /components/footer.html -> 304 (0ms) [anonymous]
2026-10-07 17:53:28,531 | INFO | GET /components/sidebar.html -> 304 (2ms) [anonymous]
2026-10-07 17:53:28,532 | INFO | GET /components/navbar.html -> 304 (2ms) [anonymous]
2026-10-07 17:53:28,536 | INFO | GET /components/modals.html -> 304 (3ms) [anonymous]
2026-10-07 17:53:28,564 | INFO | GET /api/auth/notifications -> 200 (0ms) [prasanna]
2026-10-07 17:53:28,572 | INFO | GET /api/roles -> 200 (5ms) [prasanna]
2026-10-07 17:53:28,595 | INFO | GET /api/employees -> 200 (0ms) [prasanna]
2026-10-07 17:53:28,597 | INFO | GET /api/employees -> 200 (0ms) [prasanna]
2026-10-07 17:53:29,379 | INFO | POST /api/auth/login -> 200 (239ms) [anonymous]
2026-10-07 17:53:29,413 | INFO | GET /api/employees -> 200 (0ms) [prasanna]
2026-10-07 17:53:29,433 | INFO | GET /api/leads -> 200 (0ms) [prasanna]
2026-10-07 17:53:29,447 | INFO | GET /api/projects -> 200 (0ms) [prasanna]
2026-10-07 17:53:29,459 | INFO | GET /api/companies -> 200 (0ms) [prasanna]
2026-10-07 17:53:29,468 | INFO | GET /api/developers -> 200 (1ms) [prasanna]
2026-10-07 17:53:29,479 | INFO | GET /api/followups -> 200 (0ms) [prasanna]
2026-10-07 17:53:29,488 | INFO | GET /api/calls -> 200 (0ms) [prasanna]
2026-10-07 17:54:15,560 | INFO | GET /pages/companies.html -> 304 (0ms) [anonymous]
2026-10-07 17:54:15,587 | INFO | GET /css/style.css -> 304 (1ms) [anonymous]
2026-10-07 17:54:15,596 | INFO | GET /css/dashboard.css -> 304 (0ms) [anonymous]
2026-10-07 17:54:15,603 | INFO | GET /css/responsive.css -> 304 (3ms) [anonymous]
2026-10-07 17:54:15,605 | INFO | GET /js/auth.js -> 304 (2ms) [anonymous]
2026-10-07 17:54:15,610 | INFO | GET /js/leads.js -> 304 (0ms) [anonymous]
2026-10-07 17:54:15,651 | INFO | GET /components/sidebar.html -> 304 (1ms) [anonymous]
2026-10-07 17:54:15,653 | INFO | GET /components/navbar.html -> 304 (1ms) [anonymous]
2026-10-07 17:54:15,655 | INFO | GET /components/footer.html -> 304 (2ms) [anonymous]
2026-10-07 17:54:15,660 | INFO | GET /components/modals.html -> 304 (4ms) [anonymous]
2026-10-07 17:54:15,684 | INFO | GET /api/auth/notifications -> 200 (0ms) [prasanna]
2026-10-07 17:54:15,686 | INFO | GET /api/companies -> 200 (0ms) [prasanna]
2026-10-07 17:54:17,586 | INFO | GET /pages/leads.html -> 304 (0ms) [anonymous]
2026-10-07 17:54:17,603 | INFO | GET /css/style.css -> 304 (0ms) [anonymous]
2026-10-07 17:54:17,611 | INFO | GET /css/dashboard.css -> 304 (0ms) [anonymous]
2026-10-07 17:54:17,616 | INFO | GET /css/responsive.css -> 304 (0ms) [anonymous]
2026-10-07 17:54:17,619 | INFO | GET /js/auth.js -> 304 (0ms) [anonymous]
2026-10-07 17:54:17,623 | INFO | GET /js/leads.js -> 304 (0ms) [anonymous]
2026-10-07 17:54:17,653 | INFO | GET /components/sidebar.html -> 304 (0ms) [anonymous]
2026-10-07 17:54:17,658 | INFO | GET /components/navbar.html -> 304 (3ms) [anonymous]
2026-10-07 17:54:17,662 | INFO | GET /components/footer.html -> 304 (1ms) [anonymous]
2026-10-07 17:54:17,664 | INFO | GET /components/modals.html -> 304 (0ms) [anonymous]
2026-10-07 17:54:17,686 | INFO | GET /api/auth/notifications -> 200 (1ms) [prasanna]
2026-10-07 17:54:17,687 | INFO | GET /api/leads -> 200 (0ms) [prasanna]
2026-10-07 17:54:18,931 | INFO | GET /pages/followups.html -> 304 (0ms) [anonymous]
2026-10-07 17:54:18,951 | INFO | GET /css/style.css -> 304 (1ms) [anonymous]
2026-10-07 17:54:18,959 | INFO | GET /css/dashboard.css -> 304 (2ms) [anonymous]
2026-10-07 17:54:18,962 | INFO | GET /js/auth.js -> 304 (1ms) [anonymous]
2026-10-07 17:54:18,967 | INFO | GET /js/leads.js -> 304 (0ms) [anonymous]
2026-10-07 17:54:18,968 | INFO | GET /css/responsive.css -> 304 (3ms) [anonymous]
2026-10-07 17:54:18,993 | INFO | GET /components/navbar.html -> 304 (0ms) [anonymous]
2026-10-07 17:54:18,994 | INFO | GET /components/sidebar.html -> 304 (2ms) [anonymous]
2026-10-07 17:54:18,999 | INFO | GET /components/footer.html -> 304 (1ms) [anonymous]
2026-10-07 17:54:19,013 | INFO | GET /components/modals.html -> 304 (9ms) [anonymous]
2026-10-07 17:54:19,035 | INFO | GET /api/auth/notifications -> 200 (1ms) [prasanna]
2026-10-07 17:54:19,039 | INFO | GET /api/employees -> 200 (0ms) [prasanna]
2026-10-07 17:54:19,041 | INFO | GET /api/employees -> 200 (0ms) [prasanna]
2026-10-07 17:54:19,045 | INFO | GET /api/followups -> 200 (0ms) [prasanna]
2026-10-07 17:54:20,847 | INFO | GET /pages/followups.html -> 304 (0ms) [anonymous]
2026-10-07 17:54:20,873 | INFO | GET /css/style.css -> 304 (0ms) [anonymous]
2026-10-07 17:54:20,877 | INFO | GET /css/dashboard.css -> 304 (0ms) [anonymous]
2026-10-07 17:54:20,886 | INFO | GET /css/responsive.css -> 304 (3ms) [anonymous]
2026-10-07 17:54:20,893 | INFO | GET /js/auth.js -> 304 (2ms) [anonymous]
2026-10-07 17:54:20,893 | INFO | GET /js/leads.js -> 304 (0ms) [anonymous]
2026-10-07 17:54:20,917 | INFO | GET /components/sidebar.html -> 304 (0ms) [anonymous]
2026-10-07 17:54:20,930 | INFO | GET /components/navbar.html -> 304 (2ms) [anonymous]
2026-10-07 17:54:20,932 | INFO | GET /components/footer.html -> 304 (2ms) [anonymous]
2026-10-07 17:54:20,932 | INFO | GET /components/modals.html -> 304 (1ms) [anonymous]
2026-10-07 17:54:20,956 | INFO | GET /api/auth/notifications -> 200 (0ms) [prasanna]
2026-10-07 17:54:20,958 | INFO | GET /api/employees -> 200 (0ms) [prasanna]
2026-10-07 17:54:20,961 | INFO | GET /api/employees -> 200 (0ms) [prasanna]
2026-10-07 17:54:20,972 | INFO | GET /api/followups -> 200 (1ms) [prasanna]
2026-10-07 17:54:24,000 | INFO | GET /pages/projects.html -> 304 (0ms) [anonymous]
2026-10-07 17:54:24,020 | INFO | GET /css/style.css -> 304 (0ms) [anonymous]
2026-10-07 17:54:24,042 | INFO | GET /js/auth.js -> 304 (2ms) [anonymous]
2026-10-07 17:54:24,046 | INFO | GET /css/responsive.css -> 304 (4ms) [anonymous]
2026-10-07 17:54:24,046 | INFO | GET /css/dashboard.css -> 304 (1ms) [anonymous]
2026-10-07 17:54:24,047 | INFO | GET /js/projects.js -> 304 (1ms) [anonymous]
2026-10-07 17:54:24,078 | INFO | GET /components/sidebar.html -> 304 (1ms) [anonymous]
2026-10-07 17:54:24,078 | INFO | GET /components/navbar.html -> 304 (1ms) [anonymous]
2026-10-07 17:54:24,079 | INFO | GET /components/footer.html -> 304 (1ms) [anonymous]
2026-10-07 17:54:24,080 | INFO | GET /components/modals.html -> 304 (0ms) [anonymous]
2026-10-07 17:54:24,109 | INFO | GET /api/auth/notifications -> 200 (0ms) [prasanna]
2026-10-07 17:54:24,111 | INFO | GET /api/companies -> 200 (0ms) [prasanna]
2026-10-07 17:54:24,118 | INFO | GET /api/employees -> 200 (3ms) [prasanna]
2026-10-07 17:54:24,124 | INFO | GET /api/developers -> 200 (0ms) [prasanna]
2026-10-07 17:54:24,141 | INFO | GET /api/projects -> 200 (0ms) [prasanna]
2026-10-07 17:54:26,983 | INFO | GET /pages/reports.html -> 304 (0ms) [anonymous]
2026-10-07 17:54:27,001 | INFO | GET /css/style.css -> 304 (0ms) [anonymous]
2026-10-07 17:54:27,017 | INFO | GET /css/dashboard.css -> 304 (1ms) [anonymous]
2026-10-07 17:54:27,019 | INFO | GET /css/responsive.css -> 304 (2ms) [anonymous]
2026-10-07 17:54:27,022 | INFO | GET /js/auth.js -> 304 (3ms) [anonymous]
2026-10-07 17:54:27,022 | INFO | GET /js/reports.js -> 304 (1ms) [anonymous]
2026-10-07 17:54:27,059 | INFO | GET /components/sidebar.html -> 304 (3ms) [anonymous]
2026-10-07 17:54:27,060 | INFO | GET /components/navbar.html -> 304 (1ms) [anonymous]
2026-10-07 17:54:27,066 | INFO | GET /components/footer.html -> 304 (1ms) [anonymous]
2026-10-07 17:54:27,094 | INFO | GET /api/auth/notifications -> 200 (0ms) [prasanna]
2026-10-07 17:54:27,096 | INFO | GET /api/reports/summary -> 200 (2ms) [prasanna]
2026-10-07 17:54:27,098 | INFO | GET /api/reports/dashboard -> 200 (0ms) [prasanna]
2026-10-07 17:54:27,102 | INFO | GET /api/reports/activity -> 200 (0ms) [prasanna]
2026-10-07 17:54:27,111 | INFO | GET /api/reports/export -> 200 (0ms) [prasanna]
2026-10-07 17:54:27,227 | INFO | GET /api/reports/monthly -> 200 (127ms) [prasanna]
2026-10-07 17:54:27,497 | INFO | GET /api/reports/powerbi -> 200 (369ms) [prasanna]
2026-10-07 17:54:31,179 | INFO | GET /api/reports/weekly -> 200 (38ms) [prasanna]
2026-10-07 17:54:32,566 | INFO | GET /api/reports/daily -> 200 (30ms) [prasanna]
2026-10-07 17:54:33,783 | INFO | GET /api/reports/monthly -> 200 (28ms) [prasanna]
2026-10-07 17:54:34,604 | INFO | GET /api/reports/yearly -> 200 (27ms) [prasanna]
2026-10-07 17:54:50,825 | INFO | GET /api/reports/activity -> 200 (0ms) [prasanna]
2026-10-07 17:54:51,645 | INFO | GET /api/reports/activity -> 200 (0ms) [prasanna]
2026-10-07 17:54:51,653 | INFO | GET /api/reports/activity -> 200 (1ms) [prasanna]
2026-10-07 17:54:52,829 | INFO | GET /api/reports/activity -> 200 (0ms) [prasanna]
2026-10-07 17:54:52,839 | INFO | GET /api/reports/activity -> 200 (1ms) [prasanna]
2026-10-07 17:54:52,849 | INFO | GET /api/reports/activity -> 200 (0ms) [prasanna]
2026-10-07 17:54:52,862 | INFO | GET /api/reports/activity -> 200 (0ms) [prasanna]
2026-10-07 17:54:55,991 | INFO | GET /api/reports/activity -> 200 (1ms) [prasanna]
2026-10-07 17:54:56,005 | INFO | GET /api/reports/activity -> 200 (0ms) [prasanna]
2026-10-07 17:54:56,017 | INFO | GET /api/reports/activity -> 200 (0ms) [prasanna]
2026-10-07 17:54:56,026 | INFO | GET /api/reports/activity -> 200 (0ms) [prasanna]
2026-10-07 17:54:56,034 | INFO | GET /api/reports/activity -> 200 (0ms) [prasanna]
2026-10-07 17:54:56,046 | INFO | GET /api/reports/activity -> 200 (0ms) [prasanna]
2026-10-07 17:54:56,057 | INFO | GET /api/reports/activity -> 200 (0ms) [prasanna]
2026-10-07 17:54:56,065 | INFO | GET /api/reports/activity -> 200 (0ms) [prasanna]
2026-10-07 17:54:57,603 | INFO | GET /api/reports/activity -> 200 (0ms) [prasanna]
2026-10-07 17:54:57,610 | INFO | GET /api/reports/activity -> 200 (1ms) [prasanna]
2026-10-07 17:54:57,621 | INFO | GET /api/reports/activity -> 200 (0ms) [prasanna]
2026-10-07 17:54:57,627 | INFO | GET /api/reports/activity -> 200 (0ms) [prasanna]
2026-10-07 17:54:57,642 | INFO | GET /api/reports/activity -> 200 (0ms) [prasanna]
2026-10-07 17:54:57,649 | INFO | GET /api/reports/activity -> 200 (0ms) [prasanna]
2026-10-07 17:54:57,658 | INFO | GET /api/reports/activity -> 200 (0ms) [prasanna]
2026-10-07 17:54:57,672 | INFO | GET /api/reports/activity -> 200 (2ms) [prasanna]
2026-10-07 17:54:57,679 | INFO | GET /api/reports/activity -> 200 (1ms) [prasanna]
2026-10-07 17:54:57,693 | INFO | GET /api/reports/activity -> 200 (0ms) [prasanna]
2026-10-07 17:54:57,706 | INFO | GET /api/reports/activity -> 200 (0ms) [prasanna]
2026-10-07 17:54:57,719 | INFO | GET /api/reports/activity -> 200 (0ms) [prasanna]
2026-10-07 17:54:57,726 | INFO | GET /api/reports/activity -> 200 (0ms) [prasanna]
2026-10-07 17:54:57,735 | INFO | GET /api/reports/activity -> 200 (2ms) [prasanna]
2026-10-07 17:54:57,745 | INFO | GET /api/reports/activity -> 200 (0ms) [prasanna]
2026-10-07 17:54:57,752 | INFO | GET /api/reports/activity -> 200 (0ms) [prasanna]
2026-10-07 17:54:59,161 | INFO | GET /api/reports/activity -> 200 (0ms) [prasanna]
2026-10-07 17:54:59,169 | INFO | GET /api/reports/activity -> 200 (0ms) [prasanna]
2026-10-07 17:54:59,186 | INFO | GET /api/reports/activity -> 200 (0ms) [prasanna]
2026-10-07 17:54:59,198 | INFO | GET /api/reports/activity -> 200 (1ms) [prasanna]
2026-10-07 17:54:59,206 | INFO | GET /api/reports/activity -> 200 (0ms) [prasanna]
2026-10-07 17:54:59,214 | INFO | GET /api/reports/activity -> 200 (0ms) [prasanna]
2026-10-07 17:54:59,223 | INFO | GET /api/reports/activity -> 200 (0ms) [prasanna]
2026-10-07 17:54:59,237 | INFO | GET /api/reports/activity -> 200 (0ms) [prasanna]
2026-10-07 17:54:59,244 | INFO | GET /api/reports/activity -> 200 (0ms) [prasanna]
2026-10-07 17:54:59,250 | INFO | GET /api/reports/activity -> 200 (0ms) [prasanna]
2026-10-07 17:54:59,267 | INFO | GET /api/reports/activity -> 200 (4ms) [prasanna]
2026-10-07 17:54:59,283 | INFO | GET /api/reports/activity -> 200 (2ms) [prasanna]
2026-10-07 17:54:59,293 | INFO | GET /api/reports/activity -> 200 (0ms) [prasanna]
2026-10-07 17:54:59,309 | INFO | GET /api/reports/activity -> 200 (1ms) [prasanna]
2026-10-07 17:54:59,317 | INFO | GET /api/reports/activity -> 200 (2ms) [prasanna]
2026-10-07 17:54:59,327 | INFO | GET /api/reports/activity -> 200 (1ms) [prasanna]
2026-10-07 17:54:59,337 | INFO | GET /api/reports/activity -> 200 (0ms) [prasanna]
2026-10-07 17:54:59,351 | INFO | GET /api/reports/activity -> 200 (0ms) [prasanna]
2026-10-07 17:54:59,364 | INFO | GET /api/reports/activity -> 200 (0ms) [prasanna]
2026-10-07 17:54:59,372 | INFO | GET /api/reports/activity -> 200 (0ms) [prasanna]
2026-10-07 17:54:59,380 | INFO | GET /api/reports/activity -> 200 (0ms) [prasanna]
2026-10-07 17:54:59,389 | INFO | GET /api/reports/activity -> 200 (0ms) [prasanna]
2026-10-07 17:54:59,401 | INFO | GET /api/reports/activity -> 200 (0ms) [prasanna]
2026-10-07 17:54:59,408 | INFO | GET /api/reports/activity -> 200 (0ms) [prasanna]
2026-10-07 17:54:59,417 | INFO | GET /api/reports/activity -> 200 (0ms) [prasanna]
2026-10-07 17:54:59,425 | INFO | GET /api/reports/activity -> 200 (1ms) [prasanna]
2026-10-07 17:54:59,435 | INFO | GET /api/reports/activity -> 200 (0ms) [prasanna]
2026-10-07 17:54:59,441 | INFO | GET /api/reports/activity -> 200 (0ms) [prasanna]
2026-10-07 17:54:59,447 | INFO | GET /api/reports/activity -> 200 (1ms) [prasanna]
2026-10-07 17:54:59,464 | INFO | GET /api/reports/activity -> 200 (0ms) [prasanna]
2026-10-07 17:54:59,473 | INFO | GET /api/reports/activity -> 200 (0ms) [prasanna]
2026-10-07 17:54:59,479 | INFO | GET /api/reports/activity -> 200 (0ms) [prasanna]
2026-10-07 17:55:00,995 | INFO | GET /api/reports/activity -> 200 (0ms) [prasanna]
2026-10-07 17:55:01,007 | INFO | GET /api/reports/activity -> 200 (0ms) [prasanna]
2026-10-07 17:55:01,018 | INFO | GET /api/reports/activity -> 200 (0ms) [prasanna]
2026-10-07 17:55:01,027 | INFO | GET /api/reports/activity -> 200 (0ms) [prasanna]
2026-10-07 17:55:01,039 | INFO | GET /api/reports/activity -> 200 (0ms) [prasanna]
2026-10-07 17:55:01,050 | INFO | GET /api/reports/activity -> 200 (0ms) [prasanna]
2026-10-07 17:55:01,060 | INFO | GET /api/reports/activity -> 200 (0ms) [prasanna]
2026-10-07 17:55:01,074 | INFO | GET /api/reports/activity -> 200 (0ms) [prasanna]
2026-10-07 17:55:01,082 | INFO | GET /api/reports/activity -> 200 (2ms) [prasanna]
2026-10-07 17:55:01,091 | INFO | GET /api/reports/activity -> 200 (2ms) [prasanna]
2026-10-07 17:55:01,110 | INFO | GET /api/reports/activity -> 200 (0ms) [prasanna]
2026-10-07 17:55:01,118 | INFO | GET /api/reports/activity -> 200 (0ms) [prasanna]
2026-10-07 17:55:01,126 | INFO | GET /api/reports/activity -> 200 (0ms) [prasanna]
2026-10-07 17:55:01,134 | INFO | GET /api/reports/activity -> 200 (1ms) [prasanna]
2026-10-07 17:55:01,141 | INFO | GET /api/reports/activity -> 200 (0ms) [prasanna]
2026-10-07 17:55:01,156 | INFO | GET /api/reports/activity -> 200 (0ms) [prasanna]
2026-10-07 17:55:01,161 | INFO | GET /api/reports/activity -> 200 (1ms) [prasanna]
2026-10-07 17:55:01,179 | INFO | GET /api/reports/activity -> 200 (0ms) [prasanna]
2026-10-07 17:55:01,193 | INFO | GET /api/reports/activity -> 200 (0ms) [prasanna]
2026-10-07 17:55:01,205 | INFO | GET /api/reports/activity -> 200 (0ms) [prasanna]
2026-10-07 17:55:01,212 | INFO | GET /api/reports/activity -> 200 (1ms) [prasanna]
2026-10-07 17:55:01,229 | INFO | GET /api/reports/activity -> 200 (0ms) [prasanna]
2026-10-07 17:55:01,240 | INFO | GET /api/reports/activity -> 200 (0ms) [prasanna]
2026-10-07 17:55:01,249 | INFO | GET /api/reports/activity -> 200 (0ms) [prasanna]
2026-10-07 17:55:01,262 | INFO | GET /api/reports/activity -> 200 (0ms) [prasanna]
2026-10-07 17:55:01,270 | INFO | GET /api/reports/activity -> 200 (0ms) [prasanna]
2026-10-07 17:55:01,278 | INFO | GET /api/reports/activity -> 200 (0ms) [prasanna]
2026-10-07 17:55:01,302 | INFO | GET /api/reports/activity -> 200 (1ms) [prasanna]
2026-10-07 17:55:01,309 | INFO | GET /api/reports/activity -> 200 (0ms) [prasanna]
2026-10-07 17:55:01,319 | INFO | GET /api/reports/activity -> 200 (1ms) [prasanna]
2026-10-07 17:55:01,328 | INFO | GET /api/reports/activity -> 200 (0ms) [prasanna]
2026-10-07 17:55:01,343 | INFO | GET /api/reports/activity -> 200 (0ms) [prasanna]
2026-10-07 17:55:01,353 | INFO | GET /api/reports/activity -> 200 (1ms) [prasanna]
2026-10-07 17:55:01,361 | INFO | GET /api/reports/activity -> 200 (0ms) [prasanna]
2026-10-07 17:55:01,384 | INFO | GET /api/reports/activity -> 200 (1ms) [prasanna]
2026-10-07 17:55:01,396 | INFO | GET /api/reports/activity -> 200 (0ms) [prasanna]
2026-10-07 17:55:01,405 | INFO | GET /api/reports/activity -> 200 (0ms) [prasanna]
2026-10-07 17:55:01,411 | INFO | GET /api/reports/activity -> 200 (0ms) [prasanna]
2026-10-07 17:55:01,425 | INFO | GET /api/reports/activity -> 200 (1ms) [prasanna]
2026-10-07 17:55:01,435 | INFO | GET /api/reports/activity -> 200 (0ms) [prasanna]
2026-10-07 17:55:01,441 | INFO | GET /api/reports/activity -> 200 (0ms) [prasanna]
2026-10-07 17:55:01,453 | INFO | GET /api/reports/activity -> 200 (0ms) [prasanna]
2026-10-07 17:55:01,465 | INFO | GET /api/reports/activity -> 200 (2ms) [prasanna]
2026-10-07 17:55:01,474 | INFO | GET /api/reports/activity -> 200 (1ms) [prasanna]
2026-10-07 17:55:01,483 | INFO | GET /api/reports/activity -> 200 (0ms) [prasanna]
2026-10-07 17:55:01,493 | INFO | GET /api/reports/activity -> 200 (1ms) [prasanna]
2026-10-07 17:55:01,504 | INFO | GET /api/reports/activity -> 200 (0ms) [prasanna]
2026-10-07 17:55:01,510 | INFO | GET /api/reports/activity -> 200 (0ms) [prasanna]
2026-10-07 17:55:01,523 | INFO | GET /api/reports/activity -> 200 (0ms) [prasanna]
2026-10-07 17:55:01,530 | INFO | GET /api/reports/activity -> 200 (0ms) [prasanna]
2026-10-07 17:55:01,537 | INFO | GET /api/reports/activity -> 200 (0ms) [prasanna]
2026-10-07 17:55:01,554 | INFO | GET /api/reports/activity -> 200 (0ms) [prasanna]
2026-10-07 17:55:01,566 | INFO | GET /api/reports/activity -> 200 (1ms) [prasanna]
2026-10-07 17:55:01,575 | INFO | GET /api/reports/activity -> 200 (0ms) [prasanna]
2026-10-07 17:55:01,582 | INFO | GET /api/reports/activity -> 200 (0ms) [prasanna]
2026-10-07 17:55:01,589 | INFO | GET /api/reports/activity -> 200 (1ms) [prasanna]
2026-10-07 17:55:01,608 | INFO | GET /api/reports/activity -> 200 (0ms) [prasanna]
2026-10-07 17:55:01,624 | INFO | GET /api/reports/activity -> 200 (0ms) [prasanna]
2026-10-07 17:55:01,632 | INFO | GET /api/reports/activity -> 200 (0ms) [prasanna]
2026-10-07 17:55:01,645 | INFO | GET /api/reports/activity -> 200 (0ms) [prasanna]
2026-10-07 17:55:01,659 | INFO | GET /api/reports/activity -> 200 (0ms) [prasanna]
2026-10-07 17:55:01,669 | INFO | GET /api/reports/activity -> 200 (0ms) [prasanna]
2026-10-07 17:55:01,676 | INFO | GET /api/reports/activity -> 200 (0ms) [prasanna]
2026-10-07 17:55:01,682 | INFO | GET /api/reports/activity -> 200 (1ms) [prasanna]
2026-10-07 17:55:02,767 | INFO | GET /api/reports/activity -> 200 (1ms) [prasanna]
2026-10-07 17:55:02,780 | INFO | GET /api/reports/activity -> 200 (0ms) [prasanna]
2026-10-07 17:55:02,791 | INFO | GET /api/reports/activity -> 200 (1ms) [prasanna]
2026-10-07 17:55:02,803 | INFO | GET /api/reports/activity -> 200 (0ms) [prasanna]
2026-10-07 17:55:02,810 | INFO | GET /api/reports/activity -> 200 (0ms) [prasanna]
2026-10-07 17:55:02,825 | INFO | GET /api/reports/activity -> 200 (1ms) [prasanna]
2026-10-07 17:55:02,835 | INFO | GET /api/reports/activity -> 200 (1ms) [prasanna]
2026-10-07 17:55:02,847 | INFO | GET /api/reports/activity -> 200 (1ms) [prasanna]
2026-10-07 17:55:02,858 | INFO | GET /api/reports/activity -> 200 (0ms) [prasanna]
2026-10-07 17:55:02,869 | INFO | GET /api/reports/activity -> 200 (0ms) [prasanna]
2026-10-07 17:55:02,876 | INFO | GET /api/reports/activity -> 200 (0ms) [prasanna]
2026-10-07 17:55:02,884 | INFO | GET /api/reports/activity -> 200 (0ms) [prasanna]
2026-10-07 17:55:02,893 | INFO | GET /api/reports/activity -> 200 (0ms) [prasanna]
2026-10-07 17:55:02,902 | INFO | GET /api/reports/activity -> 200 (0ms) [prasanna]
2026-10-07 17:55:02,916 | INFO | GET /api/reports/activity -> 200 (0ms) [prasanna]
2026-10-07 17:55:02,928 | INFO | GET /api/reports/activity -> 200 (0ms) [prasanna]
2026-10-07 17:55:02,941 | INFO | GET /api/reports/activity -> 200 (0ms) [prasanna]
2026-10-07 17:55:02,948 | INFO | GET /api/reports/activity -> 200 (1ms) [prasanna]
2026-10-07 17:55:02,967 | INFO | GET /api/reports/activity -> 200 (0ms) [prasanna]
2026-10-07 17:55:02,976 | INFO | GET /api/reports/activity -> 200 (0ms) [prasanna]
2026-10-07 17:55:02,984 | INFO | GET /api/reports/activity -> 200 (0ms) [prasanna]
2026-10-07 17:55:02,990 | INFO | GET /api/reports/activity -> 200 (0ms) [prasanna]
2026-10-07 17:55:03,008 | INFO | GET /api/reports/activity -> 200 (0ms) [prasanna]
2026-10-07 17:55:03,020 | INFO | GET /api/reports/activity -> 200 (0ms) [prasanna]
2026-10-07 17:55:03,032 | INFO | GET /api/reports/activity -> 200 (2ms) [prasanna]
2026-10-07 17:55:03,039 | INFO | GET /api/reports/activity -> 200 (0ms) [prasanna]
2026-10-07 17:55:03,051 | INFO | GET /api/reports/activity -> 200 (0ms) [prasanna]
2026-10-07 17:55:03,060 | INFO | GET /api/reports/activity -> 200 (0ms) [prasanna]
2026-10-07 17:55:03,071 | INFO | GET /api/reports/activity -> 200 (0ms) [prasanna]
2026-10-07 17:55:03,077 | INFO | GET /api/reports/activity -> 200 (0ms) [prasanna]
2026-10-07 17:55:03,085 | INFO | GET /api/reports/activity -> 200 (0ms) [prasanna]
2026-10-07 17:55:03,098 | INFO | GET /api/reports/activity -> 200 (1ms) [prasanna]
2026-10-07 17:55:03,105 | INFO | GET /api/reports/activity -> 200 (0ms) [prasanna]
2026-10-07 17:55:03,113 | INFO | GET /api/reports/activity -> 200 (2ms) [prasanna]
2026-10-07 17:55:03,126 | INFO | GET /api/reports/activity -> 200 (0ms) [prasanna]
2026-10-07 17:55:03,141 | INFO | GET /api/reports/activity -> 200 (0ms) [prasanna]
2026-10-07 17:55:03,147 | INFO | GET /api/reports/activity -> 200 (0ms) [prasanna]
2026-10-07 17:55:03,170 | INFO | GET /api/reports/activity -> 200 (0ms) [prasanna]
2026-10-07 17:55:03,187 | INFO | GET /api/reports/activity -> 200 (1ms) [prasanna]
2026-10-07 17:55:03,194 | INFO | GET /api/reports/activity -> 200 (0ms) [prasanna]
2026-10-07 17:55:03,216 | INFO | GET /api/reports/activity -> 200 (1ms) [prasanna]
2026-10-07 17:55:03,225 | INFO | GET /api/reports/activity -> 200 (0ms) [prasanna]
2026-10-07 17:55:03,236 | INFO | GET /api/reports/activity -> 200 (0ms) [prasanna]
2026-10-07 17:55:03,246 | INFO | GET /api/reports/activity -> 200 (2ms) [prasanna]
2026-10-07 17:55:03,255 | INFO | GET /api/reports/activity -> 200 (0ms) [prasanna]
2026-10-07 17:55:03,264 | INFO | GET /api/reports/activity -> 200 (2ms) [prasanna]
2026-10-07 17:55:03,270 | INFO | GET /api/reports/activity -> 200 (0ms) [prasanna]
2026-10-07 17:55:03,285 | INFO | GET /api/reports/activity -> 200 (0ms) [prasanna]
2026-10-07 17:55:03,291 | INFO | GET /api/reports/activity -> 200 (0ms) [prasanna]
2026-10-07 17:55:03,302 | INFO | GET /api/reports/activity -> 200 (1ms) [prasanna]
2026-10-07 17:55:03,309 | INFO | GET /api/reports/activity -> 200 (0ms) [prasanna]
2026-10-07 17:55:03,324 | INFO | GET /api/reports/activity -> 200 (0ms) [prasanna]
2026-10-07 17:55:03,341 | INFO | GET /api/reports/activity -> 200 (0ms) [prasanna]
2026-10-07 17:55:03,354 | INFO | GET /api/reports/activity -> 200 (1ms) [prasanna]
2026-10-07 17:55:03,364 | INFO | GET /api/reports/activity -> 200 (1ms) [prasanna]
2026-10-07 17:55:03,453 | INFO | GET /api/reports/activity -> 200 (1ms) [prasanna]
2026-10-07 17:55:03,480 | INFO | GET /api/reports/activity -> 200 (0ms) [prasanna]
2026-10-07 17:55:03,485 | INFO | GET /api/reports/activity -> 200 (0ms) [prasanna]
2026-10-07 17:55:03,497 | INFO | GET /api/reports/activity -> 200 (1ms) [prasanna]
2026-10-07 17:55:03,508 | INFO | GET /api/reports/activity -> 200 (0ms) [prasanna]
2026-10-07 17:55:03,523 | INFO | GET /api/reports/activity -> 200 (0ms) [prasanna]
2026-10-07 17:55:03,533 | INFO | GET /api/reports/activity -> 200 (0ms) [prasanna]
2026-10-07 17:55:03,541 | INFO | GET /api/reports/activity -> 200 (0ms) [prasanna]
2026-10-07 17:55:03,553 | INFO | GET /api/reports/activity -> 200 (0ms) [prasanna]
2026-10-07 17:55:03,566 | INFO | GET /api/reports/activity -> 200 (0ms) [prasanna]
2026-10-07 17:55:03,577 | INFO | GET /api/reports/activity -> 200 (0ms) [prasanna]
2026-10-07 17:55:03,585 | INFO | GET /api/reports/activity -> 200 (0ms) [prasanna]
2026-10-07 17:55:03,626 | INFO | GET /api/reports/activity -> 200 (0ms) [prasanna]
2026-10-07 17:55:03,677 | INFO | GET /api/reports/activity -> 200 (0ms) [prasanna]
2026-10-07 17:55:03,709 | INFO | GET /api/reports/activity -> 200 (0ms) [prasanna]
2026-10-07 17:55:03,717 | INFO | GET /api/reports/activity -> 200 (0ms) [prasanna]
2026-10-07 17:55:03,731 | INFO | GET /api/reports/activity -> 200 (3ms) [prasanna]
2026-10-07 17:55:03,755 | INFO | GET /api/reports/activity -> 200 (1ms) [prasanna]
2026-10-07 17:55:03,768 | INFO | GET /api/reports/activity -> 200 (0ms) [prasanna]
2026-10-07 17:55:03,778 | INFO | GET /api/reports/activity -> 200 (2ms) [prasanna]
2026-10-07 17:55:03,798 | INFO | GET /api/reports/activity -> 200 (0ms) [prasanna]
2026-10-07 17:55:03,804 | INFO | GET /api/reports/activity -> 200 (0ms) [prasanna]
2026-10-07 17:55:03,814 | INFO | GET /api/reports/activity -> 200 (4ms) [prasanna]
2026-10-07 17:55:03,825 | INFO | GET /api/reports/activity -> 200 (0ms) [prasanna]
2026-10-07 17:55:03,836 | INFO | GET /api/reports/activity -> 200 (0ms) [prasanna]
2026-10-07 17:55:03,841 | INFO | GET /api/reports/activity -> 200 (0ms) [prasanna]
2026-10-07 17:55:03,852 | INFO | GET /api/reports/activity -> 200 (0ms) [prasanna]
2026-10-07 17:55:03,863 | INFO | GET /api/reports/activity -> 200 (0ms) [prasanna]
2026-10-07 17:55:03,869 | INFO | GET /api/reports/activity -> 200 (0ms) [prasanna]
2026-10-07 17:55:03,873 | INFO | GET /api/reports/activity -> 200 (0ms) [prasanna]
2026-10-07 17:55:03,884 | INFO | GET /api/reports/activity -> 200 (2ms) [prasanna]
2026-10-07 17:55:03,891 | INFO | GET /api/reports/activity -> 200 (0ms) [prasanna]
2026-10-07 17:55:03,897 | INFO | GET /api/reports/activity -> 200 (0ms) [prasanna]
2026-10-07 17:55:03,903 | INFO | GET /api/reports/activity -> 200 (0ms) [prasanna]
2026-10-07 17:55:03,915 | INFO | GET /api/reports/activity -> 200 (0ms) [prasanna]
2026-10-07 17:55:03,928 | INFO | GET /api/reports/activity -> 200 (1ms) [prasanna]
2026-10-07 17:55:03,935 | INFO | GET /api/reports/activity -> 200 (0ms) [prasanna]
2026-10-07 17:55:03,941 | INFO | GET /api/reports/activity -> 200 (0ms) [prasanna]
2026-10-07 17:55:03,953 | INFO | GET /api/reports/activity -> 200 (1ms) [prasanna]
2026-10-07 17:55:03,959 | INFO | GET /api/reports/activity -> 200 (0ms) [prasanna]
2026-10-07 17:55:03,969 | INFO | GET /api/reports/activity -> 200 (0ms) [prasanna]
2026-10-07 17:55:03,978 | INFO | GET /api/reports/activity -> 200 (0ms) [prasanna]
2026-10-07 17:55:03,988 | INFO | GET /api/reports/activity -> 200 (0ms) [prasanna]
2026-10-07 17:55:03,993 | INFO | GET /api/reports/activity -> 200 (0ms) [prasanna]
2026-10-07 17:55:04,008 | INFO | GET /api/reports/activity -> 200 (0ms) [prasanna]
2026-10-07 17:55:04,015 | INFO | GET /api/reports/activity -> 200 (0ms) [prasanna]
2026-10-07 17:55:04,021 | INFO | GET /api/reports/activity -> 200 (0ms) [prasanna]
2026-10-07 17:55:04,029 | INFO | GET /api/reports/activity -> 200 (2ms) [prasanna]
2026-10-07 17:55:04,039 | INFO | GET /api/reports/activity -> 200 (0ms) [prasanna]
2026-10-07 17:55:04,050 | INFO | GET /api/reports/activity -> 200 (0ms) [prasanna]
2026-10-07 17:55:04,055 | INFO | GET /api/reports/activity -> 200 (1ms) [prasanna]
2026-10-07 17:55:04,063 | INFO | GET /api/reports/activity -> 200 (1ms) [prasanna]
2026-10-07 17:55:04,072 | INFO | GET /api/reports/activity -> 200 (0ms) [prasanna]
2026-10-07 17:55:04,079 | INFO | GET /api/reports/activity -> 200 (0ms) [prasanna]
2026-10-07 17:55:04,086 | INFO | GET /api/reports/activity -> 200 (0ms) [prasanna]
2026-10-07 17:55:04,092 | INFO | GET /api/reports/activity -> 200 (0ms) [prasanna]
2026-10-07 17:55:04,103 | INFO | GET /api/reports/activity -> 200 (1ms) [prasanna]
2026-10-07 17:55:04,115 | INFO | GET /api/reports/activity -> 200 (0ms) [prasanna]
2026-10-07 17:55:04,120 | INFO | GET /api/reports/activity -> 200 (0ms) [prasanna]
2026-10-07 17:55:04,131 | INFO | GET /api/reports/activity -> 200 (0ms) [prasanna]
2026-10-07 17:55:04,136 | INFO | GET /api/reports/activity -> 200 (0ms) [prasanna]
2026-10-07 17:55:04,147 | INFO | GET /api/reports/activity -> 200 (1ms) [prasanna]
2026-10-07 17:55:04,153 | INFO | GET /api/reports/activity -> 200 (0ms) [prasanna]
2026-10-07 17:55:04,159 | INFO | GET /api/reports/activity -> 200 (0ms) [prasanna]
2026-10-07 17:55:04,170 | INFO | GET /api/reports/activity -> 200 (1ms) [prasanna]
2026-10-07 17:55:04,184 | INFO | GET /api/reports/activity -> 200 (0ms) [prasanna]
2026-10-07 17:55:04,190 | INFO | GET /api/reports/activity -> 200 (0ms) [prasanna]
2026-10-07 17:55:04,198 | INFO | GET /api/reports/activity -> 200 (0ms) [prasanna]
2026-10-07 17:55:04,204 | INFO | GET /api/reports/activity -> 200 (0ms) [prasanna]
2026-10-07 17:55:04,210 | INFO | GET /api/reports/activity -> 200 (0ms) [prasanna]
2026-10-07 17:55:04,218 | INFO | GET /api/reports/activity -> 200 (0ms) [prasanna]
2026-10-07 17:55:04,233 | INFO | GET /api/reports/activity -> 200 (1ms) [prasanna]
2026-10-07 17:55:04,240 | INFO | GET /api/reports/activity -> 200 (0ms) [prasanna]
2026-10-07 17:55:11,871 | INFO | POST /api/reports/powerbi/export -> 200 (47ms) [prasanna]
2026-10-07 17:55:12,001 | INFO | GET /api/reports/export -> 200 (0ms) [prasanna]
2026-10-07 17:55:12,261 | INFO | GET /api/reports/powerbi -> 200 (257ms) [prasanna]
2026-10-07 17:55:17,752 | INFO | GET /pages/projects.html -> 304 (0ms) [anonymous]
2026-10-07 17:55:17,777 | INFO | GET /css/style.css -> 304 (0ms) [anonymous]
2026-10-07 17:55:17,793 | INFO | GET /css/dashboard.css -> 304 (1ms) [anonymous]
2026-10-07 17:55:17,793 | INFO | GET /css/responsive.css -> 304 (0ms) [anonymous]
2026-10-07 17:55:17,796 | INFO | GET /js/auth.js -> 304 (2ms) [anonymous]
2026-10-07 17:55:17,797 | INFO | GET /js/projects.js -> 304 (2ms) [anonymous]
2026-10-07 17:55:17,837 | INFO | GET /components/sidebar.html -> 304 (0ms) [anonymous]
2026-10-07 17:55:17,842 | INFO | GET /components/navbar.html -> 304 (3ms) [anonymous]
2026-10-07 17:55:17,842 | INFO | GET /components/footer.html -> 304 (2ms) [anonymous]
2026-10-07 17:55:17,842 | INFO | GET /components/modals.html -> 304 (1ms) [anonymous]
2026-10-07 17:55:17,883 | INFO | GET /api/auth/notifications -> 200 (4ms) [prasanna]
2026-10-07 17:55:17,888 | INFO | GET /api/companies -> 200 (0ms) [prasanna]
2026-10-07 17:55:17,890 | INFO | GET /api/employees -> 200 (1ms) [prasanna]
2026-10-07 17:55:17,892 | INFO | GET /api/developers -> 200 (0ms) [prasanna]
2026-10-07 17:55:17,910 | INFO | GET /api/projects -> 200 (0ms) [prasanna]
2026-10-07 17:55:19,972 | INFO | GET /pages/reports.html -> 304 (0ms) [anonymous]
2026-10-07 17:55:20,002 | INFO | GET /css/style.css -> 304 (1ms) [anonymous]
2026-10-07 17:55:20,004 | INFO | GET /js/reports.js -> 304 (0ms) [anonymous]
2026-10-07 17:55:20,007 | INFO | GET /js/auth.js -> 304 (0ms) [anonymous]
2026-10-07 17:55:20,012 | INFO | GET /css/responsive.css -> 304 (3ms) [anonymous]
2026-10-07 17:55:20,014 | INFO | GET /css/dashboard.css -> 304 (2ms) [anonymous]
2026-10-07 17:55:20,042 | INFO | GET /components/navbar.html -> 304 (2ms) [anonymous]
2026-10-07 17:55:20,043 | INFO | GET /components/sidebar.html -> 304 (1ms) [anonymous]
2026-10-07 17:55:20,047 | INFO | GET /components/footer.html -> 304 (2ms) [anonymous]
2026-10-07 17:55:20,066 | INFO | GET /api/auth/notifications -> 200 (0ms) [prasanna]
2026-10-07 17:55:20,073 | INFO | GET /api/reports/summary -> 200 (0ms) [prasanna]
2026-10-07 17:55:20,083 | INFO | GET /api/reports/dashboard -> 200 (2ms) [prasanna]
2026-10-07 17:55:20,101 | INFO | GET /api/reports/activity -> 200 (0ms) [prasanna]
2026-10-07 17:55:20,103 | INFO | GET /api/reports/export -> 200 (0ms) [prasanna]
2026-10-07 17:55:20,165 | INFO | GET /api/reports/monthly -> 200 (73ms) [prasanna]
2026-10-07 17:55:20,406 | INFO | GET /api/reports/powerbi -> 200 (301ms) [prasanna]
2026-10-07 17:55:21,830 | INFO | GET /pages/followups.html -> 304 (0ms) [anonymous]
2026-10-07 17:55:21,848 | INFO | GET /css/style.css -> 304 (0ms) [anonymous]
2026-10-07 17:55:21,857 | INFO | GET /css/responsive.css -> 304 (5ms) [anonymous]
2026-10-07 17:55:21,858 | INFO | GET /css/dashboard.css -> 304 (7ms) [anonymous]
2026-10-07 17:55:21,858 | INFO | GET /js/auth.js -> 304 (1ms) [anonymous]
2026-10-07 17:55:21,869 | INFO | GET /js/leads.js -> 304 (1ms) [anonymous]
2026-10-07 17:55:21,904 | INFO | GET /components/sidebar.html -> 304 (0ms) [anonymous]
2026-10-07 17:55:21,907 | INFO | GET /components/navbar.html -> 304 (0ms) [anonymous]
2026-10-07 17:55:21,920 | INFO | GET /components/footer.html -> 304 (1ms) [anonymous]
2026-10-07 17:55:21,920 | INFO | GET /components/modals.html -> 304 (0ms) [anonymous]
2026-10-07 17:55:21,939 | INFO | GET /api/auth/notifications -> 200 (0ms) [prasanna]
2026-10-07 17:55:21,940 | INFO | GET /api/employees -> 200 (0ms) [prasanna]
2026-10-07 17:55:21,941 | INFO | GET /api/employees -> 200 (0ms) [prasanna]
2026-10-07 17:55:21,942 | INFO | GET /api/followups -> 200 (0ms) [prasanna]
2026-10-07 17:55:25,174 | INFO | GET /pages/projects.html -> 304 (1ms) [anonymous]
2026-10-07 17:55:25,198 | INFO | GET /css/style.css -> 304 (0ms) [anonymous]
2026-10-07 17:55:25,209 | INFO | GET /css/dashboard.css -> 304 (3ms) [anonymous]
2026-10-07 17:55:25,213 | INFO | GET /js/auth.js -> 304 (2ms) [anonymous]
2026-10-07 17:55:25,214 | INFO | GET /css/responsive.css -> 304 (3ms) [anonymous]
2026-10-07 17:55:25,215 | INFO | GET /js/projects.js -> 304 (1ms) [anonymous]
2026-10-07 17:55:25,251 | INFO | GET /components/sidebar.html -> 304 (1ms) [anonymous]
2026-10-07 17:55:25,252 | INFO | GET /components/navbar.html -> 304 (1ms) [anonymous]
2026-10-07 17:55:25,255 | INFO | GET /components/footer.html -> 304 (1ms) [anonymous]
2026-10-07 17:55:25,257 | INFO | GET /components/modals.html -> 304 (1ms) [anonymous]
2026-10-07 17:55:25,290 | INFO | GET /api/auth/notifications -> 200 (1ms) [prasanna]
2026-10-07 17:55:25,295 | INFO | GET /api/companies -> 200 (0ms) [prasanna]
2026-10-07 17:55:25,299 | INFO | GET /api/employees -> 200 (0ms) [prasanna]
2026-10-07 17:55:25,302 | INFO | GET /api/developers -> 200 (0ms) [prasanna]
2026-10-07 17:55:25,320 | INFO | GET /api/projects -> 200 (0ms) [prasanna]
2026-10-07 17:55:27,871 | INFO | GET /pages/reports.html -> 304 (0ms) [anonymous]
2026-10-07 17:55:27,897 | INFO | GET /css/style.css -> 304 (1ms) [anonymous]
2026-10-07 17:55:27,911 | INFO | GET /css/responsive.css -> 304 (0ms) [anonymous]
2026-10-07 17:55:27,912 | INFO | GET /css/dashboard.css -> 304 (2ms) [anonymous]
2026-10-07 17:55:27,913 | INFO | GET /js/reports.js -> 304 (1ms) [anonymous]
2026-10-07 17:55:27,915 | INFO | GET /js/auth.js -> 304 (1ms) [anonymous]
2026-10-07 17:55:27,949 | INFO | GET /components/sidebar.html -> 304 (1ms) [anonymous]
2026-10-07 17:55:27,950 | INFO | GET /components/navbar.html -> 304 (0ms) [anonymous]
2026-10-07 17:55:27,952 | INFO | GET /components/footer.html -> 304 (0ms) [anonymous]
2026-10-07 17:55:27,980 | INFO | GET /api/auth/notifications -> 200 (0ms) [prasanna]
2026-10-07 17:55:27,982 | INFO | GET /api/reports/summary -> 200 (0ms) [prasanna]
2026-10-07 17:55:28,002 | INFO | GET /api/reports/dashboard -> 200 (0ms) [prasanna]
2026-10-07 17:55:28,020 | INFO | GET /api/reports/export -> 200 (0ms) [prasanna]
2026-10-07 17:55:28,050 | INFO | GET /api/reports/activity -> 200 (0ms) [prasanna]
2026-10-07 17:55:28,095 | INFO | GET /api/reports/monthly -> 200 (80ms) [prasanna]
2026-10-07 17:55:28,331 | INFO | GET /api/reports/powerbi -> 200 (279ms) [prasanna]
2026-10-07 17:55:34,246 | INFO | GET /api/reports/activity -> 200 (1ms) [prasanna]
2026-10-07 17:57:22,100 | INFO | GET /pages/leads.html -> 304 (1ms) [anonymous]
2026-10-07 17:57:22,133 | INFO | GET /css/style.css -> 304 (2ms) [anonymous]
2026-10-07 17:57:22,137 | INFO | GET /css/dashboard.css -> 304 (1ms) [anonymous]
2026-10-07 17:57:22,140 | INFO | GET /js/auth.js -> 304 (0ms) [anonymous]
2026-10-07 17:57:22,141 | INFO | GET /css/responsive.css -> 304 (3ms) [anonymous]
2026-10-07 17:57:22,145 | INFO | GET /js/leads.js -> 304 (0ms) [anonymous]
2026-10-07 17:57:22,182 | INFO | GET /components/sidebar.html -> 304 (2ms) [anonymous]
2026-10-07 17:57:22,189 | INFO | GET /components/navbar.html -> 304 (2ms) [anonymous]
2026-10-07 17:57:22,189 | INFO | GET /components/footer.html -> 304 (0ms) [anonymous]
2026-10-07 17:57:22,193 | INFO | GET /components/modals.html -> 304 (0ms) [anonymous]
2026-10-07 17:57:22,218 | INFO | GET /api/auth/notifications -> 200 (5ms) [prasanna]
2026-10-07 17:57:22,221 | INFO | GET /api/leads -> 200 (0ms) [prasanna]
2026-10-07 17:57:24,899 | INFO | GET /api/auth/notifications -> 200 (0ms) [prasanna]
2026-10-07 17:57:25,665 | INFO | GET /api/auth/notifications -> 200 (1ms) [prasanna]
2026-10-07 17:57:36,649 | INFO | GET /pages/followups.html -> 304 (0ms) [anonymous]
2026-10-07 17:57:36,693 | INFO | GET /css/style.css -> 304 (0ms) [anonymous]
2026-10-07 17:57:36,710 | INFO | GET /css/dashboard.css -> 304 (1ms) [anonymous]
2026-10-07 17:57:36,713 | INFO | GET /css/responsive.css -> 304 (3ms) [anonymous]
2026-10-07 17:57:36,715 | INFO | GET /js/auth.js -> 304 (3ms) [anonymous]
2026-10-07 17:57:36,716 | INFO | GET /js/leads.js -> 304 (2ms) [anonymous]
2026-10-07 17:57:36,743 | INFO | GET /components/sidebar.html -> 304 (0ms) [anonymous]
2026-10-07 17:57:36,747 | INFO | GET /components/navbar.html -> 304 (2ms) [anonymous]
2026-10-07 17:57:36,748 | INFO | GET /components/footer.html -> 304 (1ms) [anonymous]
2026-10-07 17:57:36,753 | INFO | GET /components/modals.html -> 304 (3ms) [anonymous]
2026-10-07 17:57:36,781 | INFO | GET /api/auth/notifications -> 200 (0ms) [prasanna]
2026-10-07 17:57:36,787 | INFO | GET /api/employees -> 200 (3ms) [prasanna]
2026-10-07 17:57:36,791 | INFO | GET /api/employees -> 200 (0ms) [prasanna]
2026-10-07 17:57:36,796 | INFO | GET /api/followups -> 200 (0ms) [prasanna]
2026-10-07 17:57:38,752 | INFO | GET /pages/projects.html -> 304 (0ms) [anonymous]
2026-10-07 17:57:38,771 | INFO | GET /css/style.css -> 304 (1ms) [anonymous]
2026-10-07 17:57:38,777 | INFO | GET /css/dashboard.css -> 304 (1ms) [anonymous]
2026-10-07 17:57:38,784 | INFO | GET /css/responsive.css -> 304 (6ms) [anonymous]
2026-10-07 17:57:38,784 | INFO | GET /js/auth.js -> 304 (5ms) [anonymous]
2026-10-07 17:57:38,787 | INFO | GET /js/projects.js -> 304 (2ms) [anonymous]
2026-10-07 17:57:38,823 | INFO | GET /components/sidebar.html -> 304 (8ms) [anonymous]
2026-10-07 17:57:38,824 | INFO | GET /components/navbar.html -> 304 (3ms) [anonymous]
2026-10-07 17:57:38,827 | INFO | GET /components/footer.html -> 304 (1ms) [anonymous]
2026-10-07 17:57:38,828 | INFO | GET /components/modals.html -> 304 (1ms) [anonymous]
2026-10-07 17:57:38,850 | INFO | GET /api/auth/notifications -> 200 (2ms) [prasanna]
2026-10-07 17:57:38,852 | INFO | GET /api/companies -> 200 (0ms) [prasanna]
2026-10-07 17:57:38,856 | INFO | GET /api/employees -> 200 (2ms) [prasanna]
2026-10-07 17:57:38,860 | INFO | GET /api/developers -> 200 (0ms) [prasanna]
2026-10-07 17:57:38,880 | INFO | GET /api/projects -> 200 (0ms) [prasanna]
2026-10-07 17:57:40,752 | INFO | GET /pages/reports.html -> 304 (1ms) [anonymous]
2026-10-07 17:57:40,775 | INFO | GET /css/style.css -> 304 (1ms) [anonymous]
2026-10-07 17:57:40,784 | INFO | GET /css/dashboard.css -> 304 (6ms) [anonymous]
2026-10-07 17:57:40,786 | INFO | GET /css/responsive.css -> 304 (0ms) [anonymous]
2026-10-07 17:57:40,792 | INFO | GET /js/auth.js -> 304 (1ms) [anonymous]
2026-10-07 17:57:40,792 | INFO | GET /js/reports.js -> 304 (0ms) [anonymous]
2026-10-07 17:57:40,824 | INFO | GET /components/sidebar.html -> 304 (0ms) [anonymous]
2026-10-07 17:57:40,827 | INFO | GET /components/navbar.html -> 304 (1ms) [anonymous]
2026-10-07 17:57:40,827 | INFO | GET /components/footer.html -> 304 (0ms) [anonymous]
2026-10-07 17:57:40,853 | INFO | GET /api/auth/notifications -> 200 (6ms) [prasanna]
2026-10-07 17:57:40,857 | INFO | GET /api/reports/summary -> 200 (0ms) [prasanna]
2026-10-07 17:57:40,866 | INFO | GET /api/reports/dashboard -> 200 (3ms) [prasanna]
2026-10-07 17:57:40,877 | INFO | GET /api/reports/export -> 200 (0ms) [prasanna]
2026-10-07 17:57:40,883 | INFO | GET /api/reports/activity -> 200 (1ms) [prasanna]
2026-10-07 17:57:40,965 | INFO | GET /api/reports/monthly -> 200 (90ms) [prasanna]
2026-10-07 17:57:41,153 | INFO | GET /api/reports/powerbi -> 200 (264ms) [prasanna]
2026-10-07 17:57:42,643 | INFO | GET /pages/companies.html -> 304 (0ms) [anonymous]
2026-10-07 17:57:42,664 | INFO | GET /css/style.css -> 304 (2ms) [anonymous]
2026-10-07 17:57:42,669 | INFO | GET /css/dashboard.css -> 304 (0ms) [anonymous]
2026-10-07 17:57:42,674 | INFO | GET /js/leads.js -> 304 (1ms) [anonymous]
2026-10-07 17:57:42,676 | INFO | GET /js/auth.js -> 304 (0ms) [anonymous]
2026-10-07 17:57:42,681 | INFO | GET /css/responsive.css -> 304 (2ms) [anonymous]
2026-10-07 17:57:42,709 | INFO | GET /components/sidebar.html -> 304 (0ms) [anonymous]
2026-10-07 17:57:42,713 | INFO | GET /components/navbar.html -> 304 (3ms) [anonymous]
2026-10-07 17:57:42,721 | INFO | GET /components/footer.html -> 304 (3ms) [anonymous]
2026-10-07 17:57:42,723 | INFO | GET /components/modals.html -> 304 (0ms) [anonymous]
2026-10-07 17:57:42,754 | INFO | GET /api/auth/notifications -> 200 (0ms) [prasanna]
2026-10-07 17:57:42,758 | INFO | GET /api/companies -> 200 (0ms) [prasanna]
2026-10-07 17:57:45,629 | INFO | GET /pages/employees.html -> 304 (2ms) [anonymous]
2026-10-07 17:57:45,651 | INFO | GET /css/style.css -> 304 (0ms) [anonymous]
2026-10-07 17:57:45,668 | INFO | GET /css/dashboard.css -> 304 (1ms) [anonymous]
2026-10-07 17:57:45,670 | INFO | GET /css/responsive.css -> 304 (0ms) [anonymous]
2026-10-07 17:57:45,674 | INFO | GET /js/auth.js -> 304 (2ms) [anonymous]
2026-10-07 17:57:45,676 | INFO | GET /js/employees.js -> 304 (1ms) [anonymous]
2026-10-07 17:57:45,697 | INFO | GET /components/sidebar.html -> 304 (1ms) [anonymous]
2026-10-07 17:57:45,698 | INFO | GET /components/navbar.html -> 304 (1ms) [anonymous]
2026-10-07 17:57:45,715 | INFO | GET /components/footer.html -> 304 (4ms) [anonymous]
2026-10-07 17:57:45,733 | INFO | GET /components/modals.html -> 304 (0ms) [anonymous]
2026-10-07 17:57:45,741 | INFO | GET /api/auth/notifications -> 200 (0ms) [prasanna]
2026-10-07 17:57:45,745 | INFO | GET /api/roles -> 200 (0ms) [prasanna]
2026-10-07 17:57:45,763 | INFO | GET /api/employees -> 200 (0ms) [prasanna]
2026-10-07 17:57:45,766 | INFO | GET /api/employees -> 200 (0ms) [prasanna]
2026-10-07 17:57:51,769 | INFO | GET /pages/leads.html -> 304 (3ms) [anonymous]
2026-10-07 17:57:51,791 | INFO | GET /css/style.css -> 304 (0ms) [anonymous]
2026-10-07 17:57:51,797 | INFO | GET /css/dashboard.css -> 304 (2ms) [anonymous]
2026-10-07 17:57:51,800 | INFO | GET /js/auth.js -> 304 (3ms) [anonymous]
2026-10-07 17:57:51,807 | INFO | GET /js/leads.js -> 304 (2ms) [anonymous]
2026-10-07 17:57:51,808 | INFO | GET /css/responsive.css -> 304 (8ms) [anonymous]
2026-10-07 17:57:51,847 | INFO | GET /components/sidebar.html -> 304 (1ms) [anonymous]
2026-10-07 17:57:51,848 | INFO | GET /components/navbar.html -> 304 (2ms) [anonymous]
2026-10-07 17:57:51,851 | INFO | GET /components/footer.html -> 304 (2ms) [anonymous]
2026-10-07 17:57:51,852 | INFO | GET /components/modals.html -> 304 (1ms) [anonymous]
2026-10-07 17:57:51,888 | INFO | GET /api/auth/notifications -> 200 (2ms) [prasanna]
2026-10-07 17:57:51,891 | INFO | GET /api/leads -> 200 (0ms) [prasanna]
2026-10-07 17:57:54,811 | INFO | GET /pages/reports.html -> 304 (0ms) [anonymous]
2026-10-07 17:57:54,836 | INFO | GET /css/style.css -> 304 (2ms) [anonymous]
2026-10-07 17:57:54,845 | INFO | GET /css/responsive.css -> 304 (3ms) [anonymous]
2026-10-07 17:57:54,846 | INFO | GET /css/dashboard.css -> 304 (0ms) [anonymous]
2026-10-07 17:57:54,853 | INFO | GET /js/auth.js -> 304 (2ms) [anonymous]
2026-10-07 17:57:54,854 | INFO | GET /js/reports.js -> 304 (0ms) [anonymous]
2026-10-07 17:57:54,952 | INFO | GET /components/sidebar.html -> 304 (0ms) [anonymous]
2026-10-07 17:57:54,967 | INFO | GET /components/navbar.html -> 304 (0ms) [anonymous]
2026-10-07 17:57:54,972 | INFO | GET /components/footer.html -> 304 (1ms) [anonymous]
2026-10-07 17:57:55,006 | INFO | GET /api/auth/notifications -> 200 (2ms) [prasanna]
2026-10-07 17:57:55,009 | INFO | GET /api/reports/summary -> 200 (0ms) [prasanna]
2026-10-07 17:57:55,013 | INFO | GET /api/reports/dashboard -> 200 (0ms) [prasanna]
2026-10-07 17:57:55,026 | INFO | GET /api/reports/activity -> 200 (0ms) [prasanna]
2026-10-07 17:57:55,029 | INFO | GET /api/reports/export -> 200 (0ms) [prasanna]
2026-10-07 17:57:55,112 | INFO | GET /api/reports/monthly -> 200 (94ms) [prasanna]
2026-10-07 17:57:55,318 | INFO | GET /api/reports/powerbi -> 200 (287ms) [prasanna]
2026-10-07 17:59:01,020 | INFO | CRM backend ready on http://0.0.0.0:5000
2026-10-07 17:59:01,397 | INFO | CRM backend ready on http://0.0.0.0:5000
2026-10-07 17:59:01,410 | INFO | GET /health -> 200 (0ms) [anonymous]
2026-10-07 17:59:01,411 | INFO | POST /api/auth/login -> 401 (0ms) [anonymous]
2026-10-07 17:59:01,655 | INFO | POST /api/auth/login -> 200 (242ms) [anonymous]
2026-10-07 17:59:01,657 | INFO | GET /api/auth/me -> 200 (1ms) [prasanna]
2026-10-07 17:59:01,658 | INFO | GET /api/leads -> 401 (0ms) [anonymous]
2026-10-07 17:59:01,944 | INFO | POST /api/employees -> 201 (284ms) [prasanna]
2026-10-07 17:59:02,421 | INFO | POST /api/employees -> 201 (358ms) [prasanna]
2026-10-07 17:59:02,544 | INFO | GET /api/employees -> 200 (0ms) [prasanna]
2026-10-07 17:59:02,705 | INFO | POST /api/companies -> 201 (159ms) [prasanna]
2026-10-07 17:59:03,055 | INFO | POST /api/leads -> 201 (226ms) [prasanna]
2026-10-07 17:59:03,298 | INFO | GET /api/leads/lead_7df2bc0f4e9d -> 200 (0ms) [prasanna]
2026-10-07 17:59:03,365 | INFO | POST /api/leads/lead_7df2bc0f4e9d/followups -> 201 (64ms) [prasanna]
2026-10-07 17:59:03,609 | INFO | POST /api/leads/lead_7df2bc0f4e9d/calls -> 201 (78ms) [prasanna]
2026-10-07 17:59:03,783 | INFO | GET /api/followups -> 200 (0ms) [prasanna]
2026-10-07 17:59:03,784 | INFO | GET /api/calls -> 200 (0ms) [prasanna]
2026-10-07 17:59:03,927 | INFO | POST /api/developers -> 201 (142ms) [prasanna]
2026-10-07 17:59:04,268 | INFO | POST /api/projects -> 201 (218ms) [prasanna]
2026-10-07 17:59:04,413 | INFO | POST /api/projects/prj_dc5e6d137158/tasks -> 201 (26ms) [prasanna]
2026-10-07 17:59:04,636 | INFO | PUT /api/projects/tasks/tsk_b2844ba76d66 -> 200 (62ms) [prasanna]
2026-10-07 17:59:04,805 | INFO | POST /api/projects/prj_dc5e6d137158/updates -> 201 (56ms) [prasanna]
2026-10-07 17:59:05,024 | INFO | POST /api/projects/prj_dc5e6d137158/assignments -> 201 (107ms) [prasanna]
2026-10-07 17:59:05,138 | INFO | GET /api/developers/dev_ad6496ed0fae -> 200 (0ms) [prasanna]
2026-10-07 17:59:05,265 | INFO | POST /api/projects/prj_dc5e6d137158/members -> 201 (125ms) [prasanna]
2026-10-07 17:59:05,394 | INFO | POST /api/projects/prj_dc5e6d137158/members -> 422 (0ms) [prasanna]
2026-10-07 17:59:05,521 | INFO | POST /api/projects/prj_dc5e6d137158/members -> 404 (0ms) [prasanna]
2026-10-07 17:59:06,044 | INFO | POST /api/auth/login -> 200 (248ms) [anonymous]
2026-10-07 17:59:06,315 | INFO | POST /api/auth/login -> 200 (269ms) [anonymous]
2026-10-07 17:59:06,456 | INFO | POST /api/projects/prj_dc5e6d137158/members -> 201 (139ms) [Jane Employee]
2026-10-07 17:59:06,582 | INFO | POST /api/projects/prj_dc5e6d137158/members -> 403 (0ms) [John Dev]
2026-10-07 17:59:06,709 | INFO | GET /api/projects/prj_dc5e6d137158/members -> 200 (0ms) [John Dev]
2026-10-07 17:59:06,710 | INFO | GET /api/projects/prj_dc5e6d137158 -> 200 (0ms) [prasanna]
2026-10-07 17:59:06,748 | INFO | PUT /api/projects/members/mem_88b7c1774118/release -> 200 (36ms) [prasanna]
2026-10-07 17:59:06,990 | INFO | POST /api/projects/prj_dc5e6d137158/members -> 201 (119ms) [prasanna]
2026-10-07 17:59:07,137 | INFO | DELETE /api/projects/members/mem_cc4a2cdfc137 -> 200 (32ms) [prasanna]
2026-10-07 17:59:07,340 | INFO | DELETE /api/projects/members/mem_4f6ad272a233 -> 200 (32ms) [prasanna]
2026-10-07 17:59:07,464 | INFO | GET /api/reports/summary -> 200 (0ms) [prasanna]
2026-10-07 17:59:07,466 | INFO | GET /api/reports/dashboard -> 200 (0ms) [prasanna]
2026-10-07 17:59:07,537 | INFO | GET /api/reports/daily -> 200 (69ms) [prasanna]
2026-10-07 17:59:07,563 | INFO | GET /api/reports/weekly -> 200 (24ms) [prasanna]
2026-10-07 17:59:07,592 | INFO | GET /api/reports/monthly -> 200 (26ms) [prasanna]
2026-10-07 17:59:07,621 | INFO | GET /api/reports/yearly -> 200 (28ms) [prasanna]
2026-10-07 17:59:07,645 | INFO | GET /api/reports/export/leads -> 200 (22ms) [prasanna]
2026-10-07 17:59:07,722 | INFO | POST /api/reports/powerbi/export -> 200 (75ms) [prasanna]
2026-10-07 17:59:07,853 | INFO | GET /api/reports/activity -> 200 (1ms) [prasanna]
2026-10-07 17:59:08,111 | INFO | POST /api/auth/login -> 200 (256ms) [anonymous]
2026-10-07 17:59:08,113 | INFO | GET /api/employees -> 200 (1ms) [Jane Employee]
2026-10-07 17:59:08,116 | INFO | POST /api/employees -> 403 (1ms) [Jane Employee]
2026-10-07 17:59:08,296 | INFO | GET /api/reports/summary -> 200 (0ms) [Jane Employee]
2026-10-07 17:59:08,562 | INFO | POST /api/auth/login -> 200 (264ms) [anonymous]
2026-10-07 17:59:08,565 | INFO | GET /api/reports/summary -> 200 (0ms) [John Dev]
2026-10-07 17:59:08,566 | INFO | DELETE /api/leads/lead_7df2bc0f4e9d -> 404 (0ms) [John Dev]
2026-10-07 17:59:08,729 | INFO | GET /api/roles -> 200 (0ms) [prasanna]
2026-10-07 17:59:08,887 | INFO | POST /api/roles -> 201 (156ms) [prasanna]
2026-10-07 17:59:09,012 | INFO | POST /api/roles -> 422 (0ms) [prasanna]
2026-10-07 17:59:09,580 | INFO | POST /api/employees -> 201 (437ms) [prasanna]
2026-10-07 17:59:09,704 | INFO | POST /api/employees -> 422 (0ms) [prasanna]
2026-10-07 17:59:10,182 | INFO | POST /api/auth/login -> 200 (298ms) [anonymous]
2026-10-07 17:59:10,183 | INFO | GET /api/leads -> 200 (0ms) [Rita Role]
2026-10-07 17:59:10,186 | INFO | GET /api/reports/summary -> 200 (0ms) [Rita Role]
2026-10-07 17:59:10,187 | INFO | POST /api/roles -> 403 (0ms) [Rita Role]
2026-10-07 17:59:10,310 | INFO | DELETE /api/roles/role_389c7395e98b -> 409 (0ms) [prasanna]
2026-10-07 17:59:10,570 | INFO | DELETE /api/employees/emp_55d9abe92e7c -> 200 (142ms) [prasanna]
2026-10-07 17:59:10,862 | INFO | DELETE /api/roles/role_389c7395e98b -> 200 (164ms) [prasanna]
2026-10-07 17:59:10,983 | INFO | DELETE /api/roles/role_46052807f7bb -> 400 (0ms) [prasanna]
2026-10-07 17:59:11,413 | INFO | POST /api/leads/lead_7df2bc0f4e9d/assign -> 200 (274ms) [prasanna]
2026-10-07 17:59:11,658 | INFO | POST /api/projects/prj_dc5e6d137158/tasks -> 201 (116ms) [prasanna]
2026-10-07 17:59:11,981 | INFO | PUT /api/projects/prj_dc5e6d137158 -> 200 (162ms) [prasanna]
2026-10-07 17:59:12,147 | INFO | GET /api/employees/emp_cc00882ff5bc -> 200 (0ms) [prasanna]
2026-10-07 17:59:12,323 | INFO | POST /api/leads/lead_7df2bc0f4e9d/assign -> 200 (175ms) [prasanna]
2026-10-07 17:59:12,493 | INFO | PUT /api/projects/tasks/tsk_8d1c7016e46e -> 200 (33ms) [prasanna]
2026-10-07 17:59:12,995 | INFO | PUT /api/projects/prj_dc5e6d137158 -> 200 (353ms) [prasanna]
2026-10-07 17:59:13,140 | INFO | GET /api/employees/emp_cc00882ff5bc -> 200 (0ms) [prasanna]
2026-10-07 17:59:13,569 | INFO | POST /api/leads/lead_7df2bc0f4e9d/assign -> 200 (427ms) [prasanna]
2026-10-07 17:59:13,973 | INFO | POST /api/leads -> 201 (262ms) [prasanna]
2026-10-07 17:59:14,117 | INFO | GET /api/leads -> 200 (1ms) [Jane Employee]
2026-10-07 17:59:14,119 | INFO | GET /api/leads -> 200 (1ms) [John Dev]
2026-10-07 17:59:14,120 | INFO | GET /api/leads/lead_06f079bf334b -> 404 (0ms) [Jane Employee]
2026-10-07 17:59:14,122 | INFO | GET /api/leads/lead_7df2bc0f4e9d -> 404 (0ms) [John Dev]
2026-10-07 17:59:14,124 | INFO | POST /api/leads/lead_7df2bc0f4e9d/assign -> 403 (0ms) [Jane Employee]
2026-10-07 17:59:14,265 | INFO | PUT /api/leads/lead_06f079bf334b -> 404 (0ms) [Jane Employee]
2026-10-07 17:59:14,426 | INFO | DELETE /api/leads/lead_06f079bf334b -> 404 (0ms) [Jane Employee]
2026-10-07 17:59:14,889 | INFO | POST /api/leads -> 201 (269ms) [Jane Employee]
2026-10-07 17:59:15,065 | INFO | GET /api/leads -> 200 (0ms) [John Dev]
2026-10-07 17:59:15,067 | INFO | GET /api/leads/lead_a66be2998e09 -> 404 (0ms) [John Dev]
2026-10-07 17:59:15,335 | INFO | POST /api/leads -> 201 (267ms) [John Dev]
2026-10-07 17:59:15,543 | INFO | POST /api/leads/lead_14e40a9a697b/followups -> 201 (75ms) [John Dev]
2026-10-07 17:59:15,768 | INFO | POST /api/leads/lead_7df2bc0f4e9d/followups -> 404 (0ms) [John Dev]
2026-10-07 17:59:15,900 | INFO | DELETE /api/leads/lead_7df2bc0f4e9d -> 404 (0ms) [John Dev]
2026-10-07 17:59:16,212 | INFO | POST /api/companies -> 201 (183ms) [John Dev]
2026-10-07 17:59:16,495 | INFO | DELETE /api/followups/fup_73fbe9c5aab3 -> 200 (25ms) [prasanna]
2026-10-07 17:59:16,988 | INFO | DELETE /api/leads/lead_14e40a9a697b -> 200 (354ms) [prasanna]
2026-10-07 17:59:17,553 | INFO | DELETE /api/companies/cmp_8fa6d187816e -> 200 (234ms) [prasanna]
2026-10-07 17:59:17,736 | INFO | GET /api/followups -> 200 (0ms) [Jane Employee]
2026-10-07 17:59:17,737 | INFO | GET /api/followups -> 200 (0ms) [John Dev]
2026-10-07 17:59:17,741 | INFO | GET /api/leads/lead_06f079bf334b/followups -> 404 (0ms) [Jane Employee]
2026-10-07 17:59:17,813 | INFO | POST /api/leads/lead_7df2bc0f4e9d/calls -> 201 (69ms) [Jane Employee]
2026-10-07 17:59:17,950 | INFO | GET /api/calls -> 200 (0ms) [Jane Employee]
2026-10-07 17:59:17,952 | INFO | GET /api/calls -> 200 (0ms) [John Dev]
2026-10-07 17:59:18,182 | INFO | DELETE /api/leads/lead_a66be2998e09 -> 200 (229ms) [Jane Employee]
2026-10-07 17:59:18,762 | INFO | DELETE /api/leads/lead_06f079bf334b -> 200 (226ms) [prasanna]
2026-10-07 17:59:19,244 | INFO | DELETE /api/leads/lead_7df2bc0f4e9d -> 200 (308ms) [prasanna]
2026-10-07 17:59:19,774 | INFO | DELETE /api/projects/prj_dc5e6d137158 -> 200 (374ms) [prasanna]
2026-10-07 17:59:20,056 | INFO | PUT /api/auth/change-password -> 403 (0ms) [Jane Employee]
2026-10-07 17:59:20,262 | INFO | POST /api/auth/register -> 403 (0ms) [Jane Employee]
2026-10-07 17:59:20,799 | INFO | PUT /api/auth/change-password -> 200 (300ms) [prasanna]
2026-10-07 17:59:21,380 | INFO | PUT /api/employees/emp_cc00882ff5bc -> 200 (380ms) [prasanna]
2026-10-07 17:59:21,888 | INFO | POST /api/auth/login -> 200 (289ms) [anonymous]
2026-10-07 17:59:21,890 | INFO | POST /api/auth/notifications -> 403 (0ms) [Jane Employee]
2026-10-07 17:59:22,058 | INFO | POST /api/auth/notifications -> 404 (0ms) [prasanna]
2026-10-07 17:59:22,218 | INFO | POST /api/auth/notifications -> 422 (0ms) [prasanna]
2026-10-07 17:59:22,500 | INFO | POST /api/auth/notifications -> 201 (107ms) [prasanna]
2026-10-07 17:59:22,704 | INFO | GET /api/auth/notifications -> 200 (0ms) [Jane Employee]
2026-10-07 17:59:22,706 | INFO | GET /api/auth/notifications -> 200 (0ms) [John Dev]
2026-10-07 17:59:22,811 | INFO | POST /api/auth/notifications/ntf_d9344b9f44d4/reply -> 201 (104ms) [Jane Employee]
2026-10-07 17:59:22,981 | INFO | GET /api/auth/notifications -> 200 (0ms) [prasanna]
2026-10-07 17:59:22,984 | INFO | POST /api/auth/notifications/ntf_d9344b9f44d4/reply -> 404 (0ms) [John Dev]
2026-10-07 17:59:23,142 | INFO | POST /api/auth/notifications/ntf_d9344b9f44d4/reply -> 422 (0ms) [Jane Employee]
2026-10-07 17:59:23,479 | INFO | POST /api/auth/notifications -> 201 (102ms) [prasanna]
2026-10-07 17:59:23,897 | INFO | POST /api/auth/notifications/ntf_1a9198a31868/reply -> 201 (141ms) [John Dev]
2026-10-07 17:59:24,058 | INFO | POST /api/leads/import -> 403 (0ms) [Jane Employee]
2026-10-07 17:59:24,998 | INFO | POST /api/leads/import -> 201 (776ms) [prasanna]
2026-10-07 17:59:25,153 | INFO | GET /api/leads -> 200 (1ms) [prasanna]
2026-10-07 17:59:25,155 | INFO | GET /api/leads -> 200 (0ms) [Jane Employee]
2026-10-07 17:59:25,159 | INFO | POST /api/leads/import -> 422 (1ms) [prasanna]
2026-10-07 17:59:25,356 | INFO | POST /api/leads/import -> 422 (0ms) [prasanna]
2026-10-07 17:59:25,876 | INFO | POST /api/leads/import -> 201 (336ms) [prasanna]
2026-10-07 17:59:26,092 | INFO | GET /api/companies -> 200 (0ms) [prasanna]
2026-10-07 17:59:26,107 | INFO | GET /api/leads -> 200 (9ms) [prasanna]
2026-10-07 17:59:26,469 | INFO | DELETE /api/leads/lead_58cc7a6b3eee -> 200 (360ms) [prasanna]
2026-10-07 17:59:26,912 | INFO | DELETE /api/leads/lead_b3783f94f7e4 -> 200 (282ms) [prasanna]
2026-10-07 17:59:27,318 | INFO | DELETE /api/leads/lead_bc74edaae26a -> 200 (224ms) [prasanna]
2026-10-07 17:59:27,475 | INFO | GET /api/leads -> 200 (0ms) [prasanna]
2026-10-07 17:59:27,675 | INFO | DELETE /api/companies/cmp_2849670b7adb -> 200 (198ms) [prasanna]
2026-10-07 17:59:28,077 | INFO | DELETE /api/employees/emp_cc00882ff5bc -> 200 (216ms) [prasanna]
2026-10-07 17:59:28,520 | INFO | DELETE /api/employees/emp_67aaa911af31 -> 200 (201ms) [prasanna]
2026-10-07 17:59:44,425 | INFO | CRM backend ready on http://0.0.0.0:5000
2026-10-07 18:00:11,146 | INFO | CRM backend ready on http://0.0.0.0:5001
2026-10-07 18:00:15,513 | INFO | GET /health -> 200 (0ms) [anonymous]
2026-10-07 18:03:35,617 | INFO | GET /pages/reports.html -> 200 (0ms) [anonymous]
2026-10-07 18:03:35,645 | INFO | GET /css/style.css -> 304 (1ms) [anonymous]
2026-10-07 18:03:35,651 | INFO | GET /css/dashboard.css -> 304 (1ms) [anonymous]
2026-10-07 18:03:35,658 | INFO | GET /css/responsive.css -> 304 (1ms) [anonymous]
2026-10-07 18:03:35,660 | INFO | GET /js/reports.js -> 304 (3ms) [anonymous]
2026-10-07 18:03:35,661 | INFO | GET /js/auth.js -> 304 (2ms) [anonymous]
2026-10-07 18:03:35,682 | INFO | GET /components/sidebar.html -> 304 (0ms) [anonymous]
2026-10-07 18:03:35,692 | INFO | GET /components/navbar.html -> 304 (2ms) [anonymous]
2026-10-07 18:03:35,703 | INFO | GET /components/footer.html -> 304 (5ms) [anonymous]
2026-10-07 18:03:35,721 | INFO | GET /api/auth/notifications -> 200 (0ms) [prasanna]
2026-10-07 18:03:35,723 | INFO | GET /api/reports/summary -> 200 (0ms) [prasanna]
2026-10-07 18:03:35,725 | INFO | GET /api/reports/dashboard -> 200 (1ms) [prasanna]
2026-10-07 18:03:35,741 | INFO | GET /api/reports/activity -> 200 (4ms) [prasanna]
2026-10-07 18:03:35,754 | INFO | GET /api/reports/export -> 200 (0ms) [prasanna]
2026-10-07 18:03:35,841 | INFO | GET /api/reports/monthly -> 200 (114ms) [prasanna]
2026-10-07 18:03:36,036 | INFO | GET /api/reports/powerbi -> 200 (280ms) [prasanna]
2026-10-07 18:03:56,690 | INFO | POST /api/reports/powerbi/export -> 200 (42ms) [prasanna]
2026-10-07 18:03:56,811 | INFO | GET /api/reports/export -> 200 (0ms) [prasanna]
2026-10-07 18:03:57,069 | INFO | GET /api/reports/powerbi -> 200 (253ms) [prasanna]
2026-10-07 18:04:22,857 | INFO | CRM backend ready on http://0.0.0.0:5001
2026-10-07 18:04:26,350 | INFO | GET /pages/projects.html -> 304 (0ms) [anonymous]
2026-10-07 18:04:26,372 | INFO | GET /css/style.css -> 304 (0ms) [anonymous]
2026-10-07 18:04:26,379 | INFO | GET /css/dashboard.css -> 304 (1ms) [anonymous]
2026-10-07 18:04:26,393 | INFO | GET /css/responsive.css -> 304 (2ms) [anonymous]
2026-10-07 18:04:26,393 | INFO | GET /js/auth.js -> 304 (0ms) [anonymous]
2026-10-07 18:04:26,395 | INFO | GET /js/projects.js -> 304 (0ms) [anonymous]
2026-10-07 18:04:26,429 | INFO | GET /components/sidebar.html -> 304 (1ms) [anonymous]
2026-10-07 18:04:26,443 | INFO | GET /components/navbar.html -> 304 (2ms) [anonymous]
2026-10-07 18:04:26,444 | INFO | GET /components/footer.html -> 304 (0ms) [anonymous]
2026-10-07 18:04:26,446 | INFO | GET /components/modals.html -> 304 (0ms) [anonymous]
2026-10-07 18:04:26,467 | INFO | GET /api/auth/notifications -> 200 (0ms) [prasanna]
2026-10-07 18:04:26,469 | INFO | GET /api/companies -> 200 (0ms) [prasanna]
2026-10-07 18:04:26,472 | INFO | GET /api/employees -> 200 (0ms) [prasanna]
2026-10-07 18:04:26,474 | INFO | GET /api/developers -> 200 (0ms) [prasanna]
2026-10-07 18:04:26,504 | INFO | GET /api/projects -> 200 (0ms) [prasanna]
2026-10-07 18:04:27,451 | INFO | GET /health -> 200 (0ms) [anonymous]
2026-10-07 18:04:29,223 | INFO | GET /pages/projects.html -> 304 (0ms) [anonymous]
2026-10-07 18:04:29,296 | INFO | GET /css/dashboard.css -> 304 (3ms) [anonymous]
2026-10-07 18:04:29,297 | INFO | GET /css/style.css -> 304 (3ms) [anonymous]
2026-10-07 18:04:29,307 | INFO | GET /css/responsive.css -> 304 (2ms) [anonymous]
2026-10-07 18:04:29,316 | INFO | GET /js/auth.js -> 304 (0ms) [anonymous]
2026-10-07 18:04:29,322 | INFO | GET /js/projects.js -> 304 (1ms) [anonymous]
2026-10-07 18:04:29,409 | INFO | GET /components/sidebar.html -> 304 (0ms) [anonymous]
2026-10-07 18:04:29,420 | INFO | GET /components/navbar.html -> 304 (2ms) [anonymous]
2026-10-07 18:04:29,421 | INFO | GET /components/footer.html -> 304 (1ms) [anonymous]
2026-10-07 18:04:29,422 | INFO | GET /components/modals.html -> 304 (0ms) [anonymous]
2026-10-07 18:04:29,504 | INFO | GET /api/auth/notifications -> 200 (0ms) [prasanna]
2026-10-07 18:04:29,506 | INFO | GET /api/companies -> 200 (0ms) [prasanna]
2026-10-07 18:04:29,508 | INFO | GET /api/employees -> 200 (0ms) [prasanna]
2026-10-07 18:04:29,513 | INFO | GET /api/developers -> 200 (0ms) [prasanna]
2026-10-07 18:04:29,575 | INFO | GET /api/projects -> 200 (0ms) [prasanna]
2026-10-07 18:04:42,374 | INFO | GET /pages/companies.html -> 304 (0ms) [anonymous]
2026-10-07 18:04:42,397 | INFO | GET /css/style.css -> 304 (1ms) [anonymous]
2026-10-07 18:04:42,412 | INFO | GET /css/dashboard.css -> 304 (0ms) [anonymous]
2026-10-07 18:04:42,417 | INFO | GET /css/responsive.css -> 304 (2ms) [anonymous]
2026-10-07 18:04:42,418 | INFO | GET /js/leads.js -> 304 (3ms) [anonymous]
2026-10-07 18:04:42,421 | INFO | GET /js/auth.js -> 304 (1ms) [anonymous]
2026-10-07 18:04:42,461 | INFO | GET /components/sidebar.html -> 304 (0ms) [anonymous]
2026-10-07 18:04:42,463 | INFO | GET /components/navbar.html -> 304 (1ms) [anonymous]
2026-10-07 18:04:42,468 | INFO | GET /components/footer.html -> 304 (5ms) [anonymous]
2026-10-07 18:04:42,471 | INFO | GET /components/modals.html -> 304 (6ms) [anonymous]
2026-10-07 18:04:42,504 | INFO | GET /api/auth/notifications -> 200 (1ms) [prasanna]
2026-10-07 18:04:42,512 | INFO | GET /api/companies -> 200 (0ms) [prasanna]
2026-10-07 18:04:45,470 | INFO | GET /pages/employees.html -> 304 (0ms) [anonymous]
2026-10-07 18:04:45,490 | INFO | GET /css/style.css -> 304 (1ms) [anonymous]
2026-10-07 18:04:45,493 | INFO | GET /css/dashboard.css -> 304 (1ms) [anonymous]
2026-10-07 18:04:45,497 | INFO | GET /css/responsive.css -> 304 (4ms) [anonymous]
2026-10-07 18:04:45,500 | INFO | GET /js/auth.js -> 304 (5ms) [anonymous]
2026-10-07 18:04:45,501 | INFO | GET /js/employees.js -> 304 (1ms) [anonymous]
2026-10-07 18:04:45,546 | INFO | GET /components/sidebar.html -> 304 (3ms) [anonymous]
2026-10-07 18:04:45,550 | INFO | GET /components/navbar.html -> 304 (5ms) [anonymous]
2026-10-07 18:04:45,553 | INFO | GET /components/footer.html -> 304 (1ms) [anonymous]
2026-10-07 18:04:45,554 | INFO | GET /components/modals.html -> 304 (1ms) [anonymous]
2026-10-07 18:04:45,585 | INFO | GET /api/auth/notifications -> 200 (2ms) [prasanna]
2026-10-07 18:04:45,592 | INFO | GET /api/roles -> 200 (1ms) [prasanna]
2026-10-07 18:04:45,606 | INFO | GET /api/employees -> 200 (0ms) [prasanna]
2026-10-07 18:04:45,608 | INFO | GET /api/employees -> 200 (1ms) [prasanna]
2026-10-07 18:04:51,809 | INFO | GET /pages/settings.html -> 304 (2ms) [anonymous]
2026-10-07 18:04:51,832 | INFO | GET /css/style.css -> 304 (0ms) [anonymous]
2026-10-07 18:04:51,834 | INFO | GET /css/dashboard.css -> 304 (0ms) [anonymous]
2026-10-07 18:04:51,838 | INFO | GET /css/responsive.css -> 304 (0ms) [anonymous]
2026-10-07 18:04:51,842 | INFO | GET /js/auth.js -> 304 (0ms) [anonymous]
2026-10-07 18:04:51,846 | INFO | GET /js/dashboard.js -> 304 (1ms) [anonymous]
2026-10-07 18:04:51,888 | INFO | GET /components/navbar.html -> 304 (1ms) [anonymous]
2026-10-07 18:04:51,889 | INFO | GET /components/sidebar.html -> 304 (0ms) [anonymous]
2026-10-07 18:04:51,905 | INFO | GET /components/modals.html -> 304 (4ms) [anonymous]
2026-10-07 18:04:51,905 | INFO | GET /components/footer.html -> 304 (0ms) [anonymous]
2026-10-07 18:04:51,926 | INFO | GET /api/auth/notifications -> 200 (2ms) [prasanna]
2026-10-07 18:04:51,930 | INFO | GET /api/auth/me -> 200 (0ms) [prasanna]
2026-10-07 18:04:51,948 | INFO | GET /api/employees/emp_9370c1d0a3e4 -> 200 (0ms) [prasanna]
2026-10-07 18:05:06,637 | INFO | GET /pages/reports.html -> 304 (0ms) [anonymous]
2026-10-07 18:05:06,666 | INFO | GET /css/style.css -> 304 (0ms) [anonymous]
2026-10-07 18:05:06,670 | INFO | GET /css/dashboard.css -> 304 (1ms) [anonymous]
2026-10-07 18:05:06,672 | INFO | GET /css/responsive.css -> 304 (2ms) [anonymous]
2026-10-07 18:05:06,673 | INFO | GET /js/auth.js -> 304 (1ms) [anonymous]
2026-10-07 18:05:06,678 | INFO | GET /js/reports.js -> 200 (3ms) [anonymous]
2026-10-07 18:05:06,704 | INFO | GET /components/sidebar.html -> 304 (2ms) [anonymous]
2026-10-07 18:05:06,707 | INFO | GET /components/navbar.html -> 304 (3ms) [anonymous]
2026-10-07 18:05:06,708 | INFO | GET /components/footer.html -> 304 (3ms) [anonymous]
2026-10-07 18:05:06,736 | INFO | GET /api/auth/notifications -> 200 (1ms) [prasanna]
2026-10-07 18:05:06,740 | INFO | GET /api/reports/summary -> 200 (0ms) [prasanna]
2026-10-07 18:05:06,749 | INFO | GET /api/reports/dashboard -> 200 (0ms) [prasanna]
2026-10-07 18:05:06,760 | INFO | GET /api/reports/activity -> 200 (0ms) [prasanna]
2026-10-07 18:05:06,763 | INFO | GET /api/reports/export -> 200 (0ms) [prasanna]
2026-10-07 18:05:06,858 | INFO | GET /api/reports/monthly -> 200 (104ms) [prasanna]
2026-10-07 18:05:07,021 | INFO | GET /api/reports/powerbi -> 200 (256ms) [prasanna]
2026-10-07 18:05:07,114 | INFO | GET /pages/reports.html -> 304 (0ms) [anonymous]
2026-10-07 18:05:07,139 | INFO | GET /css/style.css -> 304 (0ms) [anonymous]
2026-10-07 18:05:07,147 | INFO | GET /css/dashboard.css -> 304 (5ms) [anonymous]
2026-10-07 18:05:07,152 | INFO | GET /js/reports.js -> 304 (6ms) [anonymous]
2026-10-07 18:05:07,158 | INFO | GET /js/auth.js -> 304 (3ms) [anonymous]
2026-10-07 18:05:07,161 | INFO | GET /css/responsive.css -> 304 (3ms) [anonymous]
2026-10-07 18:05:07,186 | INFO | GET /components/sidebar.html -> 304 (0ms) [anonymous]
2026-10-07 18:05:07,190 | INFO | GET /components/navbar.html -> 304 (0ms) [anonymous]
2026-10-07 18:05:07,198 | INFO | GET /components/footer.html -> 304 (3ms) [anonymous]
2026-10-07 18:05:07,222 | INFO | GET /api/auth/notifications -> 200 (1ms) [prasanna]
2026-10-07 18:05:07,224 | INFO | GET /api/reports/summary -> 200 (0ms) [prasanna]
2026-10-07 18:05:07,230 | INFO | GET /api/reports/dashboard -> 200 (1ms) [prasanna]
2026-10-07 18:05:07,236 | INFO | GET /api/reports/activity -> 200 (1ms) [prasanna]
2026-10-07 18:05:07,239 | INFO | GET /api/reports/export -> 200 (0ms) [prasanna]
2026-10-07 18:05:07,314 | INFO | GET /api/reports/monthly -> 200 (82ms) [prasanna]
2026-10-07 18:05:07,484 | INFO | GET /api/reports/powerbi -> 200 (243ms) [prasanna]
2026-10-07 18:05:08,473 | INFO | GET /pages/reports.html -> 304 (0ms) [anonymous]
2026-10-07 18:05:08,496 | INFO | GET /css/style.css -> 304 (1ms) [anonymous]
2026-10-07 18:05:08,506 | INFO | GET /css/dashboard.css -> 304 (1ms) [anonymous]
2026-10-07 18:05:08,512 | INFO | GET /js/auth.js -> 304 (1ms) [anonymous]
2026-10-07 18:05:08,513 | INFO | GET /css/responsive.css -> 304 (3ms) [anonymous]
2026-10-07 18:05:08,514 | INFO | GET /js/reports.js -> 304 (2ms) [anonymous]
2026-10-07 18:05:08,553 | INFO | GET /components/navbar.html -> 304 (0ms) [anonymous]
2026-10-07 18:05:08,553 | INFO | GET /components/sidebar.html -> 304 (1ms) [anonymous]
2026-10-07 18:05:08,554 | INFO | GET /components/footer.html -> 304 (0ms) [anonymous]
2026-10-07 18:05:08,600 | INFO | GET /api/auth/notifications -> 200 (1ms) [prasanna]
2026-10-07 18:05:08,603 | INFO | GET /api/reports/summary -> 200 (0ms) [prasanna]
2026-10-07 18:05:08,606 | INFO | GET /api/reports/dashboard -> 200 (0ms) [prasanna]
2026-10-07 18:05:08,622 | INFO | GET /api/reports/activity -> 200 (0ms) [prasanna]
2026-10-07 18:05:08,641 | INFO | GET /api/reports/export -> 200 (0ms) [prasanna]
2026-10-07 18:05:08,722 | INFO | GET /api/reports/monthly -> 200 (112ms) [prasanna]
2026-10-07 18:05:08,922 | INFO | GET /api/reports/powerbi -> 200 (273ms) [prasanna]
2026-10-07 18:05:09,185 | INFO | GET /pages/projects.html -> 304 (0ms) [anonymous]
2026-10-07 18:05:09,230 | INFO | GET /css/style.css -> 304 (0ms) [anonymous]
2026-10-07 18:05:09,237 | INFO | GET /css/dashboard.css -> 304 (1ms) [anonymous]
2026-10-07 18:05:09,242 | INFO | GET /css/responsive.css -> 304 (4ms) [anonymous]
2026-10-07 18:05:09,243 | INFO | GET /js/auth.js -> 304 (2ms) [anonymous]
2026-10-07 18:05:09,245 | INFO | GET /js/projects.js -> 304 (0ms) [anonymous]
2026-10-07 18:05:09,273 | INFO | GET /components/sidebar.html -> 304 (1ms) [anonymous]
2026-10-07 18:05:09,281 | INFO | GET /components/navbar.html -> 304 (7ms) [anonymous]
2026-10-07 18:05:09,283 | INFO | GET /components/footer.html -> 304 (0ms) [anonymous]
2026-10-07 18:05:09,284 | INFO | GET /components/modals.html -> 304 (0ms) [anonymous]
2026-10-07 18:05:09,309 | INFO | GET /api/auth/notifications -> 200 (2ms) [prasanna]
2026-10-07 18:05:09,311 | INFO | GET /api/companies -> 200 (0ms) [prasanna]
2026-10-07 18:05:09,315 | INFO | GET /api/employees -> 200 (0ms) [prasanna]
2026-10-07 18:05:09,325 | INFO | GET /api/developers -> 200 (0ms) [prasanna]
2026-10-07 18:05:09,337 | INFO | GET /api/projects -> 200 (0ms) [prasanna]
2026-10-07 18:05:10,359 | INFO | GET /pages/followups.html -> 304 (0ms) [anonymous]
2026-10-07 18:05:10,373 | INFO | GET /css/style.css -> 304 (1ms) [anonymous]
2026-10-07 18:05:10,383 | INFO | GET /css/dashboard.css -> 304 (1ms) [anonymous]
2026-10-07 18:05:10,387 | INFO | GET /css/responsive.css -> 304 (1ms) [anonymous]
2026-10-07 18:05:10,390 | INFO | GET /js/auth.js -> 304 (3ms) [anonymous]
2026-10-07 18:05:10,393 | INFO | GET /js/leads.js -> 304 (0ms) [anonymous]
2026-10-07 18:05:10,433 | INFO | GET /components/sidebar.html -> 304 (1ms) [anonymous]
2026-10-07 18:05:10,434 | INFO | GET /components/navbar.html -> 304 (2ms) [anonymous]
2026-10-07 18:05:10,435 | INFO | GET /components/footer.html -> 304 (0ms) [anonymous]
2026-10-07 18:05:10,437 | INFO | GET /components/modals.html -> 304 (0ms) [anonymous]
2026-10-07 18:05:10,468 | INFO | GET /api/auth/notifications -> 200 (0ms) [prasanna]
2026-10-07 18:05:10,470 | INFO | GET /api/employees -> 200 (0ms) [prasanna]
2026-10-07 18:05:10,471 | INFO | GET /api/employees -> 200 (0ms) [prasanna]
2026-10-07 18:05:10,486 | INFO | GET /api/followups -> 200 (0ms) [prasanna]
2026-10-07 18:05:18,129 | INFO | GET /pages/leads.html -> 304 (1ms) [anonymous]
2026-10-07 18:05:18,147 | INFO | GET /css/style.css -> 304 (0ms) [anonymous]
2026-10-07 18:05:18,161 | INFO | GET /css/dashboard.css -> 304 (1ms) [anonymous]
2026-10-07 18:05:18,164 | INFO | GET /css/responsive.css -> 304 (1ms) [anonymous]
2026-10-07 18:05:18,167 | INFO | GET /js/auth.js -> 304 (1ms) [anonymous]
2026-10-07 18:05:18,171 | INFO | GET /js/leads.js -> 304 (0ms) [anonymous]
2026-10-07 18:05:18,191 | INFO | GET /components/sidebar.html -> 304 (3ms) [anonymous]
2026-10-07 18:05:18,195 | INFO | GET /components/navbar.html -> 304 (4ms) [anonymous]
2026-10-07 18:05:18,208 | INFO | GET /components/modals.html -> 304 (1ms) [anonymous]
2026-10-07 18:05:18,209 | INFO | GET /components/footer.html -> 304 (4ms) [anonymous]
2026-10-07 18:05:18,235 | INFO | GET /api/auth/notifications -> 200 (0ms) [prasanna]
2026-10-07 18:05:18,237 | INFO | GET /api/leads -> 200 (0ms) [prasanna]
2026-10-07 18:05:19,546 | INFO | GET /pages/companies.html -> 304 (0ms) [anonymous]
2026-10-07 18:05:19,565 | INFO | GET /css/style.css -> 304 (0ms) [anonymous]
2026-10-07 18:05:19,573 | INFO | GET /css/dashboard.css -> 304 (0ms) [anonymous]
2026-10-07 18:05:19,579 | INFO | GET /js/auth.js -> 304 (0ms) [anonymous]
2026-10-07 18:05:19,587 | INFO | GET /css/responsive.css -> 304 (3ms) [anonymous]
2026-10-07 18:05:19,588 | INFO | GET /js/leads.js -> 304 (0ms) [anonymous]
2026-10-07 18:05:19,615 | INFO | GET /components/sidebar.html -> 304 (2ms) [anonymous]
2026-10-07 18:05:19,619 | INFO | GET /components/navbar.html -> 304 (5ms) [anonymous]
2026-10-07 18:05:19,623 | INFO | GET /components/footer.html -> 304 (0ms) [anonymous]
2026-10-07 18:05:19,624 | INFO | GET /components/modals.html -> 304 (1ms) [anonymous]
2026-10-07 18:05:19,657 | INFO | GET /api/auth/notifications -> 200 (0ms) [prasanna]
2026-10-07 18:05:19,662 | INFO | GET /api/companies -> 200 (0ms) [prasanna]
2026-10-07 18:05:21,864 | INFO | GET /pages/reports.html -> 304 (0ms) [anonymous]
2026-10-07 18:05:21,886 | INFO | GET /css/style.css -> 304 (0ms) [anonymous]
2026-10-07 18:05:21,894 | INFO | GET /css/responsive.css -> 304 (0ms) [anonymous]
2026-10-07 18:05:21,900 | INFO | GET /css/dashboard.css -> 304 (0ms) [anonymous]
2026-10-07 18:05:21,906 | INFO | GET /js/auth.js -> 304 (2ms) [anonymous]
2026-10-07 18:05:21,908 | INFO | GET /js/reports.js -> 304 (0ms) [anonymous]
2026-10-07 18:05:21,937 | INFO | GET /components/sidebar.html -> 304 (3ms) [anonymous]
2026-10-07 18:05:21,941 | INFO | GET /components/navbar.html -> 304 (1ms) [anonymous]
2026-10-07 18:05:21,941 | INFO | GET /components/footer.html -> 304 (0ms) [anonymous]
2026-10-07 18:05:21,960 | INFO | GET /api/auth/notifications -> 200 (1ms) [prasanna]
2026-10-07 18:05:21,961 | INFO | GET /api/reports/summary -> 200 (0ms) [prasanna]
2026-10-07 18:05:21,965 | INFO | GET /api/reports/dashboard -> 200 (0ms) [prasanna]
2026-10-07 18:05:21,978 | INFO | GET /api/reports/activity -> 200 (0ms) [prasanna]
2026-10-07 18:05:21,991 | INFO | GET /api/reports/export -> 200 (0ms) [prasanna]
2026-10-07 18:05:22,102 | INFO | GET /api/reports/monthly -> 200 (129ms) [prasanna]
2026-10-07 18:05:22,319 | INFO | GET /api/reports/powerbi -> 200 (325ms) [prasanna]
2026-10-07 18:05:51,712 | INFO | GET /pages/reports.html -> 304 (0ms) [anonymous]
2026-10-07 18:05:51,742 | INFO | GET /css/style.css -> 304 (0ms) [anonymous]
2026-10-07 18:05:51,751 | INFO | GET /js/auth.js -> 304 (2ms) [anonymous]
2026-10-07 18:05:51,756 | INFO | GET /css/responsive.css -> 304 (1ms) [anonymous]
2026-10-07 18:05:51,757 | INFO | GET /css/dashboard.css -> 304 (1ms) [anonymous]
2026-10-07 18:05:51,759 | INFO | GET /js/reports.js -> 304 (0ms) [anonymous]
2026-10-07 18:05:51,793 | INFO | GET /components/sidebar.html -> 304 (1ms) [anonymous]
2026-10-07 18:05:51,799 | INFO | GET /components/navbar.html -> 304 (1ms) [anonymous]
2026-10-07 18:05:51,799 | INFO | GET /components/footer.html -> 304 (1ms) [anonymous]
2026-10-07 18:05:51,821 | INFO | GET /api/auth/notifications -> 200 (0ms) [prasanna]
2026-10-07 18:05:51,823 | INFO | GET /api/reports/summary -> 200 (1ms) [prasanna]
2026-10-07 18:05:51,828 | INFO | GET /api/reports/dashboard -> 200 (0ms) [prasanna]
2026-10-07 18:05:51,850 | INFO | GET /api/reports/activity -> 200 (0ms) [prasanna]
2026-10-07 18:05:51,856 | INFO | GET /api/reports/export -> 200 (1ms) [prasanna]
2026-10-07 18:05:51,928 | INFO | GET /api/reports/monthly -> 200 (83ms) [prasanna]
2026-10-07 18:05:52,124 | INFO | GET /api/reports/powerbi -> 200 (264ms) [prasanna]
2026-10-07 18:07:09,199 | INFO | GET /pages/employees.html -> 304 (0ms) [anonymous]
2026-10-07 18:07:09,219 | INFO | GET /css/style.css -> 304 (0ms) [anonymous]
2026-10-07 18:07:09,225 | INFO | GET /css/dashboard.css -> 304 (0ms) [anonymous]
2026-10-07 18:07:09,238 | INFO | GET /css/responsive.css -> 304 (3ms) [anonymous]
2026-10-07 18:07:09,240 | INFO | GET /js/auth.js -> 304 (2ms) [anonymous]
2026-10-07 18:07:09,240 | INFO | GET /js/employees.js -> 304 (0ms) [anonymous]
2026-10-07 18:07:09,359 | INFO | GET /components/sidebar.html -> 304 (1ms) [anonymous]
2026-10-07 18:07:09,364 | INFO | GET /components/navbar.html -> 304 (2ms) [anonymous]
2026-10-07 18:07:09,368 | INFO | GET /components/footer.html -> 304 (1ms) [anonymous]
2026-10-07 18:07:09,395 | INFO | GET /components/modals.html -> 304 (0ms) [anonymous]
2026-10-07 18:07:09,410 | INFO | GET /api/auth/notifications -> 200 (0ms) [prasanna]
2026-10-07 18:07:09,414 | INFO | GET /api/roles -> 200 (0ms) [prasanna]
2026-10-07 18:07:09,429 | INFO | GET /api/employees -> 200 (2ms) [prasanna]
2026-10-07 18:07:09,442 | INFO | GET /api/employees -> 200 (0ms) [prasanna]
2026-10-07 18:07:13,493 | INFO | GET /pages/login.html -> 304 (0ms) [anonymous]
2026-10-07 18:07:13,516 | INFO | GET /css/style.css -> 304 (0ms) [anonymous]
2026-10-07 18:07:13,526 | INFO | GET /css/responsive.css -> 304 (0ms) [anonymous]
2026-10-07 18:07:13,530 | INFO | GET /js/auth.js -> 304 (0ms) [anonymous]
2026-10-07 18:07:13,539 | INFO | GET /css/login.css -> 304 (1ms) [anonymous]
2026-10-07 18:07:22,321 | INFO | POST /api/auth/login -> 200 (307ms) [anonymous]
2026-10-07 18:07:22,700 | INFO | GET /pages/developer-dashboard.html -> 304 (0ms) [anonymous]
2026-10-07 18:07:22,718 | INFO | GET /css/style.css -> 304 (2ms) [anonymous]
2026-10-07 18:07:22,729 | INFO | GET /css/dashboard.css -> 304 (0ms) [anonymous]
2026-10-07 18:07:22,734 | INFO | GET /css/responsive.css -> 304 (0ms) [anonymous]
2026-10-07 18:07:22,738 | INFO | GET /js/auth.js -> 304 (1ms) [anonymous]
2026-10-07 18:07:22,738 | INFO | GET /js/dashboard.js -> 304 (2ms) [anonymous]
2026-10-07 18:07:22,785 | INFO | GET /components/sidebar.html -> 304 (6ms) [anonymous]
2026-10-07 18:07:22,789 | INFO | GET /components/navbar.html -> 304 (1ms) [anonymous]
2026-10-07 18:07:22,794 | INFO | GET /components/modals.html -> 304 (1ms) [anonymous]
2026-10-07 18:07:22,794 | INFO | GET /components/footer.html -> 304 (0ms) [anonymous]
2026-10-07 18:07:22,830 | INFO | GET /api/auth/notifications -> 200 (1ms) [logesh]
2026-10-07 18:07:22,841 | INFO | GET /api/reports/dashboard -> 200 (0ms) [logesh]
2026-10-07 18:07:22,845 | INFO | GET /api/projects -> 200 (0ms) [logesh]
2026-10-07 18:07:22,853 | INFO | GET /api/projects/tasks/all -> 200 (0ms) [logesh]
2026-10-07 18:07:22,857 | INFO | GET /api/followups -> 200 (0ms) [logesh]
2026-10-07 18:07:29,037 | INFO | GET /pages/companies.html -> 304 (1ms) [anonymous]
2026-10-07 18:07:29,061 | INFO | GET /css/style.css -> 304 (2ms) [anonymous]
2026-10-07 18:07:29,066 | INFO | GET /css/dashboard.css -> 304 (0ms) [anonymous]
2026-10-07 18:07:29,072 | INFO | GET /js/auth.js -> 304 (0ms) [anonymous]
2026-10-07 18:07:29,072 | INFO | GET /css/responsive.css -> 304 (3ms) [anonymous]
2026-10-07 18:07:29,075 | INFO | GET /js/leads.js -> 304 (0ms) [anonymous]
2026-10-07 18:07:29,107 | INFO | GET /components/sidebar.html -> 304 (2ms) [anonymous]
2026-10-07 18:07:29,112 | INFO | GET /components/navbar.html -> 304 (3ms) [anonymous]
2026-10-07 18:07:29,116 | INFO | GET /components/footer.html -> 304 (1ms) [anonymous]
2026-10-07 18:07:29,116 | INFO | GET /components/modals.html -> 304 (1ms) [anonymous]
2026-10-07 18:07:29,144 | INFO | GET /api/auth/notifications -> 200 (2ms) [logesh]
2026-10-07 18:07:29,147 | INFO | GET /api/companies -> 200 (0ms) [logesh]
2026-10-07 18:07:31,865 | INFO | GET /pages/developer-dashboard.html -> 304 (0ms) [anonymous]
2026-10-07 18:07:31,892 | INFO | GET /css/style.css -> 304 (1ms) [anonymous]
2026-10-07 18:07:31,896 | INFO | GET /js/auth.js -> 304 (0ms) [anonymous]
2026-10-07 18:07:31,900 | INFO | GET /css/responsive.css -> 304 (0ms) [anonymous]
2026-10-07 18:07:31,905 | INFO | GET /css/dashboard.css -> 304 (1ms) [anonymous]
2026-10-07 18:07:31,908 | INFO | GET /js/dashboard.js -> 304 (3ms) [anonymous]
2026-10-07 18:07:31,931 | INFO | GET /components/sidebar.html -> 304 (0ms) [anonymous]
2026-10-07 18:07:31,933 | INFO | GET /components/navbar.html -> 304 (0ms) [anonymous]
2026-10-07 18:07:31,937 | INFO | GET /components/footer.html -> 304 (3ms) [anonymous]
2026-10-07 18:07:31,940 | INFO | GET /components/modals.html -> 304 (1ms) [anonymous]
2026-10-07 18:07:31,978 | INFO | GET /api/auth/notifications -> 200 (1ms) [logesh]
2026-10-07 18:07:31,980 | INFO | GET /api/reports/dashboard -> 200 (0ms) [logesh]
2026-10-07 18:07:31,984 | INFO | GET /api/projects -> 200 (0ms) [logesh]
2026-10-07 18:07:32,009 | INFO | GET /api/projects/tasks/all -> 200 (2ms) [logesh]
2026-10-07 18:07:32,013 | INFO | GET /api/followups -> 200 (0ms) [logesh]
2026-10-07 18:07:34,445 | INFO | GET /pages/leads.html -> 304 (0ms) [anonymous]
2026-10-07 18:07:34,470 | INFO | GET /css/style.css -> 304 (0ms) [anonymous]
2026-10-07 18:07:34,490 | INFO | GET /css/dashboard.css -> 304 (2ms) [anonymous]
2026-10-07 18:07:34,491 | INFO | GET /css/responsive.css -> 304 (0ms) [anonymous]
2026-10-07 18:07:34,494 | INFO | GET /js/auth.js -> 304 (1ms) [anonymous]
2026-10-07 18:07:34,496 | INFO | GET /js/leads.js -> 304 (1ms) [anonymous]
2026-10-07 18:07:34,531 | INFO | GET /components/sidebar.html -> 304 (1ms) [anonymous]
2026-10-07 18:07:34,532 | INFO | GET /components/navbar.html -> 304 (0ms) [anonymous]
2026-10-07 18:07:34,534 | INFO | GET /components/footer.html -> 304 (0ms) [anonymous]
2026-10-07 18:07:34,542 | INFO | GET /components/modals.html -> 304 (5ms) [anonymous]
2026-10-07 18:07:34,560 | INFO | GET /api/auth/notifications -> 200 (0ms) [logesh]
2026-10-07 18:07:34,562 | INFO | GET /api/leads -> 200 (0ms) [logesh]
2026-10-07 18:07:36,301 | INFO | GET /pages/followups.html -> 304 (0ms) [anonymous]
2026-10-07 18:07:36,324 | INFO | GET /css/style.css -> 304 (0ms) [anonymous]
2026-10-07 18:07:36,330 | INFO | GET /css/dashboard.css -> 304 (1ms) [anonymous]
2026-10-07 18:07:36,333 | INFO | GET /css/responsive.css -> 304 (1ms) [anonymous]
2026-10-07 18:07:36,340 | INFO | GET /js/auth.js -> 304 (2ms) [anonymous]
2026-10-07 18:07:36,341 | INFO | GET /js/leads.js -> 304 (1ms) [anonymous]
2026-10-07 18:07:36,379 | INFO | GET /components/sidebar.html -> 304 (1ms) [anonymous]
2026-10-07 18:07:36,379 | INFO | GET /components/navbar.html -> 304 (0ms) [anonymous]
2026-10-07 18:07:36,381 | INFO | GET /components/footer.html -> 304 (0ms) [anonymous]
2026-10-07 18:07:36,383 | INFO | GET /components/modals.html -> 304 (0ms) [anonymous]
2026-10-07 18:07:36,410 | INFO | GET /api/auth/notifications -> 200 (0ms) [logesh]
2026-10-07 18:07:36,414 | INFO | GET /api/employees -> 200 (0ms) [logesh]
2026-10-07 18:07:36,420 | INFO | GET /api/followups -> 200 (0ms) [logesh]
2026-10-07 18:07:38,640 | INFO | GET /pages/projects.html -> 304 (0ms) [anonymous]
2026-10-07 18:07:38,671 | INFO | GET /css/style.css -> 304 (1ms) [anonymous]
2026-10-07 18:07:38,676 | INFO | GET /css/dashboard.css -> 304 (2ms) [anonymous]
2026-10-07 18:07:38,678 | INFO | GET /css/responsive.css -> 304 (0ms) [anonymous]
2026-10-07 18:07:38,681 | INFO | GET /js/auth.js -> 304 (1ms) [anonymous]
2026-10-07 18:07:38,690 | INFO | GET /js/projects.js -> 304 (1ms) [anonymous]
2026-10-07 18:07:38,723 | INFO | GET /components/sidebar.html -> 304 (0ms) [anonymous]
2026-10-07 18:07:38,727 | INFO | GET /components/navbar.html -> 304 (2ms) [anonymous]
2026-10-07 18:07:38,729 | INFO | GET /components/footer.html -> 304 (2ms) [anonymous]
2026-10-07 18:07:38,730 | INFO | GET /components/modals.html -> 304 (1ms) [anonymous]
2026-10-07 18:07:38,763 | INFO | GET /api/companies -> 200 (0ms) [logesh]
2026-10-07 18:07:38,767 | INFO | GET /api/auth/notifications -> 200 (0ms) [logesh]
2026-10-07 18:07:38,779 | INFO | GET /api/employees -> 200 (0ms) [logesh]
2026-10-07 18:07:38,791 | INFO | GET /api/developers -> 200 (0ms) [logesh]
2026-10-07 18:07:38,797 | INFO | GET /api/projects -> 200 (0ms) [logesh]
2026-10-07 18:07:40,016 | INFO | GET /pages/settings.html -> 304 (0ms) [anonymous]
2026-10-07 18:07:40,034 | INFO | GET /css/style.css -> 304 (3ms) [anonymous]
2026-10-07 18:07:40,041 | INFO | GET /css/dashboard.css -> 304 (2ms) [anonymous]
2026-10-07 18:07:40,049 | INFO | GET /js/auth.js -> 304 (2ms) [anonymous]
2026-10-07 18:07:40,052 | INFO | GET /css/responsive.css -> 304 (4ms) [anonymous]
2026-10-07 18:07:40,052 | INFO | GET /js/dashboard.js -> 304 (0ms) [anonymous]
2026-10-07 18:07:40,094 | INFO | GET /components/sidebar.html -> 304 (1ms) [anonymous]
2026-10-07 18:07:40,096 | INFO | GET /components/navbar.html -> 304 (2ms) [anonymous]
2026-10-07 18:07:40,097 | INFO | GET /components/footer.html -> 304 (1ms) [anonymous]
2026-10-07 18:07:40,098 | INFO | GET /components/modals.html -> 304 (2ms) [anonymous]
2026-10-07 18:07:40,121 | INFO | GET /api/auth/notifications -> 200 (0ms) [logesh]
2026-10-07 18:07:40,123 | INFO | GET /api/auth/me -> 200 (0ms) [logesh]
2026-10-07 18:07:40,140 | INFO | GET /api/employees/emp_20205e6cffa7 -> 403 (0ms) [logesh]
2026-10-07 18:07:42,153 | INFO | GET /pages/companies.html -> 304 (0ms) [anonymous]
2026-10-07 18:07:42,179 | INFO | GET /css/style.css -> 304 (0ms) [anonymous]
2026-10-07 18:07:42,189 | INFO | GET /css/dashboard.css -> 304 (0ms) [anonymous]
2026-10-07 18:07:42,203 | INFO | GET /css/responsive.css -> 304 (3ms) [anonymous]
2026-10-07 18:07:42,204 | INFO | GET /js/leads.js -> 304 (1ms) [anonymous]
2026-10-07 18:07:42,206 | INFO | GET /js/auth.js -> 304 (1ms) [anonymous]
2026-10-07 18:07:42,241 | INFO | GET /components/sidebar.html -> 304 (1ms) [anonymous]
2026-10-07 18:07:42,243 | INFO | GET /components/navbar.html -> 304 (2ms) [anonymous]
2026-10-07 18:07:42,243 | INFO | GET /components/modals.html -> 304 (0ms) [anonymous]
2026-10-07 18:07:42,245 | INFO | GET /components/footer.html -> 304 (1ms) [anonymous]
2026-10-07 18:07:42,274 | INFO | GET /api/auth/notifications -> 200 (0ms) [logesh]
2026-10-07 18:07:42,276 | INFO | GET /api/companies -> 200 (0ms) [logesh]
2026-10-07 18:07:52,615 | INFO | GET /pages/projects.html -> 304 (0ms) [anonymous]
2026-10-07 18:07:52,635 | INFO | GET /css/style.css -> 304 (0ms) [anonymous]
2026-10-07 18:07:52,649 | INFO | GET /css/responsive.css -> 304 (2ms) [anonymous]
2026-10-07 18:07:52,650 | INFO | GET /css/dashboard.css -> 304 (1ms) [anonymous]
2026-10-07 18:07:52,656 | INFO | GET /js/auth.js -> 304 (1ms) [anonymous]
2026-10-07 18:07:52,657 | INFO | GET /js/projects.js -> 304 (1ms) [anonymous]
2026-10-07 18:07:52,676 | INFO | GET /components/sidebar.html -> 304 (0ms) [anonymous]
2026-10-07 18:07:52,695 | INFO | GET /components/navbar.html -> 304 (1ms) [anonymous]
2026-10-07 18:07:52,695 | INFO | GET /components/footer.html -> 304 (0ms) [anonymous]
2026-10-07 18:07:52,697 | INFO | GET /components/modals.html -> 304 (0ms) [anonymous]
2026-10-07 18:07:52,721 | INFO | GET /api/auth/notifications -> 200 (2ms) [logesh]
2026-10-07 18:07:52,723 | INFO | GET /api/companies -> 200 (0ms) [logesh]
2026-10-07 18:07:52,725 | INFO | GET /api/employees -> 200 (0ms) [logesh]
2026-10-07 18:07:52,727 | INFO | GET /api/developers -> 200 (0ms) [logesh]
2026-10-07 18:07:52,750 | INFO | GET /api/projects -> 200 (0ms) [logesh]
2026-10-07 18:08:01,667 | INFO | GET /pages/login.html -> 304 (0ms) [anonymous]
2026-10-07 18:08:01,688 | INFO | GET /css/style.css -> 304 (1ms) [anonymous]
2026-10-07 18:08:01,698 | INFO | GET /css/login.css -> 304 (4ms) [anonymous]
2026-10-07 18:08:01,699 | INFO | GET /css/responsive.css -> 304 (4ms) [anonymous]
2026-10-07 18:08:01,703 | INFO | GET /js/auth.js -> 304 (1ms) [anonymous]
2026-10-07 18:08:19,508 | INFO | POST /api/auth/login -> 401 (0ms) [anonymous]
2026-10-07 18:08:27,035 | INFO | POST /api/auth/login -> 200 (256ms) [anonymous]
2026-10-07 18:08:27,428 | INFO | GET /pages/admin-dashboard.html -> 304 (1ms) [anonymous]
2026-10-07 18:08:27,465 | INFO | GET /css/style.css -> 304 (3ms) [anonymous]
2026-10-07 18:08:27,484 | INFO | GET /css/responsive.css -> 304 (0ms) [anonymous]
2026-10-07 18:08:27,489 | INFO | GET /css/dashboard.css -> 304 (2ms) [anonymous]
2026-10-07 18:08:27,491 | INFO | GET /js/auth.js -> 304 (2ms) [anonymous]
2026-10-07 18:08:27,492 | INFO | GET /js/dashboard.js -> 304 (1ms) [anonymous]
2026-10-07 18:08:27,535 | INFO | GET /components/navbar.html -> 304 (1ms) [anonymous]
2026-10-07 18:08:27,536 | INFO | GET /components/sidebar.html -> 304 (0ms) [anonymous]
2026-10-07 18:08:27,543 | INFO | GET /components/footer.html -> 304 (2ms) [anonymous]
2026-10-07 18:08:27,545 | INFO | GET /components/modals.html -> 304 (0ms) [anonymous]
2026-10-07 18:08:27,567 | INFO | GET /api/auth/notifications -> 200 (1ms) [prasanna]
2026-10-07 18:08:27,572 | INFO | GET /api/reports/dashboard -> 200 (2ms) [prasanna]
2026-10-07 18:08:27,578 | INFO | GET /api/followups -> 200 (0ms) [prasanna]
2026-10-07 18:08:27,583 | INFO | GET /api/leads -> 200 (1ms) [prasanna]
2026-10-07 18:08:27,585 | INFO | GET /api/employees -> 200 (1ms) [prasanna]
2026-10-07 18:08:33,282 | INFO | GET /pages/reports.html -> 304 (2ms) [anonymous]
2026-10-07 18:08:33,343 | INFO | GET /css/style.css -> 304 (0ms) [anonymous]
2026-10-07 18:08:33,358 | INFO | GET /css/responsive.css -> 304 (2ms) [anonymous]
2026-10-07 18:08:33,374 | INFO | GET /js/reports.js -> 304 (1ms) [anonymous]
2026-10-07 18:08:33,374 | INFO | GET /css/dashboard.css -> 304 (2ms) [anonymous]
2026-10-07 18:08:33,374 | INFO | GET /js/auth.js -> 304 (0ms) [anonymous]
2026-10-07 18:08:33,406 | INFO | GET /components/navbar.html -> 304 (2ms) [anonymous]
2026-10-07 18:08:33,409 | INFO | GET /components/sidebar.html -> 304 (1ms) [anonymous]
2026-10-07 18:08:33,410 | INFO | GET /components/footer.html -> 304 (1ms) [anonymous]
2026-10-07 18:08:33,446 | INFO | GET /api/auth/notifications -> 200 (0ms) [prasanna]
2026-10-07 18:08:33,447 | INFO | GET /api/reports/summary -> 200 (0ms) [prasanna]
2026-10-07 18:08:33,451 | INFO | GET /api/reports/dashboard -> 200 (1ms) [prasanna]
2026-10-07 18:08:33,453 | INFO | GET /api/reports/activity -> 200 (0ms) [prasanna]
2026-10-07 18:08:33,455 | INFO | GET /api/reports/export -> 200 (0ms) [prasanna]
2026-10-07 18:08:33,551 | INFO | GET /api/reports/monthly -> 200 (98ms) [prasanna]
2026-10-07 18:08:33,789 | INFO | GET /api/reports/powerbi -> 200 (320ms) [prasanna]
2026-10-07 18:11:32,996 | INFO | CRM backend ready on http://0.0.0.0:5000
2026-10-07 18:11:33,377 | INFO | CRM backend ready on http://0.0.0.0:5000
2026-10-07 18:11:33,421 | INFO | GET /health -> 200 (0ms) [anonymous]
2026-10-07 18:11:33,425 | INFO | POST /api/auth/login -> 401 (1ms) [anonymous]
2026-10-07 18:11:33,662 | INFO | POST /api/auth/login -> 200 (235ms) [anonymous]
2026-10-07 18:11:33,664 | INFO | GET /api/auth/me -> 200 (0ms) [prasanna]
2026-10-07 18:11:33,665 | INFO | GET /api/leads -> 401 (0ms) [anonymous]
2026-10-07 18:11:33,926 | INFO | POST /api/employees -> 201 (258ms) [prasanna]
2026-10-07 18:11:34,381 | INFO | POST /api/employees -> 201 (267ms) [prasanna]
2026-10-07 18:11:34,505 | INFO | GET /api/employees -> 200 (1ms) [prasanna]
2026-10-07 18:11:34,654 | INFO | POST /api/companies -> 201 (147ms) [prasanna]
2026-10-07 18:11:34,980 | INFO | POST /api/leads -> 201 (197ms) [prasanna]
2026-10-07 18:11:35,099 | INFO | GET /api/leads/lead_5bfa5a51e1a7 -> 200 (0ms) [prasanna]
2026-10-07 18:11:35,165 | INFO | POST /api/leads/lead_5bfa5a51e1a7/followups -> 201 (62ms) [prasanna]
2026-10-07 18:11:35,365 | INFO | POST /api/leads/lead_5bfa5a51e1a7/calls -> 201 (60ms) [prasanna]
2026-10-07 18:11:35,484 | INFO | GET /api/followups -> 200 (1ms) [prasanna]
2026-10-07 18:11:35,485 | INFO | GET /api/calls -> 200 (0ms) [prasanna]
2026-10-07 18:11:35,729 | INFO | POST /api/developers -> 201 (242ms) [prasanna]
2026-10-07 18:11:36,194 | INFO | POST /api/projects -> 201 (299ms) [prasanna]
2026-10-07 18:11:36,451 | INFO | POST /api/projects/prj_54843225e6f5/tasks -> 201 (43ms) [prasanna]
2026-10-07 18:11:36,685 | INFO | PUT /api/projects/tasks/tsk_97500a95cd64 -> 200 (69ms) [prasanna]
2026-10-07 18:11:36,873 | INFO | POST /api/projects/prj_54843225e6f5/updates -> 201 (59ms) [prasanna]
2026-10-07 18:11:37,165 | INFO | POST /api/projects/prj_54843225e6f5/assignments -> 201 (138ms) [prasanna]
2026-10-07 18:11:37,359 | INFO | GET /api/developers/dev_f1aadb1b8c74 -> 200 (0ms) [prasanna]
2026-10-07 18:11:37,492 | INFO | POST /api/projects/prj_54843225e6f5/members -> 201 (130ms) [prasanna]
2026-10-07 18:11:37,644 | INFO | POST /api/projects/prj_54843225e6f5/members -> 422 (0ms) [prasanna]
2026-10-07 18:11:37,778 | INFO | POST /api/projects/prj_54843225e6f5/members -> 404 (0ms) [prasanna]
2026-10-07 18:11:38,193 | INFO | POST /api/auth/login -> 200 (250ms) [anonymous]
2026-10-07 18:11:38,461 | INFO | POST /api/auth/login -> 200 (265ms) [anonymous]
2026-10-07 18:11:38,665 | INFO | POST /api/projects/prj_54843225e6f5/members -> 201 (203ms) [Jane Employee]
2026-10-07 18:11:38,802 | INFO | POST /api/projects/prj_54843225e6f5/members -> 403 (0ms) [John Dev]
2026-10-07 18:11:38,937 | INFO | GET /api/projects/prj_54843225e6f5/members -> 200 (0ms) [John Dev]
2026-10-07 18:11:38,939 | INFO | GET /api/projects/prj_54843225e6f5 -> 200 (1ms) [prasanna]
2026-10-07 18:11:38,977 | INFO | PUT /api/projects/members/mem_b518dd837cac/release -> 200 (36ms) [prasanna]
2026-10-07 18:11:39,318 | INFO | POST /api/projects/prj_54843225e6f5/members -> 201 (212ms) [prasanna]
2026-10-07 18:11:39,547 | INFO | DELETE /api/projects/members/mem_da211bc54a4d -> 200 (33ms) [prasanna]
2026-10-07 18:11:39,709 | INFO | DELETE /api/projects/members/mem_286059d1aa84 -> 200 (32ms) [prasanna]
2026-10-07 18:11:39,842 | INFO | GET /api/reports/summary -> 200 (0ms) [prasanna]
2026-10-07 18:11:39,843 | INFO | GET /api/reports/dashboard -> 200 (0ms) [prasanna]
2026-10-07 18:11:39,994 | INFO | GET /api/reports/daily -> 200 (148ms) [prasanna]
2026-10-07 18:11:40,039 | INFO | GET /api/reports/weekly -> 200 (42ms) [prasanna]
2026-10-07 18:11:40,112 | INFO | GET /api/reports/monthly -> 200 (72ms) [prasanna]
2026-10-07 18:11:40,151 | INFO | GET /api/reports/yearly -> 200 (36ms) [prasanna]
2026-10-07 18:11:40,182 | INFO | GET /api/reports/export/leads -> 200 (22ms) [prasanna]
2026-10-07 18:11:40,268 | INFO | POST /api/reports/powerbi/export -> 200 (84ms) [prasanna]
2026-10-07 18:11:40,405 | INFO | GET /api/reports/activity -> 200 (1ms) [prasanna]
2026-10-07 18:11:40,532 | INFO | DELETE /api/reports/activity/log_52c8769cd2d8 -> 200 (126ms) [prasanna]
2026-10-07 18:11:40,667 | INFO | GET /api/reports/activity -> 200 (1ms) [prasanna]
2026-10-07 18:11:40,669 | INFO | DELETE /api/reports/activity/nonexistent_log_x -> 404 (0ms) [prasanna]
2026-10-07 18:11:40,832 | INFO | GET /api/reports/activity -> 200 (0ms) [prasanna]
2026-10-07 18:12:06,621 | INFO | DELETE /api/reports/activity -> 200 (25787ms) [prasanna]
2026-10-07 18:12:06,656 | INFO | GET /api/reports/activity -> 200 (0ms) [prasanna]
2026-10-07 18:12:06,842 | INFO | POST /api/auth/login -> 200 (184ms) [anonymous]
2026-10-07 18:12:06,844 | INFO | GET /api/employees -> 200 (0ms) [Jane Employee]
2026-10-07 18:12:06,846 | INFO | POST /api/employees -> 403 (0ms) [Jane Employee]
2026-10-07 18:12:06,891 | INFO | GET /api/reports/summary -> 200 (0ms) [Jane Employee]
2026-10-07 18:12:07,055 | INFO | POST /api/auth/login -> 200 (162ms) [anonymous]
2026-10-07 18:12:07,056 | INFO | GET /api/reports/summary -> 200 (0ms) [John Dev]
2026-10-07 18:12:07,058 | INFO | DELETE /api/leads/lead_5bfa5a51e1a7 -> 404 (0ms) [John Dev]
2026-10-07 18:12:07,099 | INFO | GET /api/roles -> 200 (0ms) [prasanna]
2026-10-07 18:12:07,175 | INFO | POST /api/roles -> 201 (73ms) [prasanna]
2026-10-07 18:12:07,217 | INFO | POST /api/roles -> 422 (0ms) [prasanna]
2026-10-07 18:12:07,521 | INFO | POST /api/employees -> 201 (255ms) [prasanna]
2026-10-07 18:12:07,558 | INFO | POST /api/employees -> 422 (0ms) [prasanna]
2026-10-07 18:12:07,783 | INFO | POST /api/auth/login -> 200 (180ms) [anonymous]
2026-10-07 18:12:07,785 | INFO | GET /api/leads -> 200 (0ms) [Rita Role]
2026-10-07 18:12:07,786 | INFO | GET /api/reports/summary -> 200 (0ms) [Rita Role]
2026-10-07 18:12:07,788 | INFO | POST /api/roles -> 403 (0ms) [Rita Role]
2026-10-07 18:12:07,827 | INFO | DELETE /api/roles/role_00d29b367e8c -> 409 (0ms) [prasanna]
2026-10-07 18:12:07,960 | INFO | DELETE /api/employees/emp_127c5d49a7aa -> 200 (86ms) [prasanna]
2026-10-07 18:12:08,101 | INFO | DELETE /api/roles/role_00d29b367e8c -> 200 (81ms) [prasanna]
2026-10-07 18:12:08,154 | INFO | DELETE /api/roles/role_46052807f7bb -> 400 (0ms) [prasanna]
2026-10-07 18:12:08,502 | INFO | POST /api/leads/lead_5bfa5a51e1a7/assign -> 200 (300ms) [prasanna]
2026-10-07 18:12:08,760 | INFO | POST /api/projects/prj_54843225e6f5/tasks -> 201 (138ms) [prasanna]
2026-10-07 18:12:08,914 | INFO | PUT /api/projects/prj_54843225e6f5 -> 200 (82ms) [prasanna]
2026-10-07 18:12:08,964 | INFO | GET /api/employees/emp_9a8d6cf3a42f -> 200 (0ms) [prasanna]
2026-10-07 18:12:09,051 | INFO | POST /api/leads/lead_5bfa5a51e1a7/assign -> 200 (84ms) [prasanna]
2026-10-07 18:12:09,170 | INFO | PUT /api/projects/tasks/tsk_390de00db2c8 -> 200 (57ms) [prasanna]
2026-10-07 18:12:09,321 | INFO | PUT /api/projects/prj_54843225e6f5 -> 200 (94ms) [prasanna]
2026-10-07 18:12:09,380 | INFO | GET /api/employees/emp_9a8d6cf3a42f -> 200 (0ms) [prasanna]
2026-10-07 18:12:09,576 | INFO | POST /api/leads/lead_5bfa5a51e1a7/assign -> 200 (194ms) [prasanna]
2026-10-07 18:12:09,881 | INFO | POST /api/leads -> 201 (257ms) [prasanna]
2026-10-07 18:12:09,940 | INFO | GET /api/leads -> 200 (0ms) [Jane Employee]
2026-10-07 18:12:09,942 | INFO | GET /api/leads -> 200 (0ms) [John Dev]
2026-10-07 18:12:09,943 | INFO | GET /api/leads/lead_0d9517648d8a -> 404 (0ms) [Jane Employee]
2026-10-07 18:12:09,947 | INFO | GET /api/leads/lead_5bfa5a51e1a7 -> 404 (0ms) [John Dev]
2026-10-07 18:12:09,949 | INFO | POST /api/leads/lead_5bfa5a51e1a7/assign -> 403 (0ms) [Jane Employee]
2026-10-07 18:12:10,007 | INFO | PUT /api/leads/lead_0d9517648d8a -> 404 (0ms) [Jane Employee]
2026-10-07 18:12:10,068 | INFO | DELETE /api/leads/lead_0d9517648d8a -> 404 (0ms) [Jane Employee]
2026-10-07 18:12:10,365 | INFO | POST /api/leads -> 201 (236ms) [Jane Employee]
2026-10-07 18:12:10,425 | INFO | GET /api/leads -> 200 (0ms) [John Dev]
2026-10-07 18:12:10,429 | INFO | GET /api/leads/lead_0b094debea11 -> 404 (0ms) [John Dev]
2026-10-07 18:12:10,674 | INFO | POST /api/leads -> 201 (242ms) [John Dev]
2026-10-07 18:12:10,811 | INFO | POST /api/leads/lead_326cc2df14b5/followups -> 201 (73ms) [John Dev]
2026-10-07 18:12:10,899 | INFO | POST /api/leads/lead_5bfa5a51e1a7/followups -> 404 (0ms) [John Dev]
2026-10-07 18:12:11,025 | INFO | DELETE /api/leads/lead_5bfa5a51e1a7 -> 404 (0ms) [John Dev]
2026-10-07 18:12:11,227 | INFO | POST /api/companies -> 201 (140ms) [John Dev]
2026-10-07 18:12:11,342 | INFO | DELETE /api/followups/fup_c912a4d88ccb -> 200 (43ms) [prasanna]
2026-10-07 18:12:11,506 | INFO | DELETE /api/leads/lead_326cc2df14b5 -> 200 (90ms) [prasanna]
2026-10-07 18:12:11,651 | INFO | DELETE /api/companies/cmp_e1078436486f -> 200 (84ms) [prasanna]
2026-10-07 18:12:11,719 | INFO | GET /api/followups -> 200 (0ms) [Jane Employee]
2026-10-07 18:12:11,720 | INFO | GET /api/followups -> 200 (0ms) [John Dev]
2026-10-07 18:12:11,722 | INFO | GET /api/leads/lead_0d9517648d8a/followups -> 404 (0ms) [Jane Employee]
2026-10-07 18:12:11,835 | INFO | POST /api/leads/lead_5bfa5a51e1a7/calls -> 201 (111ms) [Jane Employee]
2026-10-07 18:12:11,900 | INFO | GET /api/calls -> 200 (0ms) [Jane Employee]
2026-10-07 18:12:11,902 | INFO | GET /api/calls -> 200 (0ms) [John Dev]
2026-10-07 18:12:12,022 | INFO | DELETE /api/leads/lead_0b094debea11 -> 200 (119ms) [Jane Employee]
2026-10-07 18:12:12,195 | INFO | DELETE /api/leads/lead_0d9517648d8a -> 200 (104ms) [prasanna]
2026-10-07 18:12:12,439 | INFO | DELETE /api/leads/lead_5bfa5a51e1a7 -> 200 (184ms) [prasanna]
2026-10-07 18:12:12,721 | INFO | DELETE /api/projects/prj_54843225e6f5 -> 200 (226ms) [prasanna]
2026-10-07 18:12:12,786 | INFO | PUT /api/auth/change-password -> 403 (0ms) [Jane Employee]
2026-10-07 18:12:12,852 | INFO | POST /api/auth/register -> 403 (0ms) [Jane Employee]
2026-10-07 18:12:13,197 | INFO | PUT /api/auth/change-password -> 200 (279ms) [prasanna]
2026-10-07 18:12:13,472 | INFO | PUT /api/employees/emp_9a8d6cf3a42f -> 200 (217ms) [prasanna]
2026-10-07 18:12:13,797 | INFO | POST /api/auth/login -> 200 (262ms) [anonymous]
2026-10-07 18:12:13,798 | INFO | POST /api/auth/notifications -> 403 (0ms) [Jane Employee]
2026-10-07 18:12:13,878 | INFO | POST /api/auth/notifications -> 404 (0ms) [prasanna]
2026-10-07 18:12:13,946 | INFO | POST /api/auth/notifications -> 422 (0ms) [prasanna]
2026-10-07 18:12:14,133 | INFO | POST /api/auth/notifications -> 201 (121ms) [prasanna]
2026-10-07 18:12:14,218 | INFO | GET /api/auth/notifications -> 200 (0ms) [Jane Employee]
2026-10-07 18:12:14,220 | INFO | GET /api/auth/notifications -> 200 (0ms) [John Dev]
2026-10-07 18:12:14,375 | INFO | POST /api/auth/notifications/ntf_a861942ffb37/reply -> 201 (153ms) [Jane Employee]
2026-10-07 18:12:14,456 | INFO | GET /api/auth/notifications -> 200 (2ms) [prasanna]
2026-10-07 18:12:14,459 | INFO | POST /api/auth/notifications/ntf_a861942ffb37/reply -> 404 (0ms) [John Dev]
2026-10-07 18:12:14,601 | INFO | POST /api/auth/notifications/ntf_a861942ffb37/reply -> 422 (0ms) [Jane Employee]
2026-10-07 18:12:14,819 | INFO | POST /api/auth/notifications -> 201 (136ms) [prasanna]
2026-10-07 18:12:15,000 | INFO | POST /api/auth/notifications/ntf_c4691c2e59c2/reply -> 201 (112ms) [John Dev]
2026-10-07 18:12:15,141 | INFO | POST /api/leads/import -> 403 (0ms) [Jane Employee]
2026-10-07 18:12:15,855 | INFO | POST /api/leads/import -> 201 (645ms) [prasanna]
2026-10-07 18:12:15,923 | INFO | GET /api/leads -> 200 (0ms) [prasanna]
2026-10-07 18:12:15,925 | INFO | GET /api/leads -> 200 (0ms) [Jane Employee]
2026-10-07 18:12:15,927 | INFO | POST /api/leads/import -> 422 (1ms) [prasanna]
2026-10-07 18:12:15,994 | INFO | POST /api/leads/import -> 422 (0ms) [prasanna]
2026-10-07 18:12:16,319 | INFO | POST /api/leads/import -> 201 (255ms) [prasanna]
2026-10-07 18:12:16,396 | INFO | GET /api/companies -> 200 (0ms) [prasanna]
2026-10-07 18:12:16,397 | INFO | GET /api/leads -> 200 (0ms) [prasanna]
2026-10-07 18:12:16,492 | INFO | DELETE /api/leads/lead_b8b6b476ef9a -> 200 (93ms) [prasanna]
2026-10-07 18:12:16,737 | INFO | DELETE /api/leads/lead_7f0860e35ab2 -> 200 (175ms) [prasanna]
2026-10-07 18:12:16,910 | INFO | DELETE /api/leads/lead_9a398a6648cc -> 200 (99ms) [prasanna]
2026-10-07 18:12:16,977 | INFO | GET /api/leads -> 200 (0ms) [prasanna]
2026-10-07 18:12:17,071 | INFO | DELETE /api/companies/cmp_21cae6a03d35 -> 200 (92ms) [prasanna]
2026-10-07 18:12:17,267 | INFO | DELETE /api/employees/emp_9a8d6cf3a42f -> 200 (114ms) [prasanna]
2026-10-07 18:12:17,466 | INFO | DELETE /api/employees/emp_55f1641071e5 -> 200 (126ms) [prasanna]
2026-10-07 18:12:24,568 | INFO | CRM backend ready on http://0.0.0.0:5000
2026-10-07 18:12:24,987 | INFO | CRM backend ready on http://0.0.0.0:5000
2026-10-07 18:12:25,003 | INFO | GET /health -> 200 (0ms) [anonymous]
2026-10-07 18:12:25,004 | INFO | POST /api/auth/login -> 401 (0ms) [anonymous]
2026-10-07 18:12:25,243 | INFO | POST /api/auth/login -> 200 (237ms) [anonymous]
2026-10-07 18:12:25,245 | INFO | GET /api/auth/me -> 200 (0ms) [prasanna]
2026-10-07 18:12:25,246 | INFO | GET /api/leads -> 401 (0ms) [anonymous]
2026-10-07 18:12:25,467 | INFO | POST /api/employees -> 201 (220ms) [prasanna]
2026-10-07 18:12:25,819 | INFO | POST /api/employees -> 201 (284ms) [prasanna]
2026-10-07 18:12:25,897 | INFO | GET /api/employees -> 200 (0ms) [prasanna]
2026-10-07 18:12:25,996 | INFO | POST /api/companies -> 201 (98ms) [prasanna]
2026-10-07 18:12:26,173 | INFO | POST /api/leads -> 201 (104ms) [prasanna]
2026-10-07 18:12:26,255 | INFO | GET /api/leads/lead_756383ed9725 -> 200 (0ms) [prasanna]
2026-10-07 18:12:26,322 | INFO | POST /api/leads/lead_756383ed9725/followups -> 201 (66ms) [prasanna]
2026-10-07 18:12:26,464 | INFO | POST /api/leads/lead_756383ed9725/calls -> 201 (66ms) [prasanna]
2026-10-07 18:12:26,570 | INFO | GET /api/followups -> 200 (0ms) [prasanna]
2026-10-07 18:12:26,572 | INFO | GET /api/calls -> 200 (0ms) [prasanna]
2026-10-07 18:12:26,707 | INFO | POST /api/developers -> 201 (133ms) [prasanna]
2026-10-07 18:12:27,055 | INFO | POST /api/projects -> 201 (254ms) [prasanna]
2026-10-07 18:12:27,172 | INFO | POST /api/projects/prj_0f491e941650/tasks -> 201 (26ms) [prasanna]
2026-10-07 18:12:27,326 | INFO | PUT /api/projects/tasks/tsk_77027490ad5f -> 200 (71ms) [prasanna]
2026-10-07 18:12:27,470 | INFO | POST /api/projects/prj_0f491e941650/updates -> 201 (65ms) [prasanna]
2026-10-07 18:12:27,737 | INFO | POST /api/projects/prj_0f491e941650/assignments -> 201 (178ms) [prasanna]
2026-10-07 18:12:27,824 | INFO | GET /api/developers/dev_8cc30042e21a -> 200 (0ms) [prasanna]
2026-10-07 18:12:27,974 | INFO | POST /api/projects/prj_0f491e941650/members -> 201 (149ms) [prasanna]
2026-10-07 18:12:28,058 | INFO | POST /api/projects/prj_0f491e941650/members -> 422 (0ms) [prasanna]
2026-10-07 18:12:28,142 | INFO | POST /api/projects/prj_0f491e941650/members -> 404 (0ms) [prasanna]
2026-10-07 18:12:28,453 | INFO | POST /api/auth/login -> 200 (232ms) [anonymous]
2026-10-07 18:12:28,671 | INFO | POST /api/auth/login -> 200 (216ms) [anonymous]
2026-10-07 18:12:28,869 | INFO | POST /api/projects/prj_0f491e941650/members -> 201 (197ms) [Jane Employee]
2026-10-07 18:12:28,952 | INFO | POST /api/projects/prj_0f491e941650/members -> 403 (0ms) [John Dev]
2026-10-07 18:12:29,034 | INFO | GET /api/projects/prj_0f491e941650/members -> 200 (1ms) [John Dev]
2026-10-07 18:12:29,036 | INFO | GET /api/projects/prj_0f491e941650 -> 200 (0ms) [prasanna]
2026-10-07 18:12:29,071 | INFO | PUT /api/projects/members/mem_e6996f284085/release -> 200 (33ms) [prasanna]
2026-10-07 18:12:29,310 | INFO | POST /api/projects/prj_0f491e941650/members -> 201 (159ms) [prasanna]
2026-10-07 18:12:29,517 | INFO | DELETE /api/projects/members/mem_88dc11906fc8 -> 200 (65ms) [prasanna]
2026-10-07 18:12:29,679 | INFO | DELETE /api/projects/members/mem_2b7e2904be8d -> 200 (33ms) [prasanna]
2026-10-07 18:12:29,757 | INFO | GET /api/reports/summary -> 200 (0ms) [prasanna]
2026-10-07 18:12:29,760 | INFO | GET /api/reports/dashboard -> 200 (0ms) [prasanna]
2026-10-07 18:12:29,829 | INFO | GET /api/reports/daily -> 200 (66ms) [prasanna]
2026-10-07 18:12:29,925 | INFO | GET /api/reports/weekly -> 200 (93ms) [prasanna]
2026-10-07 18:12:29,972 | INFO | GET /api/reports/monthly -> 200 (39ms) [prasanna]
2026-10-07 18:12:30,012 | INFO | GET /api/reports/yearly -> 200 (37ms) [prasanna]
2026-10-07 18:12:30,039 | INFO | GET /api/reports/export/leads -> 200 (24ms) [prasanna]
2026-10-07 18:12:30,253 | INFO | POST /api/reports/powerbi/export -> 200 (205ms) [prasanna]
2026-10-07 18:12:30,364 | INFO | GET /api/reports/activity -> 200 (0ms) [prasanna]
2026-10-07 18:12:30,466 | INFO | DELETE /api/reports/activity/log_5a1cd4a4f563 -> 200 (100ms) [prasanna]
2026-10-07 18:12:30,552 | INFO | GET /api/reports/activity -> 200 (0ms) [prasanna]
2026-10-07 18:12:30,554 | INFO | DELETE /api/reports/activity/nonexistent_log_x -> 404 (0ms) [prasanna]
2026-10-07 18:12:30,642 | INFO | GET /api/reports/activity -> 200 (0ms) [prasanna]
2026-10-07 18:12:39,840 | INFO | DELETE /api/reports/activity -> 200 (9197ms) [prasanna]
2026-10-07 18:12:39,936 | INFO | GET /api/reports/activity -> 200 (0ms) [prasanna]
2026-10-07 18:12:40,137 | INFO | POST /api/auth/login -> 200 (199ms) [anonymous]
2026-10-07 18:12:40,139 | INFO | GET /api/employees -> 200 (1ms) [Jane Employee]
2026-10-07 18:12:40,140 | INFO | POST /api/employees -> 403 (0ms) [Jane Employee]
2026-10-07 18:12:40,176 | INFO | GET /api/reports/summary -> 200 (1ms) [Jane Employee]
2026-10-07 18:12:40,338 | INFO | POST /api/auth/login -> 200 (161ms) [anonymous]
2026-10-07 18:12:40,339 | INFO | GET /api/reports/summary -> 200 (0ms) [John Dev]
2026-10-07 18:12:40,341 | INFO | DELETE /api/leads/lead_756383ed9725 -> 404 (0ms) [John Dev]
2026-10-07 18:12:40,383 | INFO | GET /api/roles -> 200 (2ms) [prasanna]
2026-10-07 18:12:40,462 | INFO | POST /api/roles -> 201 (76ms) [prasanna]
2026-10-07 18:12:40,514 | INFO | POST /api/roles -> 422 (0ms) [prasanna]
2026-10-07 18:12:40,976 | INFO | POST /api/employees -> 201 (320ms) [prasanna]
2026-10-07 18:12:41,019 | INFO | POST /api/employees -> 422 (0ms) [prasanna]
2026-10-07 18:12:41,236 | INFO | POST /api/auth/login -> 200 (177ms) [anonymous]
2026-10-07 18:12:41,237 | INFO | GET /api/leads -> 200 (0ms) [Rita Role]
2026-10-07 18:12:41,239 | INFO | GET /api/reports/summary -> 200 (0ms) [Rita Role]
2026-10-07 18:12:41,240 | INFO | POST /api/roles -> 403 (0ms) [Rita Role]
2026-10-07 18:12:41,284 | INFO | DELETE /api/roles/role_6a79537aeaa8 -> 409 (0ms) [prasanna]
2026-10-07 18:12:41,391 | INFO | DELETE /api/employees/emp_b79148dcaa43 -> 200 (66ms) [prasanna]
2026-10-07 18:12:41,523 | INFO | DELETE /api/roles/role_6a79537aeaa8 -> 200 (87ms) [prasanna]
2026-10-07 18:12:41,576 | INFO | DELETE /api/roles/role_46052807f7bb -> 400 (0ms) [prasanna]
2026-10-07 18:12:41,822 | INFO | POST /api/leads/lead_756383ed9725/assign -> 200 (197ms) [prasanna]
2026-10-07 18:12:42,006 | INFO | POST /api/projects/prj_0f491e941650/tasks -> 201 (140ms) [prasanna]
2026-10-07 18:12:42,122 | INFO | PUT /api/projects/prj_0f491e941650 -> 200 (75ms) [prasanna]
2026-10-07 18:12:42,166 | INFO | GET /api/employees/emp_ea07d85a20ab -> 200 (0ms) [prasanna]
2026-10-07 18:12:42,255 | INFO | POST /api/leads/lead_756383ed9725/assign -> 200 (87ms) [prasanna]
2026-10-07 18:12:42,362 | INFO | PUT /api/projects/tasks/tsk_73c5b5a23a50 -> 200 (58ms) [prasanna]
2026-10-07 18:12:42,512 | INFO | PUT /api/projects/prj_0f491e941650 -> 200 (95ms) [prasanna]
2026-10-07 18:12:42,561 | INFO | GET /api/employees/emp_ea07d85a20ab -> 200 (0ms) [prasanna]
2026-10-07 18:12:42,770 | INFO | POST /api/leads/lead_756383ed9725/assign -> 200 (207ms) [prasanna]
2026-10-07 18:12:43,109 | INFO | POST /api/leads -> 201 (290ms) [prasanna]
2026-10-07 18:12:43,156 | INFO | GET /api/leads -> 200 (0ms) [Jane Employee]
2026-10-07 18:12:43,158 | INFO | GET /api/leads -> 200 (0ms) [John Dev]
2026-10-07 18:12:43,159 | INFO | GET /api/leads/lead_0a56c8e46fb4 -> 404 (0ms) [Jane Employee]
2026-10-07 18:12:43,160 | INFO | GET /api/leads/lead_756383ed9725 -> 404 (0ms) [John Dev]
2026-10-07 18:12:43,161 | INFO | POST /api/leads/lead_756383ed9725/assign -> 403 (0ms) [Jane Employee]
2026-10-07 18:12:43,207 | INFO | PUT /api/leads/lead_0a56c8e46fb4 -> 404 (0ms) [Jane Employee]
2026-10-07 18:12:43,261 | INFO | DELETE /api/leads/lead_0a56c8e46fb4 -> 404 (0ms) [Jane Employee]
2026-10-07 18:12:43,618 | INFO | POST /api/leads -> 201 (310ms) [Jane Employee]
2026-10-07 18:12:43,668 | INFO | GET /api/leads -> 200 (0ms) [John Dev]
2026-10-07 18:12:43,669 | INFO | GET /api/leads/lead_c973584838ca -> 404 (0ms) [John Dev]
2026-10-07 18:12:43,867 | INFO | POST /api/leads -> 201 (197ms) [John Dev]
2026-10-07 18:12:43,981 | INFO | POST /api/leads/lead_152e08e6e636/followups -> 201 (61ms) [John Dev]
2026-10-07 18:12:44,032 | INFO | POST /api/leads/lead_756383ed9725/followups -> 404 (0ms) [John Dev]
2026-10-07 18:12:44,091 | INFO | DELETE /api/leads/lead_756383ed9725 -> 404 (0ms) [John Dev]
2026-10-07 18:12:44,324 | INFO | POST /api/companies -> 201 (127ms) [John Dev]
2026-10-07 18:12:44,423 | INFO | DELETE /api/followups/fup_f50a338ba043 -> 200 (29ms) [prasanna]
2026-10-07 18:12:44,559 | INFO | DELETE /api/leads/lead_152e08e6e636 -> 200 (80ms) [prasanna]
2026-10-07 18:12:44,722 | INFO | DELETE /api/companies/cmp_244985bc4244 -> 200 (110ms) [prasanna]
2026-10-07 18:12:44,781 | INFO | GET /api/followups -> 200 (0ms) [Jane Employee]
2026-10-07 18:12:44,784 | INFO | GET /api/followups -> 200 (0ms) [John Dev]
2026-10-07 18:12:44,785 | INFO | GET /api/leads/lead_0a56c8e46fb4/followups -> 404 (0ms) [Jane Employee]
2026-10-07 18:12:44,852 | INFO | POST /api/leads/lead_756383ed9725/calls -> 201 (64ms) [Jane Employee]
2026-10-07 18:12:44,912 | INFO | GET /api/calls -> 200 (0ms) [Jane Employee]
2026-10-07 18:12:44,913 | INFO | GET /api/calls -> 200 (0ms) [John Dev]
2026-10-07 18:12:45,014 | INFO | DELETE /api/leads/lead_c973584838ca -> 200 (99ms) [Jane Employee]
2026-10-07 18:12:45,182 | INFO | DELETE /api/leads/lead_0a56c8e46fb4 -> 200 (108ms) [prasanna]
2026-10-07 18:12:45,408 | INFO | DELETE /api/leads/lead_756383ed9725 -> 200 (165ms) [prasanna]
2026-10-07 18:12:45,758 | INFO | DELETE /api/projects/prj_0f491e941650 -> 200 (290ms) [prasanna]
2026-10-07 18:12:45,854 | INFO | PUT /api/auth/change-password -> 403 (0ms) [Jane Employee]
2026-10-07 18:12:45,940 | INFO | POST /api/auth/register -> 403 (0ms) [Jane Employee]
2026-10-07 18:12:46,289 | INFO | PUT /api/auth/change-password -> 200 (271ms) [prasanna]
2026-10-07 18:12:46,580 | INFO | PUT /api/employees/emp_ea07d85a20ab -> 200 (228ms) [prasanna]
2026-10-07 18:12:46,849 | INFO | POST /api/auth/login -> 200 (201ms) [anonymous]
2026-10-07 18:12:46,850 | INFO | POST /api/auth/notifications -> 403 (0ms) [Jane Employee]
2026-10-07 18:12:46,973 | INFO | POST /api/auth/notifications -> 404 (22ms) [prasanna]
2026-10-07 18:12:47,122 | INFO | POST /api/auth/notifications -> 422 (0ms) [prasanna]
2026-10-07 18:12:47,329 | INFO | POST /api/auth/notifications -> 201 (121ms) [prasanna]
2026-10-07 18:12:47,392 | INFO | GET /api/auth/notifications -> 200 (0ms) [Jane Employee]
2026-10-07 18:12:47,394 | INFO | GET /api/auth/notifications -> 200 (0ms) [John Dev]
2026-10-07 18:12:47,501 | INFO | POST /api/auth/notifications/ntf_849876cb734d/reply -> 201 (105ms) [Jane Employee]
2026-10-07 18:12:47,599 | INFO | GET /api/auth/notifications -> 200 (1ms) [prasanna]
2026-10-07 18:12:47,602 | INFO | POST /api/auth/notifications/ntf_849876cb734d/reply -> 404 (0ms) [John Dev]
2026-10-07 18:12:47,795 | INFO | POST /api/auth/notifications/ntf_849876cb734d/reply -> 422 (0ms) [Jane Employee]
2026-10-07 18:12:47,973 | INFO | POST /api/auth/notifications -> 201 (105ms) [prasanna]
2026-10-07 18:12:48,194 | INFO | POST /api/auth/notifications/ntf_9e472b519e45/reply -> 201 (141ms) [John Dev]
2026-10-07 18:12:48,265 | INFO | POST /api/leads/import -> 403 (0ms) [Jane Employee]
2026-10-07 18:12:48,859 | INFO | POST /api/leads/import -> 201 (522ms) [prasanna]
2026-10-07 18:12:48,934 | INFO | GET /api/leads -> 200 (0ms) [prasanna]
2026-10-07 18:12:48,936 | INFO | GET /api/leads -> 200 (0ms) [Jane Employee]
2026-10-07 18:12:48,939 | INFO | POST /api/leads/import -> 422 (0ms) [prasanna]
2026-10-07 18:12:49,011 | INFO | POST /api/leads/import -> 422 (2ms) [prasanna]
2026-10-07 18:12:49,344 | INFO | POST /api/leads/import -> 201 (244ms) [prasanna]
2026-10-07 18:12:49,463 | INFO | GET /api/companies -> 200 (0ms) [prasanna]
2026-10-07 18:12:49,465 | INFO | GET /api/leads -> 200 (0ms) [prasanna]
2026-10-07 18:12:49,575 | INFO | DELETE /api/leads/lead_1a0eb6718fce -> 200 (108ms) [prasanna]
2026-10-07 18:12:49,777 | INFO | DELETE /api/leads/lead_bc166772c03f -> 200 (112ms) [prasanna]
2026-10-07 18:12:49,955 | INFO | DELETE /api/leads/lead_ce5402796600 -> 200 (101ms) [prasanna]
2026-10-07 18:12:50,032 | INFO | GET /api/leads -> 200 (0ms) [prasanna]
2026-10-07 18:12:50,147 | INFO | DELETE /api/companies/cmp_6bf0e5343d0e -> 200 (113ms) [prasanna]
2026-10-07 18:12:50,350 | INFO | DELETE /api/employees/emp_ea07d85a20ab -> 200 (118ms) [prasanna]
2026-10-07 18:12:50,569 | INFO | DELETE /api/employees/emp_c88df35b9a6c -> 200 (125ms) [prasanna]
2026-10-07 18:13:27,927 | INFO | CRM backend ready on http://0.0.0.0:5000
2026-10-07 18:13:28,249 | INFO | CRM backend ready on http://0.0.0.0:5000
2026-10-07 18:13:28,261 | INFO | GET /health -> 200 (0ms) [anonymous]
2026-10-07 18:13:28,262 | INFO | POST /api/auth/login -> 401 (0ms) [anonymous]
2026-10-07 18:13:28,422 | INFO | POST /api/auth/login -> 200 (158ms) [anonymous]
2026-10-07 18:13:28,423 | INFO | GET /api/auth/me -> 200 (0ms) [prasanna]
2026-10-07 18:13:28,424 | INFO | GET /api/leads -> 401 (0ms) [anonymous]
2026-10-07 18:13:28,624 | INFO | POST /api/employees -> 201 (199ms) [prasanna]
2026-10-07 18:13:28,947 | INFO | POST /api/employees -> 201 (225ms) [prasanna]
2026-10-07 18:13:29,017 | INFO | GET /api/employees -> 200 (0ms) [prasanna]
2026-10-07 18:13:29,121 | INFO | POST /api/companies -> 201 (102ms) [prasanna]
2026-10-07 18:13:29,294 | INFO | POST /api/leads -> 201 (100ms) [prasanna]
2026-10-07 18:13:29,426 | INFO | GET /api/leads/lead_d03fee48f0ef -> 200 (0ms) [prasanna]
2026-10-07 18:13:29,495 | INFO | POST /api/leads/lead_d03fee48f0ef/followups -> 201 (66ms) [prasanna]
2026-10-07 18:13:29,625 | INFO | POST /api/leads/lead_d03fee48f0ef/calls -> 201 (59ms) [prasanna]
2026-10-07 18:13:29,699 | INFO | GET /api/followups -> 200 (0ms) [prasanna]
2026-10-07 18:13:29,701 | INFO | GET /api/calls -> 200 (0ms) [prasanna]
2026-10-07 18:13:29,796 | INFO | POST /api/developers -> 201 (93ms) [prasanna]
2026-10-07 18:13:30,060 | INFO | POST /api/projects -> 201 (188ms) [prasanna]
2026-10-07 18:13:30,158 | INFO | POST /api/projects/prj_84155f201505/tasks -> 201 (25ms) [prasanna]
2026-10-07 18:13:30,304 | INFO | PUT /api/projects/tasks/tsk_673d5a401399 -> 200 (66ms) [prasanna]
2026-10-07 18:13:30,436 | INFO | POST /api/projects/prj_84155f201505/updates -> 201 (61ms) [prasanna]
2026-10-07 18:13:30,875 | INFO | POST /api/projects/prj_84155f201505/assignments -> 201 (275ms) [prasanna]
2026-10-07 18:13:30,970 | INFO | GET /api/developers/dev_579a70bc11a0 -> 200 (0ms) [prasanna]
2026-10-07 18:13:31,114 | INFO | POST /api/projects/prj_84155f201505/members -> 201 (142ms) [prasanna]
2026-10-07 18:13:31,193 | INFO | POST /api/projects/prj_84155f201505/members -> 422 (0ms) [prasanna]
2026-10-07 18:13:31,287 | INFO | POST /api/projects/prj_84155f201505/members -> 404 (0ms) [prasanna]
2026-10-07 18:13:31,537 | INFO | POST /api/auth/login -> 200 (169ms) [anonymous]
2026-10-07 18:13:31,704 | INFO | POST /api/auth/login -> 200 (165ms) [anonymous]
2026-10-07 18:13:31,863 | INFO | POST /api/projects/prj_84155f201505/members -> 201 (156ms) [Jane Employee]
2026-10-07 18:13:31,939 | INFO | POST /api/projects/prj_84155f201505/members -> 403 (0ms) [John Dev]
2026-10-07 18:13:32,014 | INFO | GET /api/projects/prj_84155f201505/members -> 200 (0ms) [John Dev]
2026-10-07 18:13:32,016 | INFO | GET /api/projects/prj_84155f201505 -> 200 (0ms) [prasanna]
2026-10-07 18:13:32,051 | INFO | PUT /api/projects/members/mem_7b8f55373c3a/release -> 200 (32ms) [prasanna]
2026-10-07 18:13:32,273 | INFO | POST /api/projects/prj_84155f201505/members -> 201 (145ms) [prasanna]
2026-10-07 18:13:32,414 | INFO | DELETE /api/projects/members/mem_53a809d19275 -> 200 (60ms) [prasanna]
2026-10-07 18:13:32,527 | INFO | DELETE /api/projects/members/mem_2afecda63634 -> 200 (36ms) [prasanna]
2026-10-07 18:13:32,615 | INFO | GET /api/reports/summary -> 200 (0ms) [prasanna]
2026-10-07 18:13:32,618 | INFO | GET /api/reports/dashboard -> 200 (1ms) [prasanna]
2026-10-07 18:13:32,764 | INFO | GET /api/reports/daily -> 200 (143ms) [prasanna]
2026-10-07 18:13:32,823 | INFO | GET /api/reports/weekly -> 200 (56ms) [prasanna]
2026-10-07 18:13:32,862 | INFO | GET /api/reports/monthly -> 200 (36ms) [prasanna]
2026-10-07 18:13:32,922 | INFO | GET /api/reports/yearly -> 200 (44ms) [prasanna]
2026-10-07 18:13:32,946 | INFO | GET /api/reports/export/leads -> 200 (21ms) [prasanna]
2026-10-07 18:13:33,028 | INFO | POST /api/reports/powerbi/export -> 200 (81ms) [prasanna]
2026-10-07 18:13:33,106 | INFO | GET /api/reports/activity -> 200 (0ms) [prasanna]
2026-10-07 18:13:33,181 | INFO | DELETE /api/reports/activity/log_3dd25a88680c -> 200 (73ms) [prasanna]
2026-10-07 18:13:33,182 | INFO | GET /api/reports/activity -> 200 (0ms) [prasanna]
2026-10-07 18:13:33,184 | INFO | DELETE /api/reports/activity/nonexistent_log_x -> 404 (0ms) [prasanna]
2026-10-07 18:13:33,186 | INFO | GET /api/reports/activity -> 200 (0ms) [prasanna]
2026-10-07 18:13:41,092 | INFO | DELETE /api/reports/activity -> 200 (7904ms) [prasanna]
2026-10-07 18:13:41,094 | INFO | GET /api/reports/activity -> 200 (0ms) [prasanna]
2026-10-07 18:13:41,239 | INFO | POST /api/auth/login -> 200 (143ms) [anonymous]
2026-10-07 18:13:41,241 | INFO | GET /api/employees -> 200 (0ms) [Jane Employee]
2026-10-07 18:13:41,243 | INFO | POST /api/employees -> 403 (1ms) [Jane Employee]
2026-10-07 18:13:41,282 | INFO | GET /api/reports/summary -> 200 (0ms) [Jane Employee]
2026-10-07 18:13:41,440 | INFO | POST /api/auth/login -> 200 (157ms) [anonymous]
2026-10-07 18:13:41,442 | INFO | GET /api/reports/summary -> 200 (0ms) [John Dev]
2026-10-07 18:13:41,443 | INFO | DELETE /api/leads/lead_d03fee48f0ef -> 404 (0ms) [John Dev]
2026-10-07 18:13:41,475 | INFO | GET /api/roles -> 200 (0ms) [prasanna]
2026-10-07 18:13:41,539 | INFO | POST /api/roles -> 201 (62ms) [prasanna]
2026-10-07 18:13:41,575 | INFO | POST /api/roles -> 422 (0ms) [prasanna]
2026-10-07 18:13:41,771 | INFO | POST /api/employees -> 201 (162ms) [prasanna]
2026-10-07 18:13:41,819 | INFO | POST /api/employees -> 422 (0ms) [prasanna]
2026-10-07 18:13:42,007 | INFO | POST /api/auth/login -> 200 (146ms) [anonymous]
2026-10-07 18:13:42,009 | INFO | GET /api/leads -> 200 (0ms) [Rita Role]
2026-10-07 18:13:42,011 | INFO | GET /api/reports/summary -> 200 (1ms) [Rita Role]
2026-10-07 18:13:42,012 | INFO | POST /api/roles -> 403 (0ms) [Rita Role]
2026-10-07 18:13:42,049 | INFO | DELETE /api/roles/role_750624dfd8fd -> 409 (0ms) [prasanna]
2026-10-07 18:13:42,160 | INFO | DELETE /api/employees/emp_11a500c97555 -> 200 (72ms) [prasanna]
2026-10-07 18:13:42,270 | INFO | DELETE /api/roles/role_750624dfd8fd -> 200 (66ms) [prasanna]
2026-10-07 18:13:42,308 | INFO | DELETE /api/roles/role_46052807f7bb -> 400 (0ms) [prasanna]
2026-10-07 18:13:42,529 | INFO | POST /api/leads/lead_d03fee48f0ef/assign -> 200 (183ms) [prasanna]
2026-10-07 18:13:42,701 | INFO | POST /api/projects/prj_84155f201505/tasks -> 201 (130ms) [prasanna]
2026-10-07 18:13:42,844 | INFO | PUT /api/projects/prj_84155f201505 -> 200 (81ms) [prasanna]
2026-10-07 18:13:42,891 | INFO | GET /api/employees/emp_acb0327dac27 -> 200 (0ms) [prasanna]
2026-10-07 18:13:42,983 | INFO | POST /api/leads/lead_d03fee48f0ef/assign -> 200 (90ms) [prasanna]
2026-10-07 18:13:43,065 | INFO | PUT /api/projects/tasks/tsk_9ce5ac1bc78f -> 200 (35ms) [prasanna]
2026-10-07 18:13:43,237 | INFO | PUT /api/projects/prj_84155f201505 -> 200 (115ms) [prasanna]
2026-10-07 18:13:43,286 | INFO | GET /api/employees/emp_acb0327dac27 -> 200 (0ms) [prasanna]
2026-10-07 18:13:43,711 | INFO | POST /api/leads/lead_d03fee48f0ef/assign -> 200 (423ms) [prasanna]
2026-10-07 18:13:43,990 | INFO | POST /api/leads -> 201 (212ms) [prasanna]
2026-10-07 18:13:44,061 | INFO | GET /api/leads -> 200 (0ms) [Jane Employee]
2026-10-07 18:13:44,064 | INFO | GET /api/leads -> 200 (0ms) [John Dev]
2026-10-07 18:13:44,066 | INFO | GET /api/leads/lead_b8829270d1f0 -> 404 (0ms) [Jane Employee]
2026-10-07 18:13:44,068 | INFO | GET /api/leads/lead_d03fee48f0ef -> 404 (0ms) [John Dev]
2026-10-07 18:13:44,069 | INFO | POST /api/leads/lead_d03fee48f0ef/assign -> 403 (0ms) [Jane Employee]
2026-10-07 18:13:44,140 | INFO | PUT /api/leads/lead_b8829270d1f0 -> 404 (0ms) [Jane Employee]
2026-10-07 18:13:44,210 | INFO | DELETE /api/leads/lead_b8829270d1f0 -> 404 (0ms) [Jane Employee]
2026-10-07 18:13:44,473 | INFO | POST /api/leads -> 201 (203ms) [Jane Employee]
2026-10-07 18:13:44,520 | INFO | GET /api/leads -> 200 (0ms) [John Dev]
2026-10-07 18:13:44,522 | INFO | GET /api/leads/lead_aa618dedaaff -> 404 (0ms) [John Dev]
2026-10-07 18:13:44,726 | INFO | POST /api/leads -> 201 (202ms) [John Dev]
2026-10-07 18:13:44,842 | INFO | POST /api/leads/lead_768f09cc05e7/followups -> 201 (64ms) [John Dev]
2026-10-07 18:13:44,902 | INFO | POST /api/leads/lead_d03fee48f0ef/followups -> 404 (0ms) [John Dev]
2026-10-07 18:13:44,959 | INFO | DELETE /api/leads/lead_d03fee48f0ef -> 404 (0ms) [John Dev]
2026-10-07 18:13:45,086 | INFO | POST /api/companies -> 201 (74ms) [John Dev]
2026-10-07 18:13:45,167 | INFO | DELETE /api/followups/fup_e760939a7c4d -> 200 (26ms) [prasanna]
2026-10-07 18:13:45,336 | INFO | DELETE /api/leads/lead_768f09cc05e7 -> 200 (117ms) [prasanna]
2026-10-07 18:13:45,567 | INFO | DELETE /api/companies/cmp_4fed01196a48 -> 200 (132ms) [prasanna]
2026-10-07 18:13:45,626 | INFO | GET /api/followups -> 200 (0ms) [Jane Employee]
2026-10-07 18:13:45,627 | INFO | GET /api/followups -> 200 (0ms) [John Dev]
2026-10-07 18:13:45,628 | INFO | GET /api/leads/lead_b8829270d1f0/followups -> 404 (0ms) [Jane Employee]
2026-10-07 18:13:45,689 | INFO | POST /api/leads/lead_d03fee48f0ef/calls -> 201 (60ms) [Jane Employee]
2026-10-07 18:13:45,753 | INFO | GET /api/calls -> 200 (0ms) [Jane Employee]
2026-10-07 18:13:45,754 | INFO | GET /api/calls -> 200 (0ms) [John Dev]
2026-10-07 18:13:45,869 | INFO | DELETE /api/leads/lead_aa618dedaaff -> 200 (105ms) [Jane Employee]
2026-10-07 18:13:46,046 | INFO | DELETE /api/leads/lead_b8829270d1f0 -> 200 (110ms) [prasanna]
2026-10-07 18:13:46,296 | INFO | DELETE /api/leads/lead_d03fee48f0ef -> 200 (195ms) [prasanna]
2026-10-07 18:13:46,655 | INFO | DELETE /api/projects/prj_84155f201505 -> 200 (254ms) [prasanna]
2026-10-07 18:13:46,729 | INFO | PUT /api/auth/change-password -> 403 (0ms) [Jane Employee]
2026-10-07 18:13:46,800 | INFO | POST /api/auth/register -> 403 (0ms) [Jane Employee]
2026-10-07 18:13:47,254 | INFO | PUT /api/auth/change-password -> 200 (353ms) [prasanna]
2026-10-07 18:13:47,577 | INFO | PUT /api/employees/emp_acb0327dac27 -> 200 (263ms) [prasanna]
2026-10-07 18:13:47,924 | INFO | POST /api/auth/login -> 200 (275ms) [anonymous]
2026-10-07 18:13:47,926 | INFO | POST /api/auth/notifications -> 403 (0ms) [Jane Employee]
2026-10-07 18:13:47,994 | INFO | POST /api/auth/notifications -> 404 (0ms) [prasanna]
2026-10-07 18:13:48,052 | INFO | POST /api/auth/notifications -> 422 (0ms) [prasanna]
2026-10-07 18:13:48,240 | INFO | POST /api/auth/notifications -> 201 (128ms) [prasanna]
2026-10-07 18:13:48,311 | INFO | GET /api/auth/notifications -> 200 (0ms) [Jane Employee]
2026-10-07 18:13:48,313 | INFO | GET /api/auth/notifications -> 200 (0ms) [John Dev]
2026-10-07 18:13:48,440 | INFO | POST /api/auth/notifications/ntf_c4758a8402fe/reply -> 201 (126ms) [Jane Employee]
2026-10-07 18:13:48,505 | INFO | GET /api/auth/notifications -> 200 (1ms) [prasanna]
2026-10-07 18:13:48,507 | INFO | POST /api/auth/notifications/ntf_c4758a8402fe/reply -> 404 (0ms) [John Dev]
2026-10-07 18:13:48,597 | INFO | POST /api/auth/notifications/ntf_c4758a8402fe/reply -> 422 (0ms) [Jane Employee]
2026-10-07 18:13:48,843 | INFO | POST /api/auth/notifications -> 201 (180ms) [prasanna]
2026-10-07 18:13:49,016 | INFO | POST /api/auth/notifications/ntf_b0364f5c1fb2/reply -> 201 (112ms) [John Dev]
2026-10-07 18:13:49,092 | INFO | POST /api/leads/import -> 403 (0ms) [Jane Employee]
2026-10-07 18:13:49,736 | INFO | POST /api/leads/import -> 201 (572ms) [prasanna]
2026-10-07 18:13:49,802 | INFO | GET /api/leads -> 200 (0ms) [prasanna]
2026-10-07 18:13:49,804 | INFO | GET /api/leads -> 200 (0ms) [Jane Employee]
2026-10-07 18:13:49,806 | INFO | POST /api/leads/import -> 422 (1ms) [prasanna]
2026-10-07 18:13:49,875 | INFO | POST /api/leads/import -> 422 (1ms) [prasanna]
2026-10-07 18:13:50,188 | INFO | POST /api/leads/import -> 201 (229ms) [prasanna]
2026-10-07 18:13:50,284 | INFO | GET /api/companies -> 200 (1ms) [prasanna]
2026-10-07 18:13:50,286 | INFO | GET /api/leads -> 200 (1ms) [prasanna]
2026-10-07 18:13:50,394 | INFO | DELETE /api/leads/lead_d16f2af6584d -> 200 (106ms) [prasanna]
2026-10-07 18:13:50,711 | INFO | DELETE /api/leads/lead_90c3898e121c -> 200 (186ms) [prasanna]
2026-10-07 18:13:50,879 | INFO | DELETE /api/leads/lead_9945ea81cd4a -> 200 (96ms) [prasanna]
2026-10-07 18:13:50,947 | INFO | GET /api/leads -> 200 (0ms) [prasanna]
2026-10-07 18:13:51,042 | INFO | DELETE /api/companies/cmp_555595610081 -> 200 (94ms) [prasanna]
2026-10-07 18:13:51,235 | INFO | DELETE /api/employees/emp_acb0327dac27 -> 200 (124ms) [prasanna]
2026-10-07 18:13:51,464 | INFO | DELETE /api/employees/emp_6f4a220ac8c7 -> 200 (117ms) [prasanna]
2026-10-07 18:14:04,899 | INFO | CRM backend ready on http://0.0.0.0:5001
2026-10-07 18:14:09,060 | INFO | GET /health -> 200 (0ms) [anonymous]
2026-10-07 18:14:52,828 | INFO | GET /health -> 200 (0ms) [anonymous]
2026-10-07 18:14:52,899 | INFO | GET /pages/login.html -> 200 (2ms) [anonymous]
2026-10-07 18:15:02,823 | INFO | GET /pages/login.html -> 200 (0ms) [anonymous]
2026-10-07 18:15:03,020 | INFO | GET /css/login.css -> 200 (9ms) [anonymous]
2026-10-07 18:15:03,046 | INFO | GET /css/style.css -> 200 (1ms) [anonymous]
2026-10-07 18:15:03,090 | INFO | GET /js/auth.js -> 200 (0ms) [anonymous]
2026-10-07 18:15:03,143 | INFO | GET /css/responsive.css -> 200 (0ms) [anonymous]
2026-10-07 18:15:03,379 | INFO | GET /favicon.ico -> 404 (0ms) [anonymous]
2026-10-07 18:15:34,370 | INFO | GET /pages/login.html -> 304 (0ms) [anonymous]
2026-10-07 18:15:34,392 | INFO | GET /css/style.css -> 304 (0ms) [anonymous]
2026-10-07 18:15:34,402 | INFO | GET /css/login.css -> 304 (3ms) [anonymous]
2026-10-07 18:15:34,404 | INFO | GET /css/responsive.css -> 304 (0ms) [anonymous]
2026-10-07 18:15:34,407 | INFO | GET /js/auth.js -> 304 (0ms) [anonymous]
2026-10-07 18:15:34,534 | INFO | GET /pages/admin-dashboard.html -> 304 (0ms) [anonymous]
2026-10-07 18:15:34,559 | INFO | GET /css/style.css -> 304 (0ms) [anonymous]
2026-10-07 18:15:34,571 | INFO | GET /js/dashboard.js -> 304 (3ms) [anonymous]
2026-10-07 18:15:34,574 | INFO | GET /js/auth.js -> 304 (0ms) [anonymous]
2026-10-07 18:15:34,582 | INFO | GET /css/responsive.css -> 304 (1ms) [anonymous]
2026-10-07 18:15:34,583 | INFO | GET /css/dashboard.css -> 304 (0ms) [anonymous]
2026-10-07 18:15:34,656 | INFO | GET /components/footer.html -> 304 (4ms) [anonymous]
2026-10-07 18:15:34,666 | INFO | GET /components/navbar.html -> 304 (0ms) [anonymous]
2026-10-07 18:15:34,673 | INFO | GET /components/sidebar.html -> 304 (5ms) [anonymous]
2026-10-07 18:15:34,676 | INFO | GET /components/modals.html -> 304 (0ms) [anonymous]
2026-10-07 18:15:34,772 | INFO | GET /api/auth/notifications -> 200 (1ms) [prasanna]
2026-10-07 18:15:34,775 | INFO | GET /api/leads -> 200 (0ms) [prasanna]
2026-10-07 18:15:34,777 | INFO | GET /api/reports/dashboard -> 200 (0ms) [prasanna]
2026-10-07 18:15:34,781 | INFO | GET /api/followups -> 200 (0ms) [prasanna]
2026-10-07 18:15:34,783 | INFO | GET /api/employees -> 200 (0ms) [prasanna]
2026-10-07 18:15:39,584 | INFO | GET /pages/reports.html -> 200 (0ms) [anonymous]
2026-10-07 18:15:39,602 | INFO | GET /css/style.css -> 304 (0ms) [anonymous]
2026-10-07 18:15:39,613 | INFO | GET /css/dashboard.css -> 304 (1ms) [anonymous]
2026-10-07 18:15:39,615 | INFO | GET /css/responsive.css -> 304 (2ms) [anonymous]
2026-10-07 18:15:39,617 | INFO | GET /js/auth.js -> 304 (1ms) [anonymous]
2026-10-07 18:15:39,618 | INFO | GET /js/reports.js -> 200 (0ms) [anonymous]
2026-10-07 18:15:39,662 | INFO | GET /components/navbar.html -> 304 (1ms) [anonymous]
2026-10-07 18:15:39,663 | INFO | GET /components/sidebar.html -> 304 (1ms) [anonymous]
2026-10-07 18:15:39,667 | INFO | GET /components/footer.html -> 304 (1ms) [anonymous]
2026-10-07 18:15:39,700 | INFO | GET /api/auth/notifications -> 200 (3ms) [prasanna]
2026-10-07 18:15:39,701 | INFO | GET /api/reports/summary -> 200 (0ms) [prasanna]
2026-10-07 18:15:39,705 | INFO | GET /api/reports/dashboard -> 200 (0ms) [prasanna]
2026-10-07 18:15:39,711 | INFO | GET /api/reports/activity -> 200 (0ms) [prasanna]
2026-10-07 18:15:39,733 | INFO | GET /api/reports/export -> 200 (3ms) [prasanna]
2026-10-07 18:15:39,805 | INFO | GET /api/reports/monthly -> 200 (96ms) [prasanna]
2026-10-07 18:15:40,002 | INFO | GET /api/reports/powerbi -> 200 (262ms) [prasanna]
2026-10-07 18:16:54,558 | INFO | GET /pages/followups.html -> 304 (0ms) [anonymous]
2026-10-07 18:16:54,576 | INFO | GET /css/style.css -> 304 (0ms) [anonymous]
2026-10-07 18:16:54,583 | INFO | GET /css/dashboard.css -> 304 (0ms) [anonymous]
2026-10-07 18:16:54,588 | INFO | GET /js/auth.js -> 304 (3ms) [anonymous]
2026-10-07 18:16:54,590 | INFO | GET /css/responsive.css -> 304 (2ms) [anonymous]
2026-10-07 18:16:54,591 | INFO | GET /js/leads.js -> 304 (1ms) [anonymous]
2026-10-07 18:16:54,620 | INFO | GET /components/sidebar.html -> 304 (1ms) [anonymous]
2026-10-07 18:16:54,621 | INFO | GET /components/navbar.html -> 304 (1ms) [anonymous]
2026-10-07 18:16:54,623 | INFO | GET /components/footer.html -> 304 (0ms) [anonymous]
2026-10-07 18:16:54,625 | INFO | GET /components/modals.html -> 304 (0ms) [anonymous]
2026-10-07 18:16:54,673 | INFO | GET /api/auth/notifications -> 200 (1ms) [prasanna]
2026-10-07 18:16:54,675 | INFO | GET /api/employees -> 200 (0ms) [prasanna]
2026-10-07 18:16:54,691 | INFO | GET /api/employees -> 200 (0ms) [prasanna]
2026-10-07 18:16:54,704 | INFO | GET /api/followups -> 200 (0ms) [prasanna]
2026-10-07 18:16:56,133 | INFO | GET /pages/leads.html -> 304 (1ms) [anonymous]
2026-10-07 18:16:56,148 | INFO | GET /css/style.css -> 304 (0ms) [anonymous]
2026-10-07 18:16:56,156 | INFO | GET /css/dashboard.css -> 304 (0ms) [anonymous]
2026-10-07 18:16:56,159 | INFO | GET /css/responsive.css -> 304 (1ms) [anonymous]
2026-10-07 18:16:56,163 | INFO | GET /js/auth.js -> 304 (1ms) [anonymous]
2026-10-07 18:16:56,165 | INFO | GET /js/leads.js -> 304 (0ms) [anonymous]
2026-10-07 18:16:56,197 | INFO | GET /components/sidebar.html -> 304 (0ms) [anonymous]
2026-10-07 18:16:56,202 | INFO | GET /components/navbar.html -> 304 (2ms) [anonymous]
2026-10-07 18:16:56,202 | INFO | GET /components/footer.html -> 304 (0ms) [anonymous]
2026-10-07 18:16:56,204 | INFO | GET /components/modals.html -> 304 (1ms) [anonymous]
2026-10-07 18:16:56,228 | INFO | GET /api/auth/notifications -> 200 (0ms) [prasanna]
2026-10-07 18:16:56,230 | INFO | GET /api/leads -> 200 (0ms) [prasanna]
2026-10-07 18:16:59,930 | INFO | GET /pages/companies.html -> 304 (0ms) [anonymous]
2026-10-07 18:16:59,953 | INFO | GET /css/style.css -> 304 (0ms) [anonymous]
2026-10-07 18:16:59,958 | INFO | GET /css/dashboard.css -> 304 (0ms) [anonymous]
2026-10-07 18:16:59,961 | INFO | GET /css/responsive.css -> 304 (1ms) [anonymous]
2026-10-07 18:16:59,968 | INFO | GET /js/auth.js -> 304 (3ms) [anonymous]
2026-10-07 18:16:59,969 | INFO | GET /js/leads.js -> 304 (0ms) [anonymous]
2026-10-07 18:17:00,000 | INFO | GET /components/sidebar.html -> 304 (0ms) [anonymous]
2026-10-07 18:17:00,006 | INFO | GET /components/navbar.html -> 304 (2ms) [anonymous]
2026-10-07 18:17:00,009 | INFO | GET /components/footer.html -> 304 (4ms) [anonymous]
2026-10-07 18:17:00,030 | INFO | GET /components/modals.html -> 304 (0ms) [anonymous]
2026-10-07 18:17:00,069 | INFO | GET /api/auth/notifications -> 200 (0ms) [prasanna]
2026-10-07 18:17:00,096 | INFO | GET /api/companies -> 200 (0ms) [prasanna]
2026-10-07 18:17:00,178 | INFO | POST /api/auth/login -> 200 (330ms) [anonymous]
2026-10-07 18:17:00,208 | INFO | GET /api/reports/activity -> 200 (0ms) [prasanna]
2026-10-07 18:17:01,610 | INFO | GET /pages/admin-dashboard.html -> 304 (15ms) [anonymous]
2026-10-07 18:17:01,658 | INFO | GET /css/style.css -> 304 (14ms) [anonymous]
2026-10-07 18:17:01,664 | INFO | GET /css/dashboard.css -> 304 (0ms) [anonymous]
2026-10-07 18:17:01,669 | INFO | GET /css/responsive.css -> 304 (0ms) [anonymous]
2026-10-07 18:17:01,677 | INFO | GET /js/auth.js -> 304 (0ms) [anonymous]
2026-10-07 18:17:01,695 | INFO | GET /js/dashboard.js -> 304 (0ms) [anonymous]
2026-10-07 18:17:01,716 | INFO | GET /components/sidebar.html -> 304 (0ms) [anonymous]
2026-10-07 18:17:01,718 | INFO | GET /components/navbar.html -> 304 (1ms) [anonymous]
2026-10-07 18:17:01,723 | INFO | GET /components/footer.html -> 304 (5ms) [anonymous]
2026-10-07 18:17:01,724 | INFO | GET /components/modals.html -> 304 (5ms) [anonymous]
2026-10-07 18:17:01,756 | INFO | GET /api/auth/notifications -> 200 (4ms) [prasanna]
2026-10-07 18:17:01,771 | INFO | GET /api/reports/dashboard -> 200 (2ms) [prasanna]
2026-10-07 18:17:01,784 | INFO | GET /api/leads -> 200 (0ms) [prasanna]
2026-10-07 18:17:01,795 | INFO | GET /api/followups -> 200 (0ms) [prasanna]
2026-10-07 18:17:01,803 | INFO | GET /api/employees -> 200 (0ms) [prasanna]
2026-10-07 18:17:11,160 | INFO | GET /pages/employees.html -> 304 (0ms) [anonymous]
2026-10-07 18:17:11,183 | INFO | GET /css/style.css -> 304 (0ms) [anonymous]
2026-10-07 18:17:11,192 | INFO | GET /css/dashboard.css -> 304 (2ms) [anonymous]
2026-10-07 18:17:11,198 | INFO | GET /css/responsive.css -> 304 (6ms) [anonymous]
2026-10-07 18:17:11,199 | INFO | GET /js/auth.js -> 304 (3ms) [anonymous]
2026-10-07 18:17:11,200 | INFO | GET /js/employees.js -> 304 (1ms) [anonymous]
2026-10-07 18:17:11,322 | INFO | GET /components/modals.html -> 304 (3ms) [anonymous]
2026-10-07 18:17:11,369 | INFO | GET /components/footer.html -> 304 (11ms) [anonymous]
2026-10-07 18:17:11,399 | INFO | GET /components/navbar.html -> 304 (13ms) [anonymous]
2026-10-07 18:17:11,422 | INFO | GET /components/sidebar.html -> 304 (2ms) [anonymous]
2026-10-07 18:17:11,471 | INFO | GET /api/auth/notifications -> 200 (1ms) [prasanna]
2026-10-07 18:17:11,474 | INFO | GET /api/roles -> 200 (0ms) [prasanna]
2026-10-07 18:17:11,494 | INFO | GET /api/employees -> 200 (1ms) [prasanna]
2026-10-07 18:17:11,506 | INFO | GET /api/employees -> 200 (0ms) [prasanna]
2026-10-07 18:17:13,445 | INFO | GET /pages/followups.html -> 304 (0ms) [anonymous]
2026-10-07 18:17:13,486 | INFO | GET /css/style.css -> 304 (12ms) [anonymous]
2026-10-07 18:17:13,505 | INFO | GET /css/dashboard.css -> 304 (8ms) [anonymous]
2026-10-07 18:17:13,509 | INFO | GET /css/responsive.css -> 304 (2ms) [anonymous]
2026-10-07 18:17:13,541 | INFO | GET /js/leads.js -> 304 (0ms) [anonymous]
2026-10-07 18:17:13,543 | INFO | GET /js/auth.js -> 304 (35ms) [anonymous]
2026-10-07 18:17:13,587 | INFO | GET /components/navbar.html -> 304 (0ms) [anonymous]
2026-10-07 18:17:13,590 | INFO | GET /components/sidebar.html -> 304 (1ms) [anonymous]
2026-10-07 18:17:13,594 | INFO | GET /components/footer.html -> 304 (4ms) [anonymous]
2026-10-07 18:17:13,602 | INFO | GET /components/modals.html -> 304 (10ms) [anonymous]
2026-10-07 18:17:13,629 | INFO | GET /api/auth/notifications -> 200 (0ms) [prasanna]
2026-10-07 18:17:13,632 | INFO | GET /api/employees -> 200 (0ms) [prasanna]
2026-10-07 18:17:13,638 | INFO | GET /api/employees -> 200 (0ms) [prasanna]
2026-10-07 18:17:13,655 | INFO | GET /api/followups -> 200 (0ms) [prasanna]
2026-10-07 18:17:15,326 | INFO | GET /pages/leads.html -> 304 (1ms) [anonymous]
2026-10-07 18:17:15,361 | INFO | GET /css/style.css -> 304 (1ms) [anonymous]
2026-10-07 18:17:15,366 | INFO | GET /css/dashboard.css -> 304 (0ms) [anonymous]
2026-10-07 18:17:15,372 | INFO | GET /css/responsive.css -> 304 (0ms) [anonymous]
2026-10-07 18:17:15,378 | INFO | GET /js/auth.js -> 304 (1ms) [anonymous]
2026-10-07 18:17:15,393 | INFO | GET /js/leads.js -> 304 (11ms) [anonymous]
2026-10-07 18:17:15,421 | INFO | GET /components/sidebar.html -> 304 (1ms) [anonymous]
2026-10-07 18:17:15,439 | INFO | GET /components/navbar.html -> 304 (17ms) [anonymous]
2026-10-07 18:17:15,452 | INFO | GET /components/footer.html -> 304 (20ms) [anonymous]
2026-10-07 18:17:15,454 | INFO | GET /components/modals.html -> 304 (0ms) [anonymous]
2026-10-07 18:17:15,488 | INFO | GET /api/auth/notifications -> 200 (0ms) [prasanna]
2026-10-07 18:17:15,489 | INFO | GET /api/leads -> 200 (0ms) [prasanna]
2026-10-07 18:17:17,675 | INFO | GET /pages/followups.html -> 304 (0ms) [anonymous]
2026-10-07 18:17:17,708 | INFO | GET /css/style.css -> 304 (1ms) [anonymous]
2026-10-07 18:17:17,725 | INFO | GET /css/dashboard.css -> 304 (4ms) [anonymous]
2026-10-07 18:17:17,728 | INFO | GET /css/responsive.css -> 304 (2ms) [anonymous]
2026-10-07 18:17:17,730 | INFO | GET /js/auth.js -> 304 (3ms) [anonymous]
2026-10-07 18:17:17,732 | INFO | GET /js/leads.js -> 304 (2ms) [anonymous]
2026-10-07 18:17:17,763 | INFO | GET /components/sidebar.html -> 304 (0ms) [anonymous]
2026-10-07 18:17:17,767 | INFO | GET /components/navbar.html -> 304 (2ms) [anonymous]
2026-10-07 18:17:17,775 | INFO | GET /components/footer.html -> 304 (7ms) [anonymous]
2026-10-07 18:17:17,775 | INFO | GET /components/modals.html -> 304 (2ms) [anonymous]
2026-10-07 18:17:17,825 | INFO | GET /api/auth/notifications -> 200 (0ms) [prasanna]
2026-10-07 18:17:17,833 | INFO | GET /api/employees -> 200 (0ms) [prasanna]
2026-10-07 18:17:17,840 | INFO | GET /api/employees -> 200 (0ms) [prasanna]
2026-10-07 18:17:17,848 | INFO | GET /api/followups -> 200 (0ms) [prasanna]
2026-10-07 18:17:20,348 | INFO | GET /pages/projects.html -> 304 (1ms) [anonymous]
2026-10-07 18:17:20,375 | INFO | GET /css/style.css -> 304 (0ms) [anonymous]
2026-10-07 18:17:20,379 | INFO | GET /css/dashboard.css -> 304 (1ms) [anonymous]
2026-10-07 18:17:20,386 | INFO | GET /css/responsive.css -> 304 (1ms) [anonymous]
2026-10-07 18:17:20,394 | INFO | GET /js/auth.js -> 304 (0ms) [anonymous]
2026-10-07 18:17:20,398 | INFO | GET /js/projects.js -> 304 (1ms) [anonymous]
2026-10-07 18:17:20,440 | INFO | GET /components/sidebar.html -> 304 (1ms) [anonymous]
2026-10-07 18:17:20,442 | INFO | GET /components/navbar.html -> 304 (0ms) [anonymous]
2026-10-07 18:17:20,445 | INFO | GET /components/footer.html -> 304 (1ms) [anonymous]
2026-10-07 18:17:20,449 | INFO | GET /components/modals.html -> 304 (1ms) [anonymous]
2026-10-07 18:17:20,472 | INFO | GET /api/auth/notifications -> 200 (0ms) [prasanna]
2026-10-07 18:17:20,476 | INFO | GET /api/companies -> 200 (0ms) [prasanna]
2026-10-07 18:17:20,479 | INFO | GET /api/employees -> 200 (1ms) [prasanna]
2026-10-07 18:17:20,484 | INFO | GET /api/developers -> 200 (0ms) [prasanna]
2026-10-07 18:17:20,513 | INFO | GET /api/projects -> 200 (0ms) [prasanna]
2026-10-07 18:17:20,645 | INFO | DELETE /api/reports/activity -> 200 (20426ms) [prasanna]
2026-10-07 18:17:20,657 | INFO | GET /api/reports/activity -> 200 (0ms) [prasanna]
2026-10-07 18:17:21,957 | INFO | GET /pages/reports.html -> 304 (0ms) [anonymous]
2026-10-07 18:17:21,992 | INFO | GET /css/style.css -> 304 (1ms) [anonymous]
2026-10-07 18:17:21,998 | INFO | GET /css/dashboard.css -> 304 (0ms) [anonymous]
2026-10-07 18:17:22,013 | INFO | GET /js/auth.js -> 304 (0ms) [anonymous]
2026-10-07 18:17:22,026 | INFO | GET /css/responsive.css -> 304 (2ms) [anonymous]
2026-10-07 18:17:22,040 | INFO | GET /js/reports.js -> 304 (0ms) [anonymous]
2026-10-07 18:17:22,078 | INFO | GET /components/sidebar.html -> 304 (0ms) [anonymous]
2026-10-07 18:17:22,079 | INFO | GET /components/navbar.html -> 304 (0ms) [anonymous]
2026-10-07 18:17:22,082 | INFO | GET /components/footer.html -> 304 (0ms) [anonymous]
2026-10-07 18:17:22,115 | INFO | GET /api/auth/notifications -> 200 (1ms) [prasanna]
2026-10-07 18:17:22,125 | INFO | GET /api/reports/summary -> 200 (0ms) [prasanna]
2026-10-07 18:17:22,137 | INFO | GET /api/reports/dashboard -> 200 (3ms) [prasanna]
2026-10-07 18:17:22,159 | INFO | GET /api/reports/activity -> 200 (0ms) [prasanna]
2026-10-07 18:17:22,166 | INFO | GET /api/reports/export -> 200 (0ms) [prasanna]
2026-10-07 18:17:22,223 | INFO | GET /api/reports/monthly -> 200 (80ms) [prasanna]
2026-10-07 18:17:22,362 | INFO | GET /api/reports/powerbi -> 200 (183ms) [prasanna]
2026-10-07 18:17:23,495 | INFO | GET /pages/projects.html -> 304 (0ms) [anonymous]
2026-10-07 18:17:23,513 | INFO | GET /css/style.css -> 304 (0ms) [anonymous]
2026-10-07 18:17:23,522 | INFO | GET /css/dashboard.css -> 304 (1ms) [anonymous]
2026-10-07 18:17:23,528 | INFO | GET /css/responsive.css -> 304 (0ms) [anonymous]
2026-10-07 18:17:23,535 | INFO | GET /js/auth.js -> 304 (2ms) [anonymous]
2026-10-07 18:17:23,535 | INFO | GET /js/projects.js -> 304 (0ms) [anonymous]
2026-10-07 18:17:23,563 | INFO | GET /components/sidebar.html -> 304 (0ms) [anonymous]
2026-10-07 18:17:23,566 | INFO | GET /components/navbar.html -> 304 (1ms) [anonymous]
2026-10-07 18:17:23,567 | INFO | GET /components/footer.html -> 304 (2ms) [anonymous]
2026-10-07 18:17:23,573 | INFO | GET /components/modals.html -> 304 (0ms) [anonymous]
2026-10-07 18:17:23,597 | INFO | GET /api/auth/notifications -> 200 (0ms) [prasanna]
2026-10-07 18:17:23,598 | INFO | GET /api/companies -> 200 (0ms) [prasanna]
2026-10-07 18:17:23,600 | INFO | GET /api/employees -> 200 (0ms) [prasanna]
2026-10-07 18:17:23,603 | INFO | GET /api/developers -> 200 (0ms) [prasanna]
2026-10-07 18:17:23,625 | INFO | GET /api/projects -> 200 (0ms) [prasanna]
2026-10-07 18:17:24,742 | INFO | GET /pages/reports.html -> 304 (0ms) [anonymous]
2026-10-07 18:17:24,763 | INFO | GET /css/style.css -> 304 (0ms) [anonymous]
2026-10-07 18:17:24,768 | INFO | GET /js/reports.js -> 304 (1ms) [anonymous]
2026-10-07 18:17:24,776 | INFO | GET /js/auth.js -> 304 (0ms) [anonymous]
2026-10-07 18:17:24,784 | INFO | GET /css/responsive.css -> 304 (4ms) [anonymous]
2026-10-07 18:17:24,785 | INFO | GET /css/dashboard.css -> 304 (0ms) [anonymous]
2026-10-07 18:17:24,805 | INFO | GET /components/sidebar.html -> 304 (1ms) [anonymous]
2026-10-07 18:17:24,806 | INFO | GET /components/navbar.html -> 304 (3ms) [anonymous]
2026-10-07 18:17:24,809 | INFO | GET /components/footer.html -> 304 (1ms) [anonymous]
2026-10-07 18:17:24,842 | INFO | GET /api/auth/notifications -> 200 (0ms) [prasanna]
2026-10-07 18:17:24,850 | INFO | GET /api/reports/summary -> 200 (3ms) [prasanna]
2026-10-07 18:17:24,858 | INFO | GET /api/reports/dashboard -> 200 (0ms) [prasanna]
2026-10-07 18:17:24,862 | INFO | GET /api/reports/export -> 200 (0ms) [prasanna]
2026-10-07 18:17:24,863 | INFO | GET /api/reports/activity -> 200 (0ms) [prasanna]
2026-10-07 18:17:24,954 | INFO | GET /api/reports/monthly -> 200 (83ms) [prasanna]
2026-10-07 18:17:25,048 | INFO | GET /api/reports/powerbi -> 200 (175ms) [prasanna]
2026-10-07 18:17:44,525 | INFO | GET /pages/leads.html -> 304 (0ms) [anonymous]
2026-10-07 18:17:44,544 | INFO | GET /css/style.css -> 304 (0ms) [anonymous]
2026-10-07 18:17:44,557 | INFO | GET /css/dashboard.css -> 304 (1ms) [anonymous]
2026-10-07 18:17:44,561 | INFO | GET /css/responsive.css -> 304 (0ms) [anonymous]
2026-10-07 18:17:44,568 | INFO | GET /js/auth.js -> 304 (2ms) [anonymous]
2026-10-07 18:17:44,569 | INFO | GET /js/leads.js -> 304 (1ms) [anonymous]
2026-10-07 18:17:44,594 | INFO | GET /components/sidebar.html -> 304 (0ms) [anonymous]
2026-10-07 18:17:44,600 | INFO | GET /components/navbar.html -> 304 (1ms) [anonymous]
2026-10-07 18:17:44,603 | INFO | GET /components/footer.html -> 304 (0ms) [anonymous]
2026-10-07 18:17:44,605 | INFO | GET /components/modals.html -> 304 (0ms) [anonymous]
2026-10-07 18:17:44,628 | INFO | GET /api/auth/notifications -> 200 (1ms) [prasanna]
2026-10-07 18:17:44,630 | INFO | GET /api/leads -> 200 (1ms) [prasanna]
2026-10-07 18:17:49,603 | INFO | DELETE /api/leads/lead_2313d14574a9 -> 200 (56ms) [prasanna]
2026-10-07 18:17:49,643 | INFO | GET /api/leads -> 200 (1ms) [prasanna]
2026-10-07 18:17:55,430 | INFO | GET /pages/reports.html -> 304 (1ms) [anonymous]
2026-10-07 18:17:55,451 | INFO | GET /css/style.css -> 304 (0ms) [anonymous]
2026-10-07 18:17:55,466 | INFO | GET /css/dashboard.css -> 304 (0ms) [anonymous]
2026-10-07 18:17:55,471 | INFO | GET /css/responsive.css -> 304 (3ms) [anonymous]
2026-10-07 18:17:55,473 | INFO | GET /js/auth.js -> 304 (2ms) [anonymous]
2026-10-07 18:17:55,474 | INFO | GET /js/reports.js -> 304 (1ms) [anonymous]
2026-10-07 18:17:55,504 | INFO | GET /components/sidebar.html -> 304 (1ms) [anonymous]
2026-10-07 18:17:55,511 | INFO | GET /components/navbar.html -> 304 (2ms) [anonymous]
2026-10-07 18:17:55,511 | INFO | GET /components/footer.html -> 304 (1ms) [anonymous]
2026-10-07 18:17:55,541 | INFO | GET /api/auth/notifications -> 200 (1ms) [prasanna]
2026-10-07 18:17:55,549 | INFO | GET /api/reports/summary -> 200 (0ms) [prasanna]
2026-10-07 18:17:55,551 | INFO | GET /api/reports/dashboard -> 200 (0ms) [prasanna]
2026-10-07 18:17:55,575 | INFO | GET /api/reports/activity -> 200 (0ms) [prasanna]
2026-10-07 18:17:55,582 | INFO | GET /api/reports/export -> 200 (0ms) [prasanna]
2026-10-07 18:17:55,653 | INFO | GET /api/reports/monthly -> 200 (86ms) [prasanna]
2026-10-07 18:17:55,779 | INFO | GET /api/reports/powerbi -> 200 (190ms) [prasanna]
2026-10-07 18:18:09,570 | INFO | GET /js/reports.js -> 200 (0ms) [anonymous]
2026-10-07 18:18:09,642 | INFO | GET /pages/reports.html -> 200 (0ms) [anonymous]
2026-10-07 18:18:16,193 | INFO | GET /pages/reports.html -> 304 (1ms) [anonymous]
2026-10-07 18:18:16,218 | INFO | GET /css/style.css -> 304 (3ms) [anonymous]
2026-10-07 18:18:16,223 | INFO | GET /css/dashboard.css -> 304 (0ms) [anonymous]
2026-10-07 18:18:16,230 | INFO | GET /css/responsive.css -> 304 (2ms) [anonymous]
2026-10-07 18:18:16,232 | INFO | GET /js/auth.js -> 304 (3ms) [anonymous]
2026-10-07 18:18:16,234 | INFO | GET /js/reports.js -> 304 (1ms) [anonymous]
2026-10-07 18:18:16,256 | INFO | GET /components/sidebar.html -> 304 (4ms) [anonymous]
2026-10-07 18:18:16,257 | INFO | GET /components/navbar.html -> 304 (1ms) [anonymous]
2026-10-07 18:18:16,259 | INFO | GET /components/footer.html -> 304 (0ms) [anonymous]
2026-10-07 18:18:16,282 | INFO | GET /api/auth/notifications -> 200 (0ms) [prasanna]
2026-10-07 18:18:16,284 | INFO | GET /api/reports/summary -> 200 (1ms) [prasanna]
2026-10-07 18:18:16,286 | INFO | GET /api/reports/dashboard -> 200 (1ms) [prasanna]
2026-10-07 18:18:16,290 | INFO | GET /api/reports/activity -> 200 (0ms) [prasanna]
2026-10-07 18:18:16,309 | INFO | GET /api/reports/export -> 200 (0ms) [prasanna]
2026-10-07 18:18:16,373 | INFO | GET /api/reports/monthly -> 200 (86ms) [prasanna]
2026-10-07 18:18:16,498 | INFO | GET /api/reports/powerbi -> 200 (179ms) [prasanna]
2026-10-07 18:18:26,744 | INFO | GET /.well-known/appspecific/com.chrome.devtools.json -> 404 (0ms) [anonymous]
2026-10-07 18:18:26,766 | INFO | GET /css/style.css -> 304 (2ms) [anonymous]
2026-10-07 18:18:26,768 | INFO | GET /css/dashboard.css -> 304 (2ms) [anonymous]
2026-10-07 18:18:26,769 | INFO | GET /css/responsive.css -> 304 (1ms) [anonymous]
2026-10-07 18:18:41,920 | INFO | GET /pages/followups.html -> 304 (0ms) [anonymous]
2026-10-07 18:18:41,953 | INFO | GET /css/style.css -> 304 (0ms) [anonymous]
2026-10-07 18:18:41,974 | INFO | GET /css/dashboard.css -> 304 (1ms) [anonymous]
2026-10-07 18:18:41,979 | INFO | GET /css/responsive.css -> 304 (4ms) [anonymous]
2026-10-07 18:18:41,981 | INFO | GET /js/auth.js -> 304 (2ms) [anonymous]
2026-10-07 18:18:41,982 | INFO | GET /js/leads.js -> 304 (2ms) [anonymous]
2026-10-07 18:18:41,983 | INFO | GET /.well-known/appspecific/com.chrome.devtools.json -> 404 (0ms) [anonymous]
2026-10-07 18:18:42,038 | INFO | GET /components/sidebar.html -> 304 (1ms) [anonymous]
2026-10-07 18:18:42,046 | INFO | GET /components/navbar.html -> 304 (0ms) [anonymous]
2026-10-07 18:18:42,064 | INFO | GET /components/footer.html -> 304 (1ms) [anonymous]
2026-10-07 18:18:42,065 | INFO | GET /components/modals.html -> 304 (0ms) [anonymous]
2026-10-07 18:18:42,097 | INFO | GET /api/auth/notifications -> 200 (2ms) [prasanna]
2026-10-07 18:18:42,101 | INFO | GET /api/employees -> 200 (0ms) [prasanna]
2026-10-07 18:18:42,103 | INFO | GET /api/employees -> 200 (1ms) [prasanna]
2026-10-07 18:18:42,110 | INFO | GET /api/followups -> 200 (0ms) [prasanna]
2026-10-07 18:19:11,386 | INFO | GET /pages/settings.html -> 304 (0ms) [anonymous]
2026-10-07 18:19:11,405 | INFO | GET /css/style.css -> 304 (0ms) [anonymous]
2026-10-07 18:19:11,437 | INFO | GET /css/dashboard.css -> 304 (1ms) [anonymous]
2026-10-07 18:19:11,440 | INFO | GET /css/responsive.css -> 304 (3ms) [anonymous]
2026-10-07 18:19:11,442 | INFO | GET /js/auth.js -> 304 (2ms) [anonymous]
2026-10-07 18:19:11,443 | INFO | GET /.well-known/appspecific/com.chrome.devtools.json -> 404 (0ms) [anonymous]
2026-10-07 18:19:11,444 | INFO | GET /js/dashboard.js -> 304 (2ms) [anonymous]
2026-10-07 18:19:11,503 | INFO | GET /components/sidebar.html -> 304 (2ms) [anonymous]
2026-10-07 18:19:11,507 | INFO | GET /components/navbar.html -> 304 (1ms) [anonymous]
2026-10-07 18:19:11,508 | INFO | GET /components/footer.html -> 304 (1ms) [anonymous]
2026-10-07 18:19:11,509 | INFO | GET /components/modals.html -> 304 (1ms) [anonymous]
2026-10-07 18:19:11,555 | INFO | GET /api/auth/notifications -> 200 (1ms) [prasanna]
2026-10-07 18:19:11,562 | INFO | GET /api/auth/me -> 200 (0ms) [prasanna]
2026-10-07 18:19:11,582 | INFO | GET /api/employees/emp_9370c1d0a3e4 -> 200 (1ms) [prasanna]
2026-10-07 18:19:13,023 | INFO | GET /pages/reports.html -> 304 (0ms) [anonymous]
2026-10-07 18:19:13,049 | INFO | GET /css/style.css -> 304 (3ms) [anonymous]
2026-10-07 18:19:13,071 | INFO | GET /js/auth.js -> 304 (3ms) [anonymous]
2026-10-07 18:19:13,071 | INFO | GET /css/responsive.css -> 304 (2ms) [anonymous]
2026-10-07 18:19:13,075 | INFO | GET /css/dashboard.css -> 304 (2ms) [anonymous]
2026-10-07 18:19:13,077 | INFO | GET /.well-known/appspecific/com.chrome.devtools.json -> 404 (0ms) [anonymous]
2026-10-07 18:19:13,078 | INFO | GET /js/reports.js -> 304 (3ms) [anonymous]
2026-10-07 18:19:13,128 | INFO | GET /components/sidebar.html -> 304 (3ms) [anonymous]
2026-10-07 18:19:13,138 | INFO | GET /components/navbar.html -> 304 (2ms) [anonymous]
2026-10-07 18:19:13,152 | INFO | GET /components/footer.html -> 304 (2ms) [anonymous]
2026-10-07 18:19:13,183 | INFO | GET /api/auth/notifications -> 200 (4ms) [prasanna]
2026-10-07 18:19:13,192 | INFO | GET /api/reports/summary -> 200 (0ms) [prasanna]
2026-10-07 18:19:13,200 | INFO | GET /api/reports/dashboard -> 200 (0ms) [prasanna]
2026-10-07 18:19:13,223 | INFO | GET /api/reports/activity -> 200 (0ms) [prasanna]
2026-10-07 18:19:13,227 | INFO | GET /api/reports/export -> 200 (1ms) [prasanna]
2026-10-07 18:19:13,322 | INFO | GET /api/reports/monthly -> 200 (100ms) [prasanna]
2026-10-07 18:19:13,480 | INFO | GET /api/reports/powerbi -> 200 (245ms) [prasanna]
2026-10-07 18:19:16,957 | INFO | GET /pages/projects.html -> 304 (1ms) [anonymous]
2026-10-07 18:19:16,983 | INFO | GET /css/style.css -> 304 (1ms) [anonymous]
2026-10-07 18:19:17,005 | INFO | GET /css/dashboard.css -> 304 (1ms) [anonymous]
2026-10-07 18:19:17,006 | INFO | GET /css/responsive.css -> 304 (1ms) [anonymous]
2026-10-07 18:19:17,009 | INFO | GET /js/auth.js -> 304 (1ms) [anonymous]
2026-10-07 18:19:17,015 | INFO | GET /js/projects.js -> 304 (2ms) [anonymous]
2026-10-07 18:19:17,017 | INFO | GET /.well-known/appspecific/com.chrome.devtools.json -> 404 (0ms) [anonymous]
2026-10-07 18:19:17,068 | INFO | GET /components/navbar.html -> 304 (0ms) [anonymous]
2026-10-07 18:19:17,071 | INFO | GET /components/sidebar.html -> 304 (1ms) [anonymous]
2026-10-07 18:19:17,081 | INFO | GET /components/footer.html -> 304 (1ms) [anonymous]
2026-10-07 18:19:17,083 | INFO | GET /components/modals.html -> 304 (2ms) [anonymous]
2026-10-07 18:19:17,116 | INFO | GET /api/auth/notifications -> 200 (0ms) [prasanna]
2026-10-07 18:19:17,117 | INFO | GET /api/companies -> 200 (0ms) [prasanna]
2026-10-07 18:19:17,120 | INFO | GET /api/employees -> 200 (0ms) [prasanna]
2026-10-07 18:19:17,125 | INFO | GET /api/developers -> 200 (0ms) [prasanna]
2026-10-07 18:19:17,159 | INFO | GET /api/projects -> 200 (1ms) [prasanna]
2026-10-07 18:19:18,164 | INFO | GET /pages/reports.html -> 304 (0ms) [anonymous]
2026-10-07 18:19:18,189 | INFO | GET /css/style.css -> 304 (0ms) [anonymous]
2026-10-07 18:19:18,218 | INFO | GET /css/dashboard.css -> 304 (2ms) [anonymous]
2026-10-07 18:19:18,219 | INFO | GET /css/responsive.css -> 304 (1ms) [anonymous]
2026-10-07 18:19:18,221 | INFO | GET /js/auth.js -> 304 (3ms) [anonymous]
2026-10-07 18:19:18,224 | INFO | GET /js/reports.js -> 304 (3ms) [anonymous]
2026-10-07 18:19:18,226 | INFO | GET /.well-known/appspecific/com.chrome.devtools.json -> 404 (0ms) [anonymous]
2026-10-07 18:19:18,269 | INFO | GET /components/sidebar.html -> 304 (2ms) [anonymous]
2026-10-07 18:19:18,276 | INFO | GET /components/navbar.html -> 304 (6ms) [anonymous]
2026-10-07 18:19:18,273 | INFO | GET /components/footer.html -> 304 (2ms) [anonymous]
2026-10-07 18:19:18,311 | INFO | GET /api/auth/notifications -> 200 (1ms) [prasanna]
2026-10-07 18:19:18,326 | INFO | GET /api/reports/summary -> 200 (0ms) [prasanna]
2026-10-07 18:19:18,328 | INFO | GET /api/reports/dashboard -> 200 (0ms) [prasanna]
2026-10-07 18:19:18,352 | INFO | GET /api/reports/activity -> 200 (0ms) [prasanna]
2026-10-07 18:19:18,361 | INFO | GET /api/reports/export -> 200 (0ms) [prasanna]
2026-10-07 18:19:18,451 | INFO | GET /api/reports/monthly -> 200 (101ms) [prasanna]
2026-10-07 18:19:18,598 | INFO | GET /api/reports/powerbi -> 200 (225ms) [prasanna]
2026-10-07 18:24:57,216 | INFO | GET /pages/reports.html -> 200 (0ms) [anonymous]
2026-10-07 18:25:27,299 | INFO | GET /pages/reports.html -> 200 (0ms) [anonymous]
2026-10-07 18:25:27,322 | INFO | GET /css/style.css -> 304 (1ms) [anonymous]
2026-10-07 18:25:27,328 | INFO | GET /css/dashboard.css -> 304 (2ms) [anonymous]
2026-10-07 18:25:27,332 | INFO | GET /css/responsive.css -> 304 (4ms) [anonymous]
2026-10-07 18:25:27,333 | INFO | GET /js/auth.js -> 304 (2ms) [anonymous]
2026-10-07 18:25:27,338 | INFO | GET /js/reports.js -> 304 (3ms) [anonymous]
2026-10-07 18:25:27,371 | INFO | GET /components/navbar.html -> 304 (3ms) [anonymous]
2026-10-07 18:25:27,371 | INFO | GET /components/footer.html -> 304 (1ms) [anonymous]
2026-10-07 18:25:27,372 | INFO | GET /components/sidebar.html -> 304 (4ms) [anonymous]
2026-10-07 18:25:27,372 | INFO | GET /components/modals.html -> 304 (1ms) [anonymous]
2026-10-07 18:25:27,405 | INFO | GET /api/auth/notifications -> 200 (0ms) [prasanna]
2026-10-07 18:25:27,406 | INFO | GET /api/reports/summary -> 200 (0ms) [prasanna]
2026-10-07 18:25:27,407 | INFO | GET /api/reports/dashboard -> 200 (1ms) [prasanna]
2026-10-07 18:25:27,417 | INFO | GET /api/reports/activity -> 200 (0ms) [prasanna]
2026-10-07 18:25:27,420 | INFO | GET /api/reports/export -> 200 (0ms) [prasanna]
2026-10-07 18:25:27,492 | INFO | GET /api/reports/monthly -> 200 (83ms) [prasanna]
2026-10-07 18:25:27,602 | INFO | GET /api/reports/powerbi -> 200 (178ms) [prasanna]
2026-10-07 18:25:35,025 | INFO | DELETE /api/reports/activity -> 200 (50ms) [prasanna]
2026-10-07 18:25:35,033 | INFO | GET /api/reports/activity -> 200 (0ms) [prasanna]
2026-10-07 18:51:42,825 | INFO | CRM backend ready on http://0.0.0.0:5000
2026-10-07 18:51:44,377 | INFO | CRM backend ready on http://0.0.0.0:5000
2026-10-07 18:57:26,692 | INFO | GET / -> 200 (191ms) [anonymous]
2026-10-07 18:57:26,725 | INFO | GET /css/login.css -> 200 (1ms) [anonymous]
2026-10-07 18:57:26,727 | INFO | GET /css/responsive.css -> 200 (0ms) [anonymous]
2026-10-07 18:57:26,737 | INFO | GET /css/style.css -> 200 (21ms) [anonymous]
2026-10-07 18:57:26,926 | INFO | GET /js/auth.js -> 200 (198ms) [anonymous]
2026-10-07 18:57:26,964 | INFO | GET /favicon.ico -> 404 (0ms) [anonymous]
2026-10-07 18:57:30,052 | INFO | GET / -> 200 (0ms) [anonymous]
2026-10-07 18:57:30,315 | INFO | POST /api/auth/login -> 200 (197ms) [anonymous]
2026-10-07 18:57:30,522 | INFO | GET /api/auth/me -> 401 (0ms) [anonymous]
2026-10-07 18:57:30,563 | INFO | GET /api/reports/summary -> 401 (0ms) [anonymous]
2026-10-07 18:57:30,569 | INFO | GET /api/leads -> 401 (0ms) [anonymous]
2026-10-07 18:57:30,575 | INFO | GET /api/projects -> 401 (0ms) [anonymous]
2026-10-07 18:57:30,584 | INFO | GET /api/companies -> 401 (0ms) [anonymous]
2026-10-07 18:57:30,591 | INFO | GET /api/employees -> 401 (0ms) [anonymous]
2026-10-07 18:57:30,601 | INFO | GET /api/developers -> 401 (0ms) [anonymous]
2026-10-07 18:57:30,607 | INFO | GET /api/notifications -> 404 (0ms) [anonymous]
2026-10-07 18:57:39,009 | INFO | POST /api/auth/login -> 200 (163ms) [anonymous]
2026-10-07 18:57:43,371 | INFO | POST /api/auth/login -> 200 (193ms) [anonymous]
2026-10-07 18:57:43,446 | INFO | GET /api/auth/me -> 200 (0ms) [prasanna]
2026-10-07 18:57:43,481 | INFO | GET /api/reports/summary -> 200 (0ms) [prasanna]
2026-10-07 18:57:43,508 | INFO | GET /api/leads -> 200 (0ms) [prasanna]
2026-10-07 18:57:43,533 | INFO | GET /api/projects -> 200 (0ms) [prasanna]
2026-10-07 18:57:43,554 | INFO | GET /api/companies -> 200 (0ms) [prasanna]
2026-10-07 18:57:43,580 | INFO | GET /api/employees -> 200 (0ms) [prasanna]
2026-10-07 18:57:43,600 | INFO | GET /api/developers -> 200 (0ms) [prasanna]
2026-10-07 18:57:43,621 | INFO | GET /api/notifications -> 404 (0ms) [anonymous]
2026-10-07 18:57:43,682 | INFO | GET /api/reports/daily -> 200 (39ms) [prasanna]
2026-10-07 18:57:43,723 | INFO | GET /api/reports/export/leads -> 200 (21ms) [prasanna]
2026-10-07 18:58:11,260 | INFO | GET / -> 200 (0ms) [anonymous]
2026-10-07 18:58:20,263 | INFO | POST /api/auth/login -> 200 (154ms) [anonymous]
2026-10-07 18:58:20,327 | INFO | GET /api/auth/notifications -> 200 (0ms) [prasanna]
2026-10-07 18:58:20,375 | INFO | GET /css/style.css -> 200 (0ms) [anonymous]
2026-10-07 18:58:20,410 | INFO | GET /js/main.js -> 404 (0ms) [anonymous]
2026-10-07 18:58:20,429 | INFO | GET /dashboard.html -> 404 (0ms) [anonymous]
2026-10-07 18:58:20,435 | INFO | GET /leads.html -> 404 (0ms) [anonymous]
2026-10-07 18:58:22,522 | INFO | CRM backend ready on http://0.0.0.0:5000
2026-10-07 18:58:22,803 | INFO | CRM backend ready on http://0.0.0.0:5000
2026-10-07 18:58:22,825 | INFO | GET /health -> 200 (0ms) [anonymous]
2026-10-07 18:58:22,826 | INFO | POST /api/auth/login -> 401 (0ms) [anonymous]
2026-10-07 18:58:22,968 | INFO | POST /api/auth/login -> 200 (141ms) [anonymous]
2026-10-07 18:58:22,970 | INFO | GET /api/auth/me -> 200 (0ms) [prasanna]
2026-10-07 18:58:22,971 | INFO | GET /api/leads -> 401 (0ms) [anonymous]
2026-10-07 18:58:23,152 | INFO | POST /api/employees -> 201 (178ms) [prasanna]
2026-10-07 18:58:23,374 | INFO | POST /api/employees -> 201 (180ms) [prasanna]
2026-10-07 18:58:23,418 | INFO | GET /api/employees -> 200 (0ms) [prasanna]
2026-10-07 18:58:23,486 | INFO | POST /api/companies -> 201 (66ms) [prasanna]
2026-10-07 18:58:23,597 | INFO | POST /api/leads -> 201 (69ms) [prasanna]
2026-10-07 18:58:23,651 | INFO | GET /api/leads/lead_fe1ae72b28ae -> 200 (0ms) [prasanna]
2026-10-07 18:58:23,726 | INFO | POST /api/leads/lead_fe1ae72b28ae/followups -> 201 (73ms) [prasanna]
2026-10-07 18:58:23,834 | INFO | POST /api/leads/lead_fe1ae72b28ae/calls -> 201 (62ms) [prasanna]
2026-10-07 18:58:23,876 | INFO | GET /api/followups -> 200 (0ms) [prasanna]
2026-10-07 18:58:23,877 | INFO | GET /api/calls -> 200 (0ms) [prasanna]
2026-10-07 18:58:23,950 | INFO | POST /api/developers -> 201 (71ms) [prasanna]
2026-10-07 18:58:24,347 | INFO | POST /api/projects -> 201 (353ms) [prasanna]
2026-10-07 18:58:24,461 | INFO | POST /api/projects/prj_86065138d368/tasks -> 201 (37ms) [prasanna]
2026-10-07 18:58:24,612 | INFO | PUT /api/projects/tasks/tsk_e6741d2f1857 -> 200 (84ms) [prasanna]
2026-10-07 18:58:24,734 | INFO | POST /api/projects/prj_86065138d368/updates -> 201 (70ms) [prasanna]
2026-10-07 18:58:24,935 | INFO | POST /api/projects/prj_86065138d368/assignments -> 201 (152ms) [prasanna]
2026-10-07 18:58:24,988 | INFO | GET /api/developers/dev_5036e8d01d66 -> 200 (0ms) [prasanna]
2026-10-07 18:58:25,119 | INFO | POST /api/projects/prj_86065138d368/members -> 201 (129ms) [prasanna]
2026-10-07 18:58:25,166 | INFO | POST /api/projects/prj_86065138d368/members -> 422 (0ms) [prasanna]
2026-10-07 18:58:25,214 | INFO | POST /api/projects/prj_86065138d368/members -> 404 (0ms) [prasanna]
2026-10-07 18:58:25,536 | INFO | POST /api/auth/login -> 200 (172ms) [anonymous]
2026-10-07 18:58:25,702 | INFO | POST /api/auth/login -> 200 (165ms) [anonymous]
2026-10-07 18:58:25,834 | INFO | POST /api/projects/prj_86065138d368/members -> 201 (130ms) [Jane Employee]
2026-10-07 18:58:25,882 | INFO | POST /api/projects/prj_86065138d368/members -> 403 (0ms) [John Dev]
2026-10-07 18:58:25,932 | INFO | GET /api/projects/prj_86065138d368/members -> 200 (0ms) [John Dev]
2026-10-07 18:58:25,932 | INFO | GET /api/projects/prj_86065138d368 -> 200 (0ms) [prasanna]
2026-10-07 18:58:25,977 | INFO | PUT /api/projects/members/mem_2d912e526a6c/release -> 200 (43ms) [prasanna]
2026-10-07 18:58:26,177 | INFO | POST /api/projects/prj_86065138d368/members -> 201 (144ms) [prasanna]
2026-10-07 18:58:26,318 | INFO | DELETE /api/projects/members/mem_dc49b6f1beea -> 200 (36ms) [prasanna]
2026-10-07 18:58:26,394 | INFO | DELETE /api/projects/members/mem_fe16321cd84c -> 200 (30ms) [prasanna]
2026-10-07 18:58:26,443 | INFO | GET /api/reports/summary -> 200 (0ms) [prasanna]
2026-10-07 18:58:26,445 | INFO | GET /api/reports/dashboard -> 200 (1ms) [prasanna]
2026-10-07 18:58:26,509 | INFO | GET /api/reports/daily -> 200 (62ms) [prasanna]
2026-10-07 18:58:26,537 | INFO | GET /api/reports/weekly -> 200 (26ms) [prasanna]
2026-10-07 18:58:26,564 | INFO | GET /api/reports/monthly -> 200 (25ms) [prasanna]
2026-10-07 18:58:26,592 | INFO | GET /api/reports/yearly -> 200 (25ms) [prasanna]
2026-10-07 18:58:26,612 | INFO | GET /api/reports/export/leads -> 200 (18ms) [prasanna]
2026-10-07 18:58:26,707 | INFO | POST /api/reports/powerbi/export -> 200 (92ms) [prasanna]
2026-10-07 18:58:26,780 | INFO | GET /api/reports/activity -> 200 (1ms) [prasanna]
2026-10-07 18:58:26,840 | INFO | DELETE /api/reports/activity/log_77c06d7482e8 -> 200 (57ms) [prasanna]
2026-10-07 18:58:26,842 | INFO | GET /api/reports/activity -> 200 (0ms) [prasanna]
2026-10-07 18:58:26,844 | INFO | DELETE /api/reports/activity/nonexistent_log_x -> 404 (0ms) [prasanna]
2026-10-07 18:58:26,846 | INFO | GET /api/reports/activity -> 200 (0ms) [prasanna]
2026-10-07 18:58:28,748 | INFO | DELETE /api/reports/activity -> 200 (1900ms) [prasanna]
2026-10-07 18:58:28,749 | INFO | GET /api/reports/activity -> 200 (0ms) [prasanna]
2026-10-07 18:58:28,961 | INFO | POST /api/auth/login -> 200 (211ms) [anonymous]
2026-10-07 18:58:28,964 | INFO | GET /api/employees -> 200 (0ms) [Jane Employee]
2026-10-07 18:58:28,966 | INFO | POST /api/employees -> 403 (0ms) [Jane Employee]
2026-10-07 18:58:29,025 | INFO | GET /api/reports/summary -> 200 (0ms) [Jane Employee]
2026-10-07 18:58:29,187 | INFO | POST /api/auth/login -> 200 (158ms) [anonymous]
2026-10-07 18:58:29,189 | INFO | GET /api/reports/summary -> 200 (0ms) [John Dev]
2026-10-07 18:58:29,190 | INFO | DELETE /api/leads/lead_fe1ae72b28ae -> 404 (0ms) [John Dev]
2026-10-07 18:58:29,226 | INFO | GET /api/roles -> 200 (0ms) [prasanna]
2026-10-07 18:58:29,301 | INFO | POST /api/roles -> 201 (72ms) [prasanna]
2026-10-07 18:58:29,340 | INFO | POST /api/roles -> 422 (0ms) [prasanna]
2026-10-07 18:58:29,617 | INFO | POST /api/employees -> 201 (197ms) [prasanna]
2026-10-07 18:58:29,658 | INFO | POST /api/employees -> 422 (0ms) [prasanna]
2026-10-07 18:58:29,860 | INFO | POST /api/auth/login -> 200 (161ms) [anonymous]
2026-10-07 18:58:29,862 | INFO | GET /api/leads -> 200 (0ms) [Rita Role]
2026-10-07 18:58:29,864 | INFO | GET /api/reports/summary -> 200 (0ms) [Rita Role]
2026-10-07 18:58:29,866 | INFO | POST /api/roles -> 403 (0ms) [Rita Role]
2026-10-07 18:58:29,905 | INFO | DELETE /api/roles/role_1a0212897e96 -> 409 (0ms) [prasanna]
2026-10-07 18:58:30,016 | INFO | DELETE /api/employees/emp_a87f66a2153c -> 200 (68ms) [prasanna]
2026-10-07 18:58:30,143 | INFO | DELETE /api/roles/role_1a0212897e96 -> 200 (86ms) [prasanna]
2026-10-07 18:58:30,187 | INFO | DELETE /api/roles/role_46052807f7bb -> 400 (0ms) [prasanna]
2026-10-07 18:58:30,412 | INFO | POST /api/leads/lead_fe1ae72b28ae/assign -> 200 (180ms) [prasanna]
2026-10-07 18:58:31,494 | INFO | POST /api/projects/prj_86065138d368/tasks -> 201 (1037ms) [prasanna]
2026-10-07 18:58:31,633 | INFO | PUT /api/projects/prj_86065138d368 -> 200 (83ms) [prasanna]
2026-10-07 18:58:31,687 | INFO | GET /api/employees/emp_d33f6d07baa5 -> 200 (0ms) [prasanna]
2026-10-07 18:58:31,779 | INFO | POST /api/leads/lead_fe1ae72b28ae/assign -> 200 (90ms) [prasanna]
2026-10-07 18:58:31,864 | INFO | PUT /api/projects/tasks/tsk_df297d0973e6 -> 200 (36ms) [prasanna]
2026-10-07 18:58:31,997 | INFO | PUT /api/projects/prj_86065138d368 -> 200 (83ms) [prasanna]
2026-10-07 18:58:32,049 | INFO | GET /api/employees/emp_d33f6d07baa5 -> 200 (1ms) [prasanna]
2026-10-07 18:58:32,371 | INFO | POST /api/leads/lead_fe1ae72b28ae/assign -> 200 (321ms) [prasanna]
2026-10-07 18:58:32,625 | INFO | POST /api/leads -> 201 (206ms) [prasanna]
2026-10-07 18:58:32,680 | INFO | GET /api/leads -> 200 (0ms) [Jane Employee]
2026-10-07 18:58:32,682 | INFO | GET /api/leads -> 200 (0ms) [John Dev]
2026-10-07 18:58:32,683 | INFO | GET /api/leads/lead_a72d835f5738 -> 404 (0ms) [Jane Employee]
2026-10-07 18:58:32,685 | INFO | GET /api/leads/lead_fe1ae72b28ae -> 404 (0ms) [John Dev]
2026-10-07 18:58:32,686 | INFO | POST /api/leads/lead_fe1ae72b28ae/assign -> 403 (0ms) [Jane Employee]
2026-10-07 18:58:32,738 | INFO | PUT /api/leads/lead_a72d835f5738 -> 404 (1ms) [Jane Employee]
2026-10-07 18:58:32,804 | INFO | DELETE /api/leads/lead_a72d835f5738 -> 404 (0ms) [Jane Employee]
2026-10-07 18:58:33,069 | INFO | POST /api/leads -> 201 (201ms) [Jane Employee]
2026-10-07 18:58:33,128 | INFO | GET /api/leads -> 200 (0ms) [John Dev]
2026-10-07 18:58:33,129 | INFO | GET /api/leads/lead_2cab95becb19 -> 404 (0ms) [John Dev]
2026-10-07 18:58:33,360 | INFO | POST /api/leads -> 201 (228ms) [John Dev]
2026-10-07 18:58:33,491 | INFO | POST /api/leads/lead_f1ffb3d7de50/followups -> 201 (74ms) [John Dev]
2026-10-07 18:58:33,548 | INFO | POST /api/leads/lead_fe1ae72b28ae/followups -> 404 (0ms) [John Dev]
2026-10-07 18:58:33,605 | INFO | DELETE /api/leads/lead_fe1ae72b28ae -> 404 (0ms) [John Dev]
2026-10-07 18:58:33,748 | INFO | POST /api/companies -> 201 (83ms) [John Dev]
2026-10-07 18:58:33,829 | INFO | DELETE /api/followups/fup_4b38b0ccb8e7 -> 200 (27ms) [prasanna]
2026-10-07 18:58:33,969 | INFO | DELETE /api/leads/lead_f1ffb3d7de50 -> 200 (85ms) [prasanna]
2026-10-07 18:58:34,126 | INFO | DELETE /api/companies/cmp_7f1e032d66ac -> 200 (101ms) [prasanna]
2026-10-07 18:58:34,208 | INFO | GET /api/followups -> 200 (0ms) [Jane Employee]
2026-10-07 18:58:34,209 | INFO | GET /api/followups -> 200 (0ms) [John Dev]
2026-10-07 18:58:34,211 | INFO | GET /api/leads/lead_a72d835f5738/followups -> 404 (0ms) [Jane Employee]
2026-10-07 18:58:34,307 | INFO | POST /api/leads/lead_fe1ae72b28ae/calls -> 201 (94ms) [Jane Employee]
2026-10-07 18:58:34,391 | INFO | GET /api/calls -> 200 (0ms) [Jane Employee]
2026-10-07 18:58:34,392 | INFO | GET /api/calls -> 200 (0ms) [John Dev]
2026-10-07 18:58:34,504 | INFO | DELETE /api/leads/lead_2cab95becb19 -> 200 (109ms) [Jane Employee]
2026-10-07 18:58:34,704 | INFO | DELETE /api/leads/lead_a72d835f5738 -> 200 (132ms) [prasanna]
2026-10-07 18:58:35,024 | INFO | DELETE /api/leads/lead_fe1ae72b28ae -> 200 (262ms) [prasanna]
2026-10-07 18:58:35,340 | INFO | DELETE /api/projects/prj_86065138d368 -> 200 (255ms) [prasanna]
2026-10-07 18:58:35,393 | INFO | PUT /api/auth/change-password -> 403 (0ms) [Jane Employee]
2026-10-07 18:58:35,456 | INFO | POST /api/auth/register -> 403 (0ms) [Jane Employee]
2026-10-07 18:58:35,825 | INFO | PUT /api/auth/change-password -> 200 (301ms) [prasanna]
2026-10-07 18:58:36,121 | INFO | PUT /api/employees/emp_d33f6d07baa5 -> 200 (237ms) [prasanna]
2026-10-07 18:58:36,371 | INFO | POST /api/auth/login -> 200 (178ms) [anonymous]
2026-10-07 18:58:36,373 | INFO | POST /api/auth/notifications -> 403 (0ms) [Jane Employee]
2026-10-07 18:58:36,435 | INFO | POST /api/auth/notifications -> 404 (0ms) [prasanna]
2026-10-07 18:58:36,549 | INFO | POST /api/auth/notifications -> 422 (2ms) [prasanna]
2026-10-07 18:58:36,785 | INFO | POST /api/auth/notifications -> 201 (121ms) [prasanna]
2026-10-07 18:58:36,847 | INFO | GET /api/auth/notifications -> 200 (0ms) [Jane Employee]
2026-10-07 18:58:36,849 | INFO | GET /api/auth/notifications -> 200 (0ms) [John Dev]
2026-10-07 18:58:37,010 | INFO | POST /api/auth/notifications/ntf_93b82277022e/reply -> 201 (159ms) [Jane Employee]
2026-10-07 18:58:37,101 | INFO | GET /api/auth/notifications -> 200 (1ms) [prasanna]
2026-10-07 18:58:37,103 | INFO | POST /api/auth/notifications/ntf_93b82277022e/reply -> 404 (0ms) [John Dev]
2026-10-07 18:58:37,212 | INFO | POST /api/auth/notifications/ntf_93b82277022e/reply -> 422 (0ms) [Jane Employee]
2026-10-07 18:58:37,418 | INFO | POST /api/auth/notifications -> 201 (121ms) [prasanna]
2026-10-07 18:58:37,608 | INFO | POST /api/auth/notifications/ntf_a7e2a0e13036/reply -> 201 (129ms) [John Dev]
2026-10-07 18:58:37,667 | INFO | POST /api/leads/import -> 403 (0ms) [Jane Employee]
2026-10-07 18:58:38,201 | INFO | POST /api/leads/import -> 201 (468ms) [prasanna]
2026-10-07 18:58:38,264 | INFO | GET /api/leads -> 200 (0ms) [prasanna]
2026-10-07 18:58:38,266 | INFO | GET /api/leads -> 200 (0ms) [Jane Employee]
2026-10-07 18:58:38,269 | INFO | POST /api/leads/import -> 422 (1ms) [prasanna]
2026-10-07 18:58:38,341 | INFO | POST /api/leads/import -> 422 (0ms) [prasanna]
2026-10-07 18:58:38,643 | INFO | POST /api/leads/import -> 201 (217ms) [prasanna]
2026-10-07 18:58:38,708 | INFO | GET /api/companies -> 200 (0ms) [prasanna]
2026-10-07 18:58:38,710 | INFO | GET /api/leads -> 200 (0ms) [prasanna]
2026-10-07 18:58:38,859 | INFO | DELETE /api/leads/lead_c26aadac0bcb -> 200 (148ms) [prasanna]
2026-10-07 18:58:39,082 | INFO | DELETE /api/leads/lead_96c2405603d7 -> 200 (110ms) [prasanna]
2026-10-07 18:58:39,263 | INFO | DELETE /api/leads/lead_35495cde915b -> 200 (108ms) [prasanna]
2026-10-07 18:58:39,341 | INFO | GET /api/leads -> 200 (1ms) [prasanna]
2026-10-07 18:58:39,437 | INFO | DELETE /api/companies/cmp_489d017df396 -> 200 (94ms) [prasanna]
2026-10-07 18:58:39,645 | INFO | DELETE /api/employees/emp_d33f6d07baa5 -> 200 (117ms) [prasanna]
2026-10-07 18:58:39,830 | INFO | DELETE /api/employees/emp_8a7467e2e5b2 -> 200 (112ms) [prasanna]
<<<<<<< HEAD
2026-10-09 10:07:26,085 | INFO | CRM backend ready on http://0.0.0.0:5000
2026-10-09 10:07:27,487 | INFO | CRM backend ready on http://0.0.0.0:5000
2026-10-09 10:07:35,109 | INFO | GET / -> 200 (71ms) [anonymous]
2026-10-09 10:07:35,443 | INFO | GET /css/style.css -> 200 (18ms) [anonymous]
2026-10-09 10:07:35,444 | INFO | GET /css/login.css -> 200 (16ms) [anonymous]
2026-10-09 10:07:35,445 | INFO | GET /css/responsive.css -> 200 (16ms) [anonymous]
2026-10-09 10:07:35,531 | INFO | GET /js/auth.js -> 200 (97ms) [anonymous]
2026-10-09 10:07:35,584 | INFO | GET /favicon.ico -> 404 (0ms) [anonymous]
2026-10-09 10:07:56,426 | INFO | GET / -> 200 (0ms) [anonymous]
2026-10-09 10:07:56,624 | INFO | GET /css/style.css -> 200 (0ms) [anonymous]
2026-10-09 10:07:56,638 | INFO | GET /css/responsive.css -> 200 (0ms) [anonymous]
2026-10-09 10:07:56,642 | INFO | GET /css/login.css -> 200 (1ms) [anonymous]
2026-10-09 10:07:56,646 | INFO | GET /js/auth.js -> 200 (1ms) [anonymous]
2026-10-09 10:07:56,762 | INFO | GET /favicon.ico -> 404 (0ms) [anonymous]
2026-10-09 10:08:23,214 | INFO | POST /api/auth/login -> 200 (210ms) [anonymous]
2026-10-09 10:08:23,602 | INFO | GET /pages/admin-dashboard.html -> 200 (17ms) [anonymous]
2026-10-09 10:08:23,630 | INFO | GET /css/dashboard.css -> 200 (14ms) [anonymous]
2026-10-09 10:08:23,631 | INFO | GET /css/style.css -> 304 (1ms) [anonymous]
2026-10-09 10:08:23,645 | INFO | GET /css/responsive.css -> 304 (5ms) [anonymous]
2026-10-09 10:08:23,648 | INFO | GET /js/auth.js -> 304 (5ms) [anonymous]
2026-10-09 10:08:23,796 | INFO | GET /js/dashboard.js -> 200 (146ms) [anonymous]
2026-10-09 10:08:23,897 | INFO | GET /components/sidebar.html -> 200 (14ms) [anonymous]
2026-10-09 10:08:23,899 | INFO | GET /components/navbar.html -> 200 (13ms) [anonymous]
2026-10-09 10:08:23,904 | INFO | GET /components/footer.html -> 200 (14ms) [anonymous]
2026-10-09 10:08:23,936 | INFO | GET /components/modals.html -> 200 (26ms) [anonymous]
2026-10-09 10:08:24,019 | INFO | GET /api/auth/notifications -> 200 (0ms) [prasanna]
2026-10-09 10:08:24,021 | INFO | GET /api/reports/dashboard -> 200 (0ms) [prasanna]
2026-10-09 10:08:24,028 | INFO | GET /api/leads -> 200 (0ms) [prasanna]
2026-10-09 10:08:24,048 | INFO | GET /api/followups -> 200 (0ms) [prasanna]
2026-10-09 10:08:24,052 | INFO | GET /api/employees -> 200 (0ms) [prasanna]
2026-10-09 10:08:33,174 | INFO | GET /pages/leads.html -> 200 (18ms) [anonymous]
2026-10-09 10:08:33,191 | INFO | GET /css/style.css -> 304 (0ms) [anonymous]
2026-10-09 10:08:33,200 | INFO | GET /css/dashboard.css -> 304 (3ms) [anonymous]
2026-10-09 10:08:33,250 | INFO | GET /css/responsive.css -> 304 (0ms) [anonymous]
2026-10-09 10:08:33,306 | INFO | GET /js/auth.js -> 304 (0ms) [anonymous]
2026-10-09 10:08:33,378 | INFO | GET /js/leads.js -> 200 (83ms) [anonymous]
2026-10-09 10:08:33,428 | INFO | GET /components/sidebar.html -> 304 (0ms) [anonymous]
2026-10-09 10:08:33,436 | INFO | GET /components/navbar.html -> 304 (0ms) [anonymous]
2026-10-09 10:08:33,440 | INFO | GET /components/footer.html -> 304 (1ms) [anonymous]
2026-10-09 10:08:33,444 | INFO | GET /components/modals.html -> 304 (0ms) [anonymous]
2026-10-09 10:08:33,496 | INFO | GET /api/auth/notifications -> 200 (1ms) [prasanna]
2026-10-09 10:08:33,502 | INFO | GET /api/leads -> 200 (2ms) [prasanna]
2026-10-09 10:08:45,428 | INFO | GET /pages/followups.html -> 200 (17ms) [anonymous]
2026-10-09 10:08:45,443 | INFO | GET /css/style.css -> 304 (0ms) [anonymous]
2026-10-09 10:08:45,450 | INFO | GET /css/dashboard.css -> 304 (0ms) [anonymous]
2026-10-09 10:08:45,476 | INFO | GET /css/responsive.css -> 304 (0ms) [anonymous]
2026-10-09 10:08:45,482 | INFO | GET /js/auth.js -> 304 (1ms) [anonymous]
2026-10-09 10:08:45,482 | INFO | GET /js/leads.js -> 304 (0ms) [anonymous]
2026-10-09 10:08:45,651 | INFO | GET /components/sidebar.html -> 304 (1ms) [anonymous]
2026-10-09 10:08:45,652 | INFO | GET /components/navbar.html -> 304 (1ms) [anonymous]
2026-10-09 10:08:45,656 | INFO | GET /components/footer.html -> 304 (4ms) [anonymous]
2026-10-09 10:08:45,657 | INFO | GET /components/modals.html -> 304 (1ms) [anonymous]
2026-10-09 10:08:45,697 | INFO | GET /api/employees -> 200 (2ms) [prasanna]
2026-10-09 10:08:45,713 | INFO | GET /api/auth/notifications -> 200 (2ms) [prasanna]
2026-10-09 10:08:45,727 | INFO | GET /api/followups -> 200 (2ms) [prasanna]
2026-10-09 10:08:45,733 | INFO | GET /api/employees -> 200 (0ms) [prasanna]
2026-10-09 10:11:49,152 | INFO | GET /pages/leads.html -> 304 (0ms) [anonymous]
2026-10-09 10:11:49,193 | INFO | GET /css/style.css -> 304 (0ms) [anonymous]
2026-10-09 10:11:49,200 | INFO | GET /css/dashboard.css -> 304 (3ms) [anonymous]
2026-10-09 10:11:49,309 | INFO | GET /css/responsive.css -> 304 (0ms) [anonymous]
2026-10-09 10:11:49,368 | INFO | GET /js/auth.js -> 304 (5ms) [anonymous]
2026-10-09 10:11:49,391 | INFO | GET /js/leads.js -> 304 (0ms) [anonymous]
2026-10-09 10:11:49,445 | INFO | GET /components/sidebar.html -> 304 (1ms) [anonymous]
2026-10-09 10:11:49,453 | INFO | GET /components/navbar.html -> 304 (8ms) [anonymous]
2026-10-09 10:11:49,454 | INFO | GET /components/footer.html -> 304 (1ms) [anonymous]
2026-10-09 10:11:49,456 | INFO | GET /components/modals.html -> 304 (0ms) [anonymous]
2026-10-09 10:11:49,528 | INFO | GET /api/auth/notifications -> 200 (0ms) [prasanna]
2026-10-09 10:11:49,539 | INFO | GET /api/leads -> 200 (0ms) [prasanna]
2026-10-09 10:11:53,069 | INFO | GET /pages/companies.html -> 200 (22ms) [anonymous]
2026-10-09 10:11:53,088 | INFO | GET /css/style.css -> 304 (0ms) [anonymous]
2026-10-09 10:11:53,101 | INFO | GET /css/dashboard.css -> 304 (0ms) [anonymous]
2026-10-09 10:11:53,107 | INFO | GET /css/responsive.css -> 304 (0ms) [anonymous]
2026-10-09 10:11:53,111 | INFO | GET /js/auth.js -> 304 (1ms) [anonymous]
2026-10-09 10:11:53,125 | INFO | GET /js/leads.js -> 304 (3ms) [anonymous]
2026-10-09 10:11:53,168 | INFO | GET /components/navbar.html -> 304 (1ms) [anonymous]
2026-10-09 10:11:53,169 | INFO | GET /components/sidebar.html -> 304 (0ms) [anonymous]
2026-10-09 10:11:53,184 | INFO | GET /components/footer.html -> 304 (13ms) [anonymous]
2026-10-09 10:11:53,215 | INFO | GET /components/modals.html -> 304 (0ms) [anonymous]
2026-10-09 10:11:53,319 | INFO | GET /api/auth/notifications -> 200 (6ms) [prasanna]
2026-10-09 10:11:53,336 | INFO | GET /api/companies -> 200 (0ms) [prasanna]
2026-10-09 10:11:55,092 | INFO | GET /pages/leads.html -> 304 (1ms) [anonymous]
2026-10-09 10:11:55,106 | INFO | GET /css/style.css -> 304 (1ms) [anonymous]
2026-10-09 10:11:55,115 | INFO | GET /css/dashboard.css -> 304 (1ms) [anonymous]
2026-10-09 10:11:55,127 | INFO | GET /css/responsive.css -> 304 (3ms) [anonymous]
2026-10-09 10:11:55,132 | INFO | GET /js/auth.js -> 304 (1ms) [anonymous]
2026-10-09 10:11:55,138 | INFO | GET /js/leads.js -> 304 (0ms) [anonymous]
2026-10-09 10:11:55,188 | INFO | GET /components/navbar.html -> 304 (0ms) [anonymous]
2026-10-09 10:11:55,188 | INFO | GET /components/sidebar.html -> 304 (1ms) [anonymous]
2026-10-09 10:11:55,196 | INFO | GET /components/footer.html -> 304 (0ms) [anonymous]
2026-10-09 10:11:55,215 | INFO | GET /components/modals.html -> 304 (1ms) [anonymous]
2026-10-09 10:11:55,237 | INFO | GET /api/leads -> 200 (0ms) [prasanna]
2026-10-09 10:11:55,240 | INFO | GET /api/auth/notifications -> 200 (1ms) [prasanna]
2026-10-09 10:11:56,887 | INFO | GET /pages/followups.html -> 304 (0ms) [anonymous]
2026-10-09 10:11:56,904 | INFO | GET /css/style.css -> 304 (0ms) [anonymous]
2026-10-09 10:11:56,936 | INFO | GET /css/dashboard.css -> 304 (0ms) [anonymous]
2026-10-09 10:11:56,948 | INFO | GET /css/responsive.css -> 304 (9ms) [anonymous]
2026-10-09 10:11:56,949 | INFO | GET /js/auth.js -> 304 (4ms) [anonymous]
2026-10-09 10:11:56,954 | INFO | GET /js/leads.js -> 304 (2ms) [anonymous]
2026-10-09 10:11:56,985 | INFO | GET /components/sidebar.html -> 304 (1ms) [anonymous]
2026-10-09 10:11:56,989 | INFO | GET /components/navbar.html -> 304 (1ms) [anonymous]
2026-10-09 10:11:56,994 | INFO | GET /components/footer.html -> 304 (5ms) [anonymous]
2026-10-09 10:11:57,003 | INFO | GET /components/modals.html -> 304 (1ms) [anonymous]
2026-10-09 10:11:57,033 | INFO | GET /api/employees -> 200 (1ms) [prasanna]
2026-10-09 10:11:57,034 | INFO | GET /api/employees -> 200 (0ms) [prasanna]
2026-10-09 10:11:57,039 | INFO | GET /api/auth/notifications -> 200 (1ms) [prasanna]
2026-10-09 10:11:57,070 | INFO | GET /api/followups -> 200 (0ms) [prasanna]
2026-10-09 10:11:58,435 | INFO | GET /pages/leads.html -> 304 (0ms) [anonymous]
2026-10-09 10:11:58,459 | INFO | GET /css/style.css -> 304 (0ms) [anonymous]
2026-10-09 10:11:58,460 | INFO | GET /css/dashboard.css -> 304 (6ms) [anonymous]
2026-10-09 10:11:58,468 | INFO | GET /css/responsive.css -> 304 (0ms) [anonymous]
2026-10-09 10:11:58,477 | INFO | GET /js/auth.js -> 304 (0ms) [anonymous]
2026-10-09 10:11:58,486 | INFO | GET /js/leads.js -> 304 (0ms) [anonymous]
2026-10-09 10:11:58,532 | INFO | GET /components/sidebar.html -> 304 (2ms) [anonymous]
2026-10-09 10:11:58,534 | INFO | GET /components/navbar.html -> 304 (1ms) [anonymous]
2026-10-09 10:11:58,535 | INFO | GET /components/footer.html -> 304 (1ms) [anonymous]
2026-10-09 10:11:58,536 | INFO | GET /components/modals.html -> 304 (0ms) [anonymous]
2026-10-09 10:11:58,569 | INFO | GET /api/auth/notifications -> 200 (1ms) [prasanna]
2026-10-09 10:11:58,570 | INFO | GET /api/leads -> 200 (0ms) [prasanna]
2026-10-09 10:14:38,573 | INFO | GET /pages/login.html -> 200 (0ms) [anonymous]
2026-10-09 10:14:38,591 | INFO | GET /css/style.css -> 304 (0ms) [anonymous]
2026-10-09 10:14:38,603 | INFO | GET /js/auth.js -> 304 (0ms) [anonymous]
2026-10-09 10:14:38,611 | INFO | GET /css/responsive.css -> 304 (4ms) [anonymous]
2026-10-09 10:14:38,612 | INFO | GET /css/login.css -> 304 (2ms) [anonymous]
2026-10-09 10:14:49,735 | INFO | GET /css/style.css -> 304 (2ms) [anonymous]
2026-10-09 10:14:49,737 | INFO | GET /css/login.css -> 304 (3ms) [anonymous]
2026-10-09 10:14:49,738 | INFO | GET /css/responsive.css -> 304 (1ms) [anonymous]
2026-10-09 10:15:55,189 | INFO | POST /api/auth/login -> 200 (217ms) [anonymous]
2026-10-09 10:15:55,572 | INFO | GET /pages/admin-dashboard.html -> 304 (2ms) [anonymous]
2026-10-09 10:15:55,609 | INFO | GET /css/dashboard.css -> 304 (0ms) [anonymous]
2026-10-09 10:15:55,610 | INFO | GET /css/style.css -> 304 (2ms) [anonymous]
2026-10-09 10:15:55,621 | INFO | GET /js/auth.js -> 304 (1ms) [anonymous]
2026-10-09 10:15:55,635 | INFO | GET /css/responsive.css -> 304 (0ms) [anonymous]
2026-10-09 10:15:55,639 | INFO | GET /js/dashboard.js -> 304 (0ms) [anonymous]
2026-10-09 10:15:55,677 | INFO | GET /components/sidebar.html -> 304 (1ms) [anonymous]
2026-10-09 10:15:55,679 | INFO | GET /components/navbar.html -> 304 (1ms) [anonymous]
2026-10-09 10:15:55,689 | INFO | GET /components/modals.html -> 304 (8ms) [anonymous]
2026-10-09 10:15:55,690 | INFO | GET /components/footer.html -> 304 (11ms) [anonymous]
2026-10-09 10:15:55,719 | INFO | GET /api/auth/notifications -> 200 (4ms) [prasanna]
2026-10-09 10:15:55,721 | INFO | GET /api/reports/dashboard -> 200 (0ms) [prasanna]
2026-10-09 10:15:55,724 | INFO | GET /api/leads -> 200 (0ms) [prasanna]
2026-10-09 10:15:55,727 | INFO | GET /api/followups -> 200 (0ms) [prasanna]
2026-10-09 10:15:55,729 | INFO | GET /api/employees -> 200 (0ms) [prasanna]
2026-10-09 10:16:00,583 | INFO | GET /pages/employees.html -> 200 (36ms) [anonymous]
2026-10-09 10:16:00,602 | INFO | GET /css/style.css -> 304 (0ms) [anonymous]
2026-10-09 10:16:00,605 | INFO | GET /css/dashboard.css -> 304 (1ms) [anonymous]
2026-10-09 10:16:00,617 | INFO | GET /css/responsive.css -> 304 (0ms) [anonymous]
2026-10-09 10:16:00,620 | INFO | GET /js/auth.js -> 304 (2ms) [anonymous]
2026-10-09 10:16:00,658 | INFO | GET /js/employees.js -> 200 (60ms) [anonymous]
2026-10-09 10:16:00,684 | INFO | GET /components/sidebar.html -> 304 (0ms) [anonymous]
2026-10-09 10:16:00,686 | INFO | GET /components/navbar.html -> 304 (1ms) [anonymous]
2026-10-09 10:16:00,688 | INFO | GET /components/footer.html -> 304 (2ms) [anonymous]
2026-10-09 10:16:00,688 | INFO | GET /components/modals.html -> 304 (0ms) [anonymous]
2026-10-09 10:16:00,808 | INFO | GET /api/auth/notifications -> 200 (0ms) [prasanna]
2026-10-09 10:16:00,817 | INFO | GET /api/roles -> 200 (6ms) [prasanna]
2026-10-09 10:16:00,857 | INFO | GET /api/employees -> 200 (0ms) [prasanna]
2026-10-09 10:16:00,857 | INFO | GET /api/employees -> 200 (0ms) [prasanna]
2026-10-09 10:17:36,855 | INFO | GET /css/responsive.css -> 304 (4ms) [anonymous]
2026-10-09 10:17:36,859 | INFO | GET /css/style.css -> 304 (1ms) [anonymous]
2026-10-09 10:17:36,859 | INFO | GET /css/dashboard.css -> 304 (3ms) [anonymous]
2026-10-09 10:20:21,149 | INFO | POST /api/employees -> 201 (330ms) [prasanna]
2026-10-09 10:20:21,245 | INFO | GET /api/employees -> 200 (0ms) [prasanna]
2026-10-09 10:20:21,248 | INFO | GET /api/employees -> 200 (0ms) [prasanna]
2026-10-09 10:20:29,943 | INFO | GET /pages/login.html -> 304 (0ms) [anonymous]
2026-10-09 10:20:29,969 | INFO | GET /css/style.css -> 304 (0ms) [anonymous]
2026-10-09 10:20:29,971 | INFO | GET /css/login.css -> 304 (0ms) [anonymous]
2026-10-09 10:20:29,976 | INFO | GET /css/responsive.css -> 304 (1ms) [anonymous]
2026-10-09 10:20:29,981 | INFO | GET /js/auth.js -> 304 (0ms) [anonymous]
2026-10-09 10:20:52,546 | INFO | POST /api/auth/login -> 401 (1ms) [anonymous]
2026-10-09 10:21:00,398 | INFO | POST /api/auth/login -> 401 (0ms) [anonymous]
2026-10-09 10:21:01,820 | INFO | POST /api/auth/login -> 401 (0ms) [anonymous]
2026-10-09 10:21:02,721 | INFO | POST /api/auth/login -> 401 (0ms) [anonymous]
2026-10-09 10:21:30,963 | INFO | POST /api/auth/login -> 200 (216ms) [anonymous]
2026-10-09 10:21:31,340 | INFO | GET /pages/admin-dashboard.html -> 304 (0ms) [anonymous]
2026-10-09 10:21:31,365 | INFO | GET /css/style.css -> 304 (0ms) [anonymous]
2026-10-09 10:21:31,373 | INFO | GET /css/dashboard.css -> 304 (1ms) [anonymous]
2026-10-09 10:21:31,388 | INFO | GET /css/responsive.css -> 304 (0ms) [anonymous]
2026-10-09 10:21:31,394 | INFO | GET /js/auth.js -> 304 (1ms) [anonymous]
2026-10-09 10:21:31,401 | INFO | GET /js/dashboard.js -> 304 (2ms) [anonymous]
2026-10-09 10:21:31,443 | INFO | GET /components/sidebar.html -> 304 (1ms) [anonymous]
2026-10-09 10:21:31,444 | INFO | GET /components/navbar.html -> 304 (1ms) [anonymous]
2026-10-09 10:21:31,445 | INFO | GET /components/footer.html -> 304 (0ms) [anonymous]
2026-10-09 10:21:31,447 | INFO | GET /components/modals.html -> 304 (0ms) [anonymous]
2026-10-09 10:21:31,578 | INFO | GET /api/auth/notifications -> 200 (1ms) [prasanna]
2026-10-09 10:21:31,611 | INFO | GET /api/reports/dashboard -> 200 (0ms) [prasanna]
2026-10-09 10:21:31,630 | INFO | GET /api/leads -> 200 (0ms) [prasanna]
2026-10-09 10:21:31,645 | INFO | GET /api/followups -> 200 (0ms) [prasanna]
2026-10-09 10:21:31,655 | INFO | GET /api/employees -> 200 (0ms) [prasanna]
2026-10-09 10:21:35,456 | INFO | GET /pages/employees.html -> 304 (0ms) [anonymous]
2026-10-09 10:21:35,471 | INFO | GET /css/style.css -> 304 (0ms) [anonymous]
2026-10-09 10:21:35,480 | INFO | GET /css/dashboard.css -> 304 (1ms) [anonymous]
2026-10-09 10:21:35,487 | INFO | GET /css/responsive.css -> 304 (2ms) [anonymous]
2026-10-09 10:21:35,487 | INFO | GET /js/auth.js -> 304 (1ms) [anonymous]
2026-10-09 10:21:35,490 | INFO | GET /js/employees.js -> 304 (0ms) [anonymous]
2026-10-09 10:21:35,527 | INFO | GET /components/sidebar.html -> 304 (0ms) [anonymous]
2026-10-09 10:21:35,535 | INFO | GET /components/navbar.html -> 304 (5ms) [anonymous]
2026-10-09 10:21:35,539 | INFO | GET /components/footer.html -> 304 (0ms) [anonymous]
2026-10-09 10:21:35,541 | INFO | GET /components/modals.html -> 304 (1ms) [anonymous]
2026-10-09 10:21:35,567 | INFO | GET /api/auth/notifications -> 200 (6ms) [prasanna]
2026-10-09 10:21:35,571 | INFO | GET /api/roles -> 200 (0ms) [prasanna]
2026-10-09 10:21:35,587 | INFO | GET /api/employees -> 200 (0ms) [prasanna]
2026-10-09 10:21:35,589 | INFO | GET /api/employees -> 200 (0ms) [prasanna]
2026-10-09 10:21:40,169 | INFO | GET /api/employees/emp_def033692cde -> 200 (0ms) [prasanna]
2026-10-09 10:21:45,046 | INFO | GET /api/employees/emp_def033692cde -> 200 (0ms) [prasanna]
2026-10-09 10:21:46,957 | INFO | GET /api/employees/emp_def033692cde -> 200 (0ms) [prasanna]
2026-10-09 10:21:51,518 | INFO | GET /api/employees/emp_def033692cde -> 200 (0ms) [prasanna]
2026-10-09 10:22:10,721 | INFO | PUT /api/employees/emp_def033692cde -> 200 (400ms) [prasanna]
2026-10-09 10:22:10,811 | INFO | GET /api/employees/emp_def033692cde -> 200 (0ms) [prasanna]
2026-10-09 10:22:10,814 | INFO | GET /api/employees -> 200 (2ms) [prasanna]
2026-10-09 10:22:10,816 | INFO | GET /api/employees -> 200 (0ms) [prasanna]
2026-10-09 10:22:26,985 | INFO | GET /pages/login.html -> 304 (0ms) [anonymous]
2026-10-09 10:22:27,004 | INFO | GET /css/style.css -> 304 (0ms) [anonymous]
2026-10-09 10:22:27,007 | INFO | GET /css/login.css -> 304 (1ms) [anonymous]
2026-10-09 10:22:27,012 | INFO | GET /css/responsive.css -> 304 (0ms) [anonymous]
2026-10-09 10:22:27,021 | INFO | GET /js/auth.js -> 304 (1ms) [anonymous]
2026-10-09 10:22:55,032 | INFO | POST /api/auth/login -> 401 (0ms) [anonymous]
2026-10-09 10:23:14,854 | INFO | POST /api/auth/login -> 200 (260ms) [anonymous]
2026-10-09 10:23:15,251 | INFO | GET /pages/employee-dashboard.html -> 200 (29ms) [anonymous]
2026-10-09 10:23:15,270 | INFO | GET /css/style.css -> 304 (2ms) [anonymous]
2026-10-09 10:23:15,278 | INFO | GET /css/responsive.css -> 304 (0ms) [anonymous]
2026-10-09 10:23:15,289 | INFO | GET /css/dashboard.css -> 304 (4ms) [anonymous]
2026-10-09 10:23:15,290 | INFO | GET /js/auth.js -> 304 (0ms) [anonymous]
2026-10-09 10:23:15,294 | INFO | GET /js/dashboard.js -> 304 (0ms) [anonymous]
2026-10-09 10:23:15,309 | INFO | GET /components/sidebar.html -> 304 (0ms) [anonymous]
2026-10-09 10:23:15,310 | INFO | GET /components/navbar.html -> 304 (0ms) [anonymous]
2026-10-09 10:23:15,311 | INFO | GET /components/footer.html -> 304 (1ms) [anonymous]
2026-10-09 10:23:15,315 | INFO | GET /components/modals.html -> 304 (1ms) [anonymous]
2026-10-09 10:23:15,364 | INFO | GET /api/auth/notifications -> 200 (1ms) [jeeva]
2026-10-09 10:23:15,374 | INFO | GET /api/reports/dashboard -> 200 (6ms) [jeeva]
2026-10-09 10:23:15,384 | INFO | GET /api/leads -> 200 (0ms) [jeeva]
2026-10-09 10:23:15,389 | INFO | GET /api/followups -> 200 (0ms) [jeeva]
2026-10-09 10:23:21,101 | INFO | GET /pages/leads.html -> 304 (0ms) [anonymous]
2026-10-09 10:23:21,120 | INFO | GET /css/style.css -> 304 (0ms) [anonymous]
2026-10-09 10:23:21,133 | INFO | GET /css/dashboard.css -> 304 (5ms) [anonymous]
2026-10-09 10:23:21,138 | INFO | GET /css/responsive.css -> 304 (2ms) [anonymous]
2026-10-09 10:23:21,140 | INFO | GET /js/leads.js -> 304 (0ms) [anonymous]
2026-10-09 10:23:21,141 | INFO | GET /js/auth.js -> 304 (3ms) [anonymous]
2026-10-09 10:23:21,189 | INFO | GET /components/sidebar.html -> 304 (0ms) [anonymous]
2026-10-09 10:23:21,191 | INFO | GET /components/navbar.html -> 304 (2ms) [anonymous]
2026-10-09 10:23:21,194 | INFO | GET /components/footer.html -> 304 (2ms) [anonymous]
2026-10-09 10:23:21,194 | INFO | GET /components/modals.html -> 304 (1ms) [anonymous]
2026-10-09 10:23:21,233 | INFO | GET /api/auth/notifications -> 200 (0ms) [jeeva]
2026-10-09 10:23:21,236 | INFO | GET /api/leads -> 200 (0ms) [jeeva]
2026-10-09 10:23:24,837 | INFO | GET /pages/companies.html -> 304 (0ms) [anonymous]
2026-10-09 10:23:24,856 | INFO | GET /css/dashboard.css -> 304 (1ms) [anonymous]
2026-10-09 10:23:24,881 | INFO | GET /css/style.css -> 304 (2ms) [anonymous]
2026-10-09 10:23:24,884 | INFO | GET /css/responsive.css -> 304 (2ms) [anonymous]
2026-10-09 10:23:24,887 | INFO | GET /js/auth.js -> 304 (1ms) [anonymous]
2026-10-09 10:23:24,892 | INFO | GET /js/leads.js -> 304 (2ms) [anonymous]
2026-10-09 10:23:24,922 | INFO | GET /components/sidebar.html -> 304 (0ms) [anonymous]
2026-10-09 10:23:24,930 | INFO | GET /components/navbar.html -> 304 (6ms) [anonymous]
2026-10-09 10:23:24,933 | INFO | GET /components/footer.html -> 304 (7ms) [anonymous]
2026-10-09 10:23:24,933 | INFO | GET /components/modals.html -> 304 (0ms) [anonymous]
2026-10-09 10:23:24,968 | INFO | GET /api/auth/notifications -> 200 (0ms) [jeeva]
2026-10-09 10:23:24,970 | INFO | GET /api/companies -> 200 (0ms) [jeeva]
2026-10-09 10:23:27,089 | INFO | GET /pages/followups.html -> 304 (0ms) [anonymous]
2026-10-09 10:23:27,106 | INFO | GET /css/style.css -> 304 (0ms) [anonymous]
2026-10-09 10:23:27,118 | INFO | GET /css/dashboard.css -> 304 (0ms) [anonymous]
2026-10-09 10:23:27,128 | INFO | GET /css/responsive.css -> 304 (2ms) [anonymous]
2026-10-09 10:23:27,130 | INFO | GET /js/auth.js -> 304 (1ms) [anonymous]
2026-10-09 10:23:27,134 | INFO | GET /js/leads.js -> 304 (0ms) [anonymous]
2026-10-09 10:23:27,161 | INFO | GET /components/sidebar.html -> 304 (3ms) [anonymous]
2026-10-09 10:23:27,167 | INFO | GET /components/navbar.html -> 304 (0ms) [anonymous]
2026-10-09 10:23:27,173 | INFO | GET /components/footer.html -> 304 (0ms) [anonymous]
2026-10-09 10:23:27,186 | INFO | GET /components/modals.html -> 304 (0ms) [anonymous]
2026-10-09 10:23:27,210 | INFO | GET /api/auth/notifications -> 200 (3ms) [jeeva]
2026-10-09 10:23:27,218 | INFO | GET /api/employees -> 200 (0ms) [jeeva]
2026-10-09 10:23:27,220 | INFO | GET /api/followups -> 200 (0ms) [jeeva]
2026-10-09 10:23:32,256 | INFO | GET /pages/projects.html -> 200 (30ms) [anonymous]
2026-10-09 10:23:32,277 | INFO | GET /css/style.css -> 304 (0ms) [anonymous]
2026-10-09 10:23:32,280 | INFO | GET /js/auth.js -> 304 (0ms) [anonymous]
2026-10-09 10:23:32,290 | INFO | GET /css/dashboard.css -> 304 (0ms) [anonymous]
2026-10-09 10:23:32,291 | INFO | GET /css/responsive.css -> 304 (2ms) [anonymous]
2026-10-09 10:23:32,334 | INFO | GET /js/projects.js -> 200 (66ms) [anonymous]
2026-10-09 10:23:32,357 | INFO | GET /components/sidebar.html -> 304 (4ms) [anonymous]
2026-10-09 10:23:32,362 | INFO | GET /components/navbar.html -> 304 (1ms) [anonymous]
2026-10-09 10:23:32,363 | INFO | GET /components/footer.html -> 304 (1ms) [anonymous]
2026-10-09 10:23:32,365 | INFO | GET /components/modals.html -> 304 (1ms) [anonymous]
2026-10-09 10:23:32,393 | INFO | GET /api/auth/notifications -> 200 (1ms) [jeeva]
2026-10-09 10:23:32,397 | INFO | GET /api/companies -> 200 (0ms) [jeeva]
2026-10-09 10:23:32,415 | INFO | GET /api/employees -> 200 (0ms) [jeeva]
2026-10-09 10:23:32,417 | INFO | GET /api/developers -> 200 (0ms) [jeeva]
2026-10-09 10:23:32,441 | INFO | GET /api/projects -> 200 (4ms) [jeeva]
2026-10-09 10:23:59,965 | INFO | GET /pages/leads.html -> 304 (0ms) [anonymous]
2026-10-09 10:23:59,990 | INFO | GET /css/style.css -> 304 (0ms) [anonymous]
2026-10-09 10:23:59,998 | INFO | GET /css/dashboard.css -> 304 (0ms) [anonymous]
2026-10-09 10:24:00,002 | INFO | GET /css/responsive.css -> 304 (0ms) [anonymous]
2026-10-09 10:24:00,015 | INFO | GET /js/auth.js -> 304 (0ms) [anonymous]
2026-10-09 10:24:00,034 | INFO | GET /js/leads.js -> 304 (0ms) [anonymous]
2026-10-09 10:24:00,058 | INFO | GET /components/navbar.html -> 304 (0ms) [anonymous]
2026-10-09 10:24:00,059 | INFO | GET /components/sidebar.html -> 304 (3ms) [anonymous]
2026-10-09 10:24:00,064 | INFO | GET /components/footer.html -> 304 (5ms) [anonymous]
2026-10-09 10:24:00,067 | INFO | GET /components/modals.html -> 304 (0ms) [anonymous]
2026-10-09 10:24:00,094 | INFO | GET /api/auth/notifications -> 200 (1ms) [jeeva]
2026-10-09 10:24:00,097 | INFO | GET /api/leads -> 200 (0ms) [jeeva]
2026-10-09 10:24:03,445 | INFO | GET /api/leads/lead_40d2ac2ba106 -> 200 (0ms) [jeeva]
2026-10-09 10:25:13,057 | INFO | GET /pages/followups.html -> 304 (0ms) [anonymous]
2026-10-09 10:25:13,081 | INFO | GET /css/style.css -> 304 (0ms) [anonymous]
2026-10-09 10:25:13,085 | INFO | GET /css/dashboard.css -> 304 (2ms) [anonymous]
2026-10-09 10:25:13,091 | INFO | GET /js/auth.js -> 304 (7ms) [anonymous]
2026-10-09 10:25:13,094 | INFO | GET /css/responsive.css -> 304 (3ms) [anonymous]
2026-10-09 10:25:13,098 | INFO | GET /js/leads.js -> 304 (1ms) [anonymous]
2026-10-09 10:25:13,121 | INFO | GET /components/navbar.html -> 304 (0ms) [anonymous]
2026-10-09 10:25:13,123 | INFO | GET /components/sidebar.html -> 304 (2ms) [anonymous]
2026-10-09 10:25:13,131 | INFO | GET /components/footer.html -> 304 (2ms) [anonymous]
2026-10-09 10:25:13,134 | INFO | GET /components/modals.html -> 304 (0ms) [anonymous]
2026-10-09 10:25:13,155 | INFO | GET /api/auth/notifications -> 200 (0ms) [jeeva]
2026-10-09 10:25:13,157 | INFO | GET /api/employees -> 200 (0ms) [jeeva]
2026-10-09 10:25:13,163 | INFO | GET /api/followups -> 200 (2ms) [jeeva]
2026-10-09 10:25:15,285 | INFO | GET /pages/leads.html -> 304 (0ms) [anonymous]
2026-10-09 10:25:15,311 | INFO | GET /css/style.css -> 304 (5ms) [anonymous]
2026-10-09 10:25:15,312 | INFO | GET /css/dashboard.css -> 304 (7ms) [anonymous]
2026-10-09 10:25:15,317 | INFO | GET /css/responsive.css -> 304 (2ms) [anonymous]
2026-10-09 10:25:15,325 | INFO | GET /js/auth.js -> 304 (6ms) [anonymous]
2026-10-09 10:25:15,326 | INFO | GET /js/leads.js -> 304 (1ms) [anonymous]
2026-10-09 10:25:15,355 | INFO | GET /components/sidebar.html -> 304 (1ms) [anonymous]
2026-10-09 10:25:15,360 | INFO | GET /components/navbar.html -> 304 (5ms) [anonymous]
2026-10-09 10:25:15,361 | INFO | GET /components/footer.html -> 304 (2ms) [anonymous]
2026-10-09 10:25:15,363 | INFO | GET /components/modals.html -> 304 (0ms) [anonymous]
2026-10-09 10:25:15,393 | INFO | GET /api/leads -> 200 (0ms) [jeeva]
2026-10-09 10:25:15,397 | INFO | GET /api/auth/notifications -> 200 (0ms) [jeeva]
2026-10-09 10:25:16,791 | INFO | GET /pages/followups.html -> 304 (0ms) [anonymous]
2026-10-09 10:25:16,806 | INFO | GET /css/style.css -> 304 (2ms) [anonymous]
2026-10-09 10:25:16,819 | INFO | GET /css/dashboard.css -> 304 (1ms) [anonymous]
2026-10-09 10:25:16,824 | INFO | GET /css/responsive.css -> 304 (2ms) [anonymous]
2026-10-09 10:25:16,828 | INFO | GET /js/auth.js -> 304 (2ms) [anonymous]
2026-10-09 10:25:16,829 | INFO | GET /js/leads.js -> 304 (2ms) [anonymous]
2026-10-09 10:25:16,858 | INFO | GET /components/sidebar.html -> 304 (3ms) [anonymous]
2026-10-09 10:25:16,861 | INFO | GET /components/navbar.html -> 304 (4ms) [anonymous]
2026-10-09 10:25:16,864 | INFO | GET /components/footer.html -> 304 (2ms) [anonymous]
2026-10-09 10:25:16,865 | INFO | GET /components/modals.html -> 304 (1ms) [anonymous]
2026-10-09 10:25:16,887 | INFO | GET /api/auth/notifications -> 200 (0ms) [jeeva]
2026-10-09 10:25:16,900 | INFO | GET /api/employees -> 200 (0ms) [jeeva]
2026-10-09 10:25:16,910 | INFO | GET /api/followups -> 200 (0ms) [jeeva]
2026-10-09 10:25:21,009 | INFO | GET /api/leads -> 200 (0ms) [jeeva]
2026-10-09 10:25:28,796 | INFO | GET /pages/companies.html -> 304 (0ms) [anonymous]
2026-10-09 10:25:28,818 | INFO | GET /css/style.css -> 304 (0ms) [anonymous]
2026-10-09 10:25:28,824 | INFO | GET /js/leads.js -> 304 (1ms) [anonymous]
2026-10-09 10:25:28,835 | INFO | GET /css/responsive.css -> 304 (3ms) [anonymous]
2026-10-09 10:25:28,835 | INFO | GET /js/auth.js -> 304 (6ms) [anonymous]
2026-10-09 10:25:28,836 | INFO | GET /css/dashboard.css -> 304 (1ms) [anonymous]
2026-10-09 10:25:28,870 | INFO | GET /components/sidebar.html -> 304 (0ms) [anonymous]
2026-10-09 10:25:28,871 | INFO | GET /components/navbar.html -> 304 (0ms) [anonymous]
2026-10-09 10:25:28,874 | INFO | GET /components/footer.html -> 304 (1ms) [anonymous]
2026-10-09 10:25:28,885 | INFO | GET /components/modals.html -> 304 (2ms) [anonymous]
2026-10-09 10:25:28,906 | INFO | GET /api/auth/notifications -> 200 (0ms) [jeeva]
2026-10-09 10:25:28,908 | INFO | GET /api/companies -> 200 (0ms) [jeeva]
2026-10-09 10:25:30,416 | INFO | GET /pages/leads.html -> 304 (2ms) [anonymous]
2026-10-09 10:25:30,435 | INFO | GET /css/dashboard.css -> 304 (0ms) [anonymous]
2026-10-09 10:25:30,439 | INFO | GET /css/style.css -> 304 (2ms) [anonymous]
2026-10-09 10:25:30,440 | INFO | GET /js/leads.js -> 304 (2ms) [anonymous]
2026-10-09 10:25:30,449 | INFO | GET /js/auth.js -> 304 (0ms) [anonymous]
2026-10-09 10:25:30,453 | INFO | GET /css/responsive.css -> 304 (2ms) [anonymous]
2026-10-09 10:25:30,488 | INFO | GET /components/sidebar.html -> 304 (0ms) [anonymous]
2026-10-09 10:25:30,491 | INFO | GET /components/navbar.html -> 304 (2ms) [anonymous]
2026-10-09 10:25:30,498 | INFO | GET /components/footer.html -> 304 (6ms) [anonymous]
2026-10-09 10:25:30,501 | INFO | GET /components/modals.html -> 304 (1ms) [anonymous]
2026-10-09 10:25:30,524 | INFO | GET /api/auth/notifications -> 200 (0ms) [jeeva]
2026-10-09 10:25:30,573 | INFO | GET /api/leads -> 200 (0ms) [jeeva]
2026-10-09 10:25:36,204 | INFO | GET /api/auth/notifications -> 200 (1ms) [jeeva]
2026-10-09 10:25:46,656 | INFO | GET /pages/login.html -> 304 (1ms) [anonymous]
2026-10-09 10:25:46,684 | INFO | GET /css/login.css -> 304 (7ms) [anonymous]
2026-10-09 10:25:46,690 | INFO | GET /css/style.css -> 304 (4ms) [anonymous]
2026-10-09 10:25:46,691 | INFO | GET /css/responsive.css -> 304 (2ms) [anonymous]
2026-10-09 10:25:46,693 | INFO | GET /js/auth.js -> 304 (3ms) [anonymous]
2026-10-09 10:26:06,679 | INFO | POST /api/auth/login -> 200 (226ms) [anonymous]
2026-10-09 10:26:07,052 | INFO | GET /pages/admin-dashboard.html -> 304 (0ms) [anonymous]
2026-10-09 10:26:07,078 | INFO | GET /css/style.css -> 304 (4ms) [anonymous]
2026-10-09 10:26:07,082 | INFO | GET /css/dashboard.css -> 304 (0ms) [anonymous]
2026-10-09 10:26:07,093 | INFO | GET /js/auth.js -> 304 (3ms) [anonymous]
2026-10-09 10:26:07,094 | INFO | GET /css/responsive.css -> 304 (5ms) [anonymous]
2026-10-09 10:26:07,097 | INFO | GET /js/dashboard.js -> 304 (0ms) [anonymous]
2026-10-09 10:26:07,123 | INFO | GET /components/sidebar.html -> 304 (0ms) [anonymous]
2026-10-09 10:26:07,133 | INFO | GET /components/navbar.html -> 304 (2ms) [anonymous]
2026-10-09 10:26:07,144 | INFO | GET /components/modals.html -> 304 (3ms) [anonymous]
2026-10-09 10:26:07,146 | INFO | GET /components/footer.html -> 304 (6ms) [anonymous]
2026-10-09 10:26:07,171 | INFO | GET /api/auth/notifications -> 200 (1ms) [prasanna]
2026-10-09 10:26:07,173 | INFO | GET /api/reports/dashboard -> 200 (0ms) [prasanna]
2026-10-09 10:26:07,185 | INFO | GET /api/leads -> 200 (0ms) [prasanna]
2026-10-09 10:26:07,195 | INFO | GET /api/followups -> 200 (0ms) [prasanna]
2026-10-09 10:26:07,202 | INFO | GET /api/employees -> 200 (0ms) [prasanna]
2026-10-09 10:26:10,204 | INFO | GET /pages/leads.html -> 304 (0ms) [anonymous]
2026-10-09 10:26:10,225 | INFO | GET /css/style.css -> 304 (1ms) [anonymous]
2026-10-09 10:26:10,239 | INFO | GET /css/dashboard.css -> 304 (4ms) [anonymous]
2026-10-09 10:26:10,241 | INFO | GET /css/responsive.css -> 304 (5ms) [anonymous]
2026-10-09 10:26:10,244 | INFO | GET /js/auth.js -> 304 (3ms) [anonymous]
2026-10-09 10:26:10,245 | INFO | GET /js/leads.js -> 304 (2ms) [anonymous]
2026-10-09 10:26:10,282 | INFO | GET /components/sidebar.html -> 304 (1ms) [anonymous]
2026-10-09 10:26:10,283 | INFO | GET /components/navbar.html -> 304 (0ms) [anonymous]
2026-10-09 10:26:10,293 | INFO | GET /components/footer.html -> 304 (7ms) [anonymous]
2026-10-09 10:26:10,293 | INFO | GET /components/modals.html -> 304 (2ms) [anonymous]
2026-10-09 10:26:10,318 | INFO | GET /api/auth/notifications -> 200 (1ms) [prasanna]
2026-10-09 10:26:10,327 | INFO | GET /api/leads -> 200 (0ms) [prasanna]
2026-10-09 10:26:12,493 | INFO | GET /pages/employees.html -> 304 (1ms) [anonymous]
2026-10-09 10:26:12,529 | INFO | GET /css/dashboard.css -> 304 (1ms) [anonymous]
2026-10-09 10:26:12,530 | INFO | GET /css/style.css -> 304 (1ms) [anonymous]
2026-10-09 10:26:12,533 | INFO | GET /css/responsive.css -> 304 (1ms) [anonymous]
2026-10-09 10:26:12,541 | INFO | GET /js/auth.js -> 304 (6ms) [anonymous]
2026-10-09 10:26:12,542 | INFO | GET /js/employees.js -> 304 (1ms) [anonymous]
2026-10-09 10:26:12,578 | INFO | GET /components/sidebar.html -> 304 (0ms) [anonymous]
2026-10-09 10:26:12,582 | INFO | GET /components/navbar.html -> 304 (2ms) [anonymous]
2026-10-09 10:26:12,583 | INFO | GET /components/modals.html -> 304 (1ms) [anonymous]
2026-10-09 10:26:12,589 | INFO | GET /components/footer.html -> 304 (5ms) [anonymous]
2026-10-09 10:26:12,613 | INFO | GET /api/roles -> 200 (0ms) [prasanna]
2026-10-09 10:26:12,673 | INFO | GET /api/auth/notifications -> 200 (5ms) [prasanna]
2026-10-09 10:26:12,781 | INFO | GET /api/employees -> 200 (0ms) [prasanna]
2026-10-09 10:26:12,792 | INFO | GET /api/employees -> 200 (1ms) [prasanna]
2026-10-09 10:26:19,650 | INFO | GET /api/employees/emp_def033692cde -> 200 (0ms) [prasanna]
2026-10-09 10:26:25,128 | INFO | GET /api/employees/emp_def033692cde -> 200 (0ms) [prasanna]
2026-10-09 10:27:01,353 | INFO | PUT /api/employees/emp_def033692cde -> 200 (315ms) [prasanna]
2026-10-09 10:27:01,444 | INFO | GET /api/employees/emp_def033692cde -> 200 (0ms) [prasanna]
2026-10-09 10:27:01,450 | INFO | GET /api/employees -> 200 (0ms) [prasanna]
2026-10-09 10:27:01,454 | INFO | GET /api/employees -> 200 (0ms) [prasanna]
2026-10-09 10:27:13,133 | INFO | GET /pages/login.html -> 304 (1ms) [anonymous]
2026-10-09 10:27:13,151 | INFO | GET /css/style.css -> 304 (1ms) [anonymous]
2026-10-09 10:27:13,158 | INFO | GET /css/login.css -> 304 (0ms) [anonymous]
2026-10-09 10:27:13,171 | INFO | GET /css/responsive.css -> 304 (1ms) [anonymous]
2026-10-09 10:27:13,173 | INFO | GET /js/auth.js -> 304 (3ms) [anonymous]
2026-10-09 10:27:31,467 | INFO | POST /api/auth/login -> 401 (0ms) [anonymous]
2026-10-09 10:27:38,886 | INFO | GET /css/login.css -> 304 (1ms) [anonymous]
2026-10-09 10:27:38,887 | INFO | GET /css/responsive.css -> 304 (2ms) [anonymous]
2026-10-09 10:27:38,889 | INFO | GET /css/style.css -> 304 (0ms) [anonymous]
2026-10-09 10:29:20,882 | INFO | POST /api/auth/login -> 401 (141ms) [anonymous]
2026-10-09 10:30:43,528 | INFO | POST /api/auth/login -> 401 (160ms) [anonymous]
2026-10-09 10:31:12,999 | INFO | POST /api/auth/login -> 401 (1ms) [anonymous]
2026-10-09 10:31:15,100 | INFO | POST /api/auth/login -> 401 (0ms) [anonymous]
2026-10-09 10:31:23,638 | INFO | POST /api/auth/login -> 200 (192ms) [anonymous]
2026-10-09 10:31:24,014 | INFO | GET /pages/admin-dashboard.html -> 304 (0ms) [anonymous]
2026-10-09 10:31:24,071 | INFO | GET /css/style.css -> 304 (0ms) [anonymous]
2026-10-09 10:31:24,083 | INFO | GET /css/responsive.css -> 304 (0ms) [anonymous]
2026-10-09 10:31:24,092 | INFO | GET /css/dashboard.css -> 304 (0ms) [anonymous]
2026-10-09 10:31:24,097 | INFO | GET /js/auth.js -> 304 (0ms) [anonymous]
2026-10-09 10:31:24,125 | INFO | GET /js/dashboard.js -> 304 (0ms) [anonymous]
2026-10-09 10:31:24,189 | INFO | GET /components/sidebar.html -> 304 (1ms) [anonymous]
2026-10-09 10:31:24,202 | INFO | GET /components/navbar.html -> 304 (2ms) [anonymous]
2026-10-09 10:31:24,206 | INFO | GET /components/footer.html -> 304 (1ms) [anonymous]
2026-10-09 10:31:24,276 | INFO | GET /components/modals.html -> 304 (2ms) [anonymous]
2026-10-09 10:31:24,437 | INFO | GET /api/auth/notifications -> 200 (2ms) [prasanna]
2026-10-09 10:31:24,467 | INFO | GET /api/reports/dashboard -> 200 (0ms) [prasanna]
2026-10-09 10:31:24,469 | INFO | GET /api/leads -> 200 (0ms) [prasanna]
2026-10-09 10:31:24,474 | INFO | GET /api/employees -> 200 (0ms) [prasanna]
2026-10-09 10:31:24,480 | INFO | GET /api/followups -> 200 (0ms) [prasanna]
2026-10-09 10:31:31,541 | INFO | GET /pages/leads.html -> 304 (0ms) [anonymous]
2026-10-09 10:31:31,593 | INFO | GET /css/dashboard.css -> 304 (1ms) [anonymous]
2026-10-09 10:31:31,594 | INFO | GET /css/style.css -> 304 (0ms) [anonymous]
2026-10-09 10:31:31,595 | INFO | GET /css/responsive.css -> 304 (0ms) [anonymous]
2026-10-09 10:31:31,599 | INFO | GET /js/auth.js -> 304 (0ms) [anonymous]
2026-10-09 10:31:31,605 | INFO | GET /js/leads.js -> 304 (3ms) [anonymous]
2026-10-09 10:31:31,875 | INFO | GET /components/navbar.html -> 304 (6ms) [anonymous]
2026-10-09 10:31:31,878 | INFO | GET /components/sidebar.html -> 304 (1ms) [anonymous]
2026-10-09 10:31:31,880 | INFO | GET /components/footer.html -> 304 (2ms) [anonymous]
2026-10-09 10:31:31,885 | INFO | GET /components/modals.html -> 304 (4ms) [anonymous]
2026-10-09 10:31:31,948 | INFO | GET /api/auth/notifications -> 200 (14ms) [prasanna]
2026-10-09 10:31:31,950 | INFO | GET /api/leads -> 200 (1ms) [prasanna]
2026-10-09 10:31:36,889 | INFO | GET /pages/employees.html -> 304 (0ms) [anonymous]
2026-10-09 10:31:36,912 | INFO | GET /css/style.css -> 304 (0ms) [anonymous]
2026-10-09 10:31:36,935 | INFO | GET /css/dashboard.css -> 304 (1ms) [anonymous]
2026-10-09 10:31:36,958 | INFO | GET /js/auth.js -> 304 (0ms) [anonymous]
2026-10-09 10:31:36,983 | INFO | GET /css/responsive.css -> 304 (3ms) [anonymous]
2026-10-09 10:31:37,006 | INFO | GET /js/employees.js -> 304 (0ms) [anonymous]
2026-10-09 10:31:37,079 | INFO | GET /components/sidebar.html -> 304 (1ms) [anonymous]
2026-10-09 10:31:37,084 | INFO | GET /components/navbar.html -> 304 (5ms) [anonymous]
2026-10-09 10:31:37,085 | INFO | GET /components/footer.html -> 304 (2ms) [anonymous]
2026-10-09 10:31:37,087 | INFO | GET /components/modals.html -> 304 (0ms) [anonymous]
2026-10-09 10:31:37,137 | INFO | GET /api/auth/notifications -> 200 (2ms) [prasanna]
2026-10-09 10:31:37,140 | INFO | GET /api/roles -> 200 (0ms) [prasanna]
2026-10-09 10:31:37,170 | INFO | GET /api/employees -> 200 (6ms) [prasanna]
2026-10-09 10:31:37,172 | INFO | GET /api/employees -> 200 (0ms) [prasanna]
2026-10-09 10:31:42,846 | INFO | GET /api/employees/emp_def033692cde -> 200 (0ms) [prasanna]
2026-10-09 10:32:02,635 | INFO | PUT /api/employees/emp_def033692cde -> 200 (263ms) [prasanna]
2026-10-09 10:32:02,717 | INFO | GET /api/employees -> 200 (0ms) [prasanna]
2026-10-09 10:32:02,722 | INFO | GET /api/employees -> 200 (0ms) [prasanna]
2026-10-09 10:32:10,505 | INFO | GET /pages/login.html -> 304 (0ms) [anonymous]
2026-10-09 10:32:10,546 | INFO | GET /css/style.css -> 304 (1ms) [anonymous]
2026-10-09 10:32:10,546 | INFO | GET /css/login.css -> 304 (0ms) [anonymous]
2026-10-09 10:32:10,554 | INFO | GET /css/responsive.css -> 304 (0ms) [anonymous]
2026-10-09 10:32:10,558 | INFO | GET /js/auth.js -> 304 (1ms) [anonymous]
2026-10-09 10:32:31,909 | INFO | POST /api/auth/login -> 401 (0ms) [anonymous]
2026-10-09 10:35:38,513 | INFO | POST /api/auth/login -> 200 (279ms) [anonymous]
2026-10-09 10:35:38,905 | INFO | GET /pages/admin-dashboard.html -> 304 (5ms) [anonymous]
2026-10-09 10:35:38,944 | INFO | GET /css/style.css -> 304 (0ms) [anonymous]
2026-10-09 10:35:38,950 | INFO | GET /css/dashboard.css -> 304 (2ms) [anonymous]
2026-10-09 10:35:38,977 | INFO | GET /css/responsive.css -> 304 (0ms) [anonymous]
2026-10-09 10:35:39,013 | INFO | GET /js/auth.js -> 304 (1ms) [anonymous]
2026-10-09 10:35:39,027 | INFO | GET /js/dashboard.js -> 304 (0ms) [anonymous]
2026-10-09 10:35:39,130 | INFO | GET /components/modals.html -> 304 (0ms) [anonymous]
2026-10-09 10:35:39,147 | INFO | GET /components/footer.html -> 304 (0ms) [anonymous]
2026-10-09 10:35:39,162 | INFO | GET /components/navbar.html -> 304 (8ms) [anonymous]
2026-10-09 10:35:39,184 | INFO | GET /components/sidebar.html -> 304 (0ms) [anonymous]
2026-10-09 10:35:39,252 | INFO | GET /api/auth/notifications -> 200 (1ms) [prasanna]
2026-10-09 10:35:39,259 | INFO | GET /api/reports/dashboard -> 200 (0ms) [prasanna]
2026-10-09 10:35:39,275 | INFO | GET /api/leads -> 200 (6ms) [prasanna]
2026-10-09 10:35:39,314 | INFO | GET /api/followups -> 200 (16ms) [prasanna]
2026-10-09 10:35:39,318 | INFO | GET /api/employees -> 200 (0ms) [prasanna]
2026-10-09 10:36:13,316 | INFO | GET /pages/login.html -> 304 (0ms) [anonymous]
2026-10-09 10:36:13,343 | INFO | GET /css/style.css -> 304 (0ms) [anonymous]
2026-10-09 10:36:13,367 | INFO | GET /js/auth.js -> 304 (2ms) [anonymous]
2026-10-09 10:36:13,372 | INFO | GET /css/responsive.css -> 304 (3ms) [anonymous]
2026-10-09 10:36:13,461 | INFO | GET /css/login.css -> 304 (0ms) [anonymous]
2026-10-09 10:36:49,972 | INFO | POST /api/auth/login -> 401 (123ms) [anonymous]
2026-10-09 10:43:03,150 | INFO | POST /api/auth/login -> 401 (116ms) [anonymous]
2026-10-09 10:46:12,632 | INFO | GET /pages/login.html -> 304 (0ms) [anonymous]
2026-10-09 10:46:12,687 | INFO | GET /css/style.css -> 304 (0ms) [anonymous]
2026-10-09 10:46:12,703 | INFO | GET /css/responsive.css -> 304 (1ms) [anonymous]
2026-10-09 10:46:12,723 | INFO | GET /css/login.css -> 304 (1ms) [anonymous]
2026-10-09 10:46:12,756 | INFO | GET /js/auth.js -> 304 (1ms) [anonymous]
2026-10-09 10:46:36,397 | INFO | POST /api/auth/login -> 401 (203ms) [anonymous]
2026-10-09 10:47:05,081 | INFO | POST /api/auth/login -> 401 (125ms) [anonymous]
2026-10-09 10:47:06,819 | INFO | POST /api/auth/login -> 401 (151ms) [anonymous]
2026-10-09 10:47:07,635 | INFO | POST /api/auth/login -> 401 (154ms) [anonymous]
2026-10-09 10:47:08,045 | INFO | POST /api/auth/login -> 401 (163ms) [anonymous]
2026-10-09 10:47:08,486 | INFO | POST /api/auth/login -> 401 (151ms) [anonymous]
2026-10-09 10:47:08,910 | INFO | POST /api/auth/login -> 401 (246ms) [anonymous]
2026-10-09 10:47:09,215 | INFO | POST /api/auth/login -> 401 (151ms) [anonymous]
2026-10-09 10:47:10,798 | INFO | POST /api/auth/login -> 401 (148ms) [anonymous]
2026-10-09 10:51:30,900 | INFO | POST /api/auth/login -> 200 (418ms) [anonymous]
2026-10-09 10:51:31,296 | INFO | GET /pages/admin-dashboard.html -> 304 (1ms) [anonymous]
2026-10-09 10:51:31,345 | INFO | GET /css/style.css -> 304 (1ms) [anonymous]
2026-10-09 10:51:31,362 | INFO | GET /css/responsive.css -> 304 (2ms) [anonymous]
2026-10-09 10:51:31,368 | INFO | GET /css/dashboard.css -> 304 (3ms) [anonymous]
2026-10-09 10:51:31,369 | INFO | GET /js/auth.js -> 304 (2ms) [anonymous]
2026-10-09 10:51:31,378 | INFO | GET /js/dashboard.js -> 304 (5ms) [anonymous]
2026-10-09 10:51:31,470 | INFO | GET /components/modals.html -> 304 (1ms) [anonymous]
2026-10-09 10:51:31,496 | INFO | GET /components/footer.html -> 304 (5ms) [anonymous]
2026-10-09 10:51:31,498 | INFO | GET /components/navbar.html -> 304 (2ms) [anonymous]
2026-10-09 10:51:31,521 | INFO | GET /components/sidebar.html -> 304 (1ms) [anonymous]
2026-10-09 10:51:31,622 | INFO | GET /api/auth/notifications -> 200 (2ms) [prasanna]
2026-10-09 10:51:31,624 | INFO | GET /api/reports/dashboard -> 200 (1ms) [prasanna]
2026-10-09 10:51:31,637 | INFO | GET /api/leads -> 200 (0ms) [prasanna]
2026-10-09 10:51:31,650 | INFO | GET /api/followups -> 200 (0ms) [prasanna]
2026-10-09 10:51:31,653 | INFO | GET /api/employees -> 200 (0ms) [prasanna]
2026-10-09 10:51:36,685 | INFO | GET /pages/employees.html -> 304 (0ms) [anonymous]
2026-10-09 10:51:36,726 | INFO | GET /css/style.css -> 304 (0ms) [anonymous]
2026-10-09 10:51:36,731 | INFO | GET /css/dashboard.css -> 304 (0ms) [anonymous]
2026-10-09 10:51:36,739 | INFO | GET /css/responsive.css -> 304 (3ms) [anonymous]
2026-10-09 10:51:36,745 | INFO | GET /js/auth.js -> 304 (3ms) [anonymous]
2026-10-09 10:51:36,746 | INFO | GET /js/employees.js -> 304 (2ms) [anonymous]
2026-10-09 10:51:36,816 | INFO | GET /components/sidebar.html -> 304 (1ms) [anonymous]
2026-10-09 10:51:36,824 | INFO | GET /components/navbar.html -> 304 (6ms) [anonymous]
2026-10-09 10:51:36,827 | INFO | GET /components/footer.html -> 304 (4ms) [anonymous]
2026-10-09 10:51:36,829 | INFO | GET /components/modals.html -> 304 (2ms) [anonymous]
2026-10-09 10:51:36,875 | INFO | GET /api/auth/notifications -> 200 (7ms) [prasanna]
2026-10-09 10:51:36,880 | INFO | GET /api/roles -> 200 (0ms) [prasanna]
2026-10-09 10:51:36,906 | INFO | GET /api/employees -> 200 (3ms) [prasanna]
2026-10-09 10:51:36,911 | INFO | GET /api/employees -> 200 (0ms) [prasanna]
2026-10-09 10:53:23,912 | INFO | GET /api/employees/emp_def033692cde -> 200 (0ms) [prasanna]
2026-10-09 10:53:27,773 | INFO | GET /api/employees/emp_def033692cde -> 200 (1ms) [prasanna]
2026-10-09 10:53:55,282 | INFO | PUT /api/employees/emp_def033692cde -> 404 (0ms) [prasanna]
2026-10-09 10:54:01,545 | INFO | PUT /api/employees/emp_def033692cde -> 404 (0ms) [prasanna]
2026-10-09 10:54:03,237 | INFO | PUT /api/employees/emp_def033692cde -> 404 (0ms) [prasanna]
2026-10-09 10:54:05,007 | INFO | PUT /api/employees/emp_def033692cde -> 404 (1ms) [prasanna]
2026-10-09 10:54:06,304 | INFO | PUT /api/employees/emp_def033692cde -> 404 (0ms) [prasanna]
2026-10-09 10:55:00,196 | INFO | POST /api/employees -> 201 (793ms) [prasanna]
2026-10-09 10:55:00,381 | INFO | GET /api/employees -> 200 (0ms) [prasanna]
2026-10-09 10:55:00,391 | INFO | GET /api/employees -> 200 (1ms) [prasanna]
2026-10-09 10:55:03,968 | INFO | GET /pages/employees.html -> 304 (0ms) [anonymous]
2026-10-09 10:55:03,997 | INFO | GET /css/dashboard.css -> 304 (2ms) [anonymous]
2026-10-09 10:55:04,012 | INFO | GET /css/responsive.css -> 304 (0ms) [anonymous]
2026-10-09 10:55:04,019 | INFO | GET /css/style.css -> 304 (2ms) [anonymous]
2026-10-09 10:55:04,020 | INFO | GET /js/auth.js -> 304 (1ms) [anonymous]
2026-10-09 10:55:04,027 | INFO | GET /js/employees.js -> 304 (3ms) [anonymous]
2026-10-09 10:55:04,073 | INFO | GET /components/sidebar.html -> 304 (0ms) [anonymous]
2026-10-09 10:55:04,085 | INFO | GET /components/footer.html -> 304 (1ms) [anonymous]
2026-10-09 10:55:04,095 | INFO | GET /components/modals.html -> 304 (2ms) [anonymous]
2026-10-09 10:55:04,102 | INFO | GET /components/navbar.html -> 304 (1ms) [anonymous]
2026-10-09 10:55:04,136 | INFO | GET /api/auth/notifications -> 200 (2ms) [prasanna]
2026-10-09 10:55:04,152 | INFO | GET /api/roles -> 200 (2ms) [prasanna]
2026-10-09 10:55:04,173 | INFO | GET /api/employees -> 200 (0ms) [prasanna]
2026-10-09 10:55:04,180 | INFO | GET /api/employees -> 200 (1ms) [prasanna]
2026-10-09 10:55:30,992 | INFO | GET /pages/login.html -> 304 (0ms) [anonymous]
2026-10-09 10:55:31,022 | INFO | GET /css/style.css -> 304 (0ms) [anonymous]
2026-10-09 10:55:31,035 | INFO | GET /css/login.css -> 304 (2ms) [anonymous]
2026-10-09 10:55:31,059 | INFO | GET /css/responsive.css -> 304 (1ms) [anonymous]
2026-10-09 10:55:31,064 | INFO | GET /js/auth.js -> 304 (0ms) [anonymous]
2026-10-09 10:55:52,211 | INFO | POST /api/auth/login -> 200 (400ms) [anonymous]
2026-10-09 10:55:52,811 | INFO | GET /pages/developer-dashboard.html -> 200 (217ms) [anonymous]
2026-10-09 10:55:52,856 | INFO | GET /css/style.css -> 304 (0ms) [anonymous]
2026-10-09 10:55:52,865 | INFO | GET /js/dashboard.js -> 304 (1ms) [anonymous]
2026-10-09 10:55:52,893 | INFO | GET /js/auth.js -> 304 (2ms) [anonymous]
2026-10-09 10:55:52,907 | INFO | GET /css/responsive.css -> 304 (0ms) [anonymous]
2026-10-09 10:55:52,914 | INFO | GET /css/dashboard.css -> 304 (1ms) [anonymous]
2026-10-09 10:55:52,959 | INFO | GET /components/sidebar.html -> 304 (1ms) [anonymous]
2026-10-09 10:55:52,964 | INFO | GET /components/navbar.html -> 304 (2ms) [anonymous]
2026-10-09 10:55:52,968 | INFO | GET /components/footer.html -> 304 (5ms) [anonymous]
2026-10-09 10:55:52,977 | INFO | GET /components/modals.html -> 304 (2ms) [anonymous]
2026-10-09 10:55:53,031 | INFO | GET /api/auth/notifications -> 200 (1ms) [ljh]
2026-10-09 10:55:53,064 | INFO | GET /api/reports/dashboard -> 200 (1ms) [ljh]
2026-10-09 10:55:53,079 | INFO | GET /api/projects -> 200 (0ms) [ljh]
2026-10-09 10:55:53,094 | INFO | GET /api/projects/tasks/all -> 200 (0ms) [ljh]
2026-10-09 10:55:53,103 | INFO | GET /api/followups -> 200 (6ms) [ljh]
2026-10-09 10:56:32,622 | INFO | GET /pages/login.html -> 304 (1ms) [anonymous]
2026-10-09 10:56:32,654 | INFO | GET /css/style.css -> 304 (0ms) [anonymous]
2026-10-09 10:56:32,660 | INFO | GET /css/login.css -> 304 (0ms) [anonymous]
2026-10-09 10:56:32,672 | INFO | GET /css/responsive.css -> 304 (2ms) [anonymous]
2026-10-09 10:56:32,678 | INFO | GET /js/auth.js -> 304 (2ms) [anonymous]
2026-10-09 10:56:54,574 | INFO | POST /api/auth/login -> 401 (214ms) [anonymous]
2026-10-09 11:06:26,597 | INFO | CRM backend ready on http://0.0.0.0:5000
2026-10-09 11:06:28,701 | INFO | CRM backend ready on http://0.0.0.0:5000
2026-10-09 11:06:57,156 | INFO | GET / -> 304 (1ms) [anonymous]
2026-10-09 11:06:57,396 | INFO | GET /css/style.css -> 304 (1ms) [anonymous]
2026-10-09 11:06:57,403 | INFO | GET /css/login.css -> 304 (1ms) [anonymous]
2026-10-09 11:06:57,413 | INFO | GET /css/responsive.css -> 304 (4ms) [anonymous]
2026-10-09 11:06:57,414 | INFO | GET /js/auth.js -> 304 (2ms) [anonymous]
2026-10-09 11:07:17,250 | INFO | POST /api/auth/login -> 200 (341ms) [anonymous]
2026-10-09 11:07:17,632 | INFO | GET /pages/admin-dashboard.html -> 304 (2ms) [anonymous]
2026-10-09 11:07:17,677 | INFO | GET /css/style.css -> 304 (1ms) [anonymous]
2026-10-09 11:07:17,685 | INFO | GET /css/dashboard.css -> 304 (1ms) [anonymous]
2026-10-09 11:07:17,692 | INFO | GET /css/responsive.css -> 304 (3ms) [anonymous]
2026-10-09 11:07:17,698 | INFO | GET /js/auth.js -> 304 (5ms) [anonymous]
2026-10-09 11:07:17,699 | INFO | GET /js/dashboard.js -> 304 (3ms) [anonymous]
2026-10-09 11:07:17,877 | INFO | GET /components/sidebar.html -> 304 (3ms) [anonymous]
2026-10-09 11:07:17,878 | INFO | GET /components/navbar.html -> 304 (2ms) [anonymous]
2026-10-09 11:07:17,889 | INFO | GET /components/footer.html -> 304 (1ms) [anonymous]
2026-10-09 11:07:17,901 | INFO | GET /components/modals.html -> 304 (1ms) [anonymous]
2026-10-09 11:07:17,943 | INFO | GET /api/auth/notifications -> 200 (2ms) [prasanna]
2026-10-09 11:07:17,956 | INFO | GET /api/reports/dashboard -> 200 (1ms) [prasanna]
2026-10-09 11:07:17,974 | INFO | GET /api/leads -> 200 (0ms) [prasanna]
2026-10-09 11:07:17,977 | INFO | GET /api/employees -> 200 (0ms) [prasanna]
2026-10-09 11:07:18,002 | INFO | GET /api/followups -> 200 (0ms) [prasanna]
2026-10-09 11:07:29,272 | INFO | GET /pages/employees.html -> 304 (0ms) [anonymous]
2026-10-09 11:07:29,296 | INFO | GET /css/style.css -> 304 (1ms) [anonymous]
2026-10-09 11:07:29,313 | INFO | GET /css/dashboard.css -> 304 (2ms) [anonymous]
2026-10-09 11:07:29,324 | INFO | GET /css/responsive.css -> 304 (6ms) [anonymous]
2026-10-09 11:07:29,327 | INFO | GET /js/auth.js -> 304 (1ms) [anonymous]
2026-10-09 11:07:29,343 | INFO | GET /js/employees.js -> 304 (3ms) [anonymous]
2026-10-09 11:07:29,474 | INFO | GET /components/modals.html -> 304 (6ms) [anonymous]
2026-10-09 11:07:29,479 | INFO | GET /components/footer.html -> 304 (5ms) [anonymous]
2026-10-09 11:07:29,481 | INFO | GET /components/navbar.html -> 304 (4ms) [anonymous]
2026-10-09 11:07:29,483 | INFO | GET /components/sidebar.html -> 304 (2ms) [anonymous]
2026-10-09 11:07:29,524 | INFO | GET /api/auth/notifications -> 200 (5ms) [prasanna]
2026-10-09 11:07:29,533 | INFO | GET /api/roles -> 200 (4ms) [prasanna]
2026-10-09 11:07:29,568 | INFO | GET /api/employees -> 200 (1ms) [prasanna]
2026-10-09 11:07:29,578 | INFO | GET /api/employees -> 200 (1ms) [prasanna]
2026-10-09 11:07:33,666 | INFO | GET /api/employees/emp_20205e6cffa7 -> 200 (0ms) [prasanna]
2026-10-09 11:07:39,334 | INFO | PUT /api/employees/emp_20205e6cffa7 -> 200 (308ms) [prasanna]
2026-10-09 11:07:39,542 | INFO | GET /api/employees -> 200 (0ms) [prasanna]
2026-10-09 11:07:39,546 | INFO | GET /api/employees -> 200 (1ms) [prasanna]
2026-10-09 11:07:48,898 | INFO | GET /api/employees/emp_e82194d5662f -> 200 (0ms) [prasanna]
2026-10-09 11:07:55,842 | INFO | GET /pages/login.html -> 200 (0ms) [anonymous]
2026-10-09 11:07:55,863 | INFO | GET /css/style.css -> 304 (1ms) [anonymous]
2026-10-09 11:07:55,864 | INFO | GET /css/login.css -> 304 (1ms) [anonymous]
2026-10-09 11:07:55,875 | INFO | GET /css/responsive.css -> 304 (4ms) [anonymous]
2026-10-09 11:07:55,880 | INFO | GET /js/auth.js -> 304 (7ms) [anonymous]
2026-10-09 11:08:08,739 | INFO | POST /api/auth/login -> 200 (338ms) [anonymous]
2026-10-09 11:08:09,122 | INFO | GET /pages/developer-dashboard.html -> 304 (0ms) [anonymous]
2026-10-09 11:08:09,150 | INFO | GET /css/style.css -> 304 (2ms) [anonymous]
2026-10-09 11:08:09,186 | INFO | GET /css/responsive.css -> 304 (0ms) [anonymous]
2026-10-09 11:08:09,193 | INFO | GET /css/dashboard.css -> 304 (5ms) [anonymous]
2026-10-09 11:08:09,198 | INFO | GET /js/auth.js -> 304 (2ms) [anonymous]
2026-10-09 11:08:09,203 | INFO | GET /js/dashboard.js -> 304 (1ms) [anonymous]
2026-10-09 11:08:09,307 | INFO | GET /components/sidebar.html -> 304 (2ms) [anonymous]
2026-10-09 11:08:09,312 | INFO | GET /components/navbar.html -> 304 (1ms) [anonymous]
2026-10-09 11:08:09,317 | INFO | GET /components/modals.html -> 304 (1ms) [anonymous]
2026-10-09 11:08:09,321 | INFO | GET /components/footer.html -> 304 (2ms) [anonymous]
2026-10-09 11:08:09,404 | INFO | GET /api/auth/notifications -> 200 (1ms) [ljh]
2026-10-09 11:08:09,411 | INFO | GET /api/reports/dashboard -> 200 (4ms) [ljh]
2026-10-09 11:08:09,421 | INFO | GET /api/projects -> 200 (0ms) [ljh]
2026-10-09 11:08:09,438 | INFO | GET /api/projects/tasks/all -> 200 (0ms) [ljh]
2026-10-09 11:08:09,452 | INFO | GET /api/followups -> 200 (0ms) [ljh]
2026-10-09 11:08:14,860 | INFO | GET /pages/login.html -> 304 (0ms) [anonymous]
2026-10-09 11:08:14,883 | INFO | GET /css/login.css -> 304 (1ms) [anonymous]
2026-10-09 11:08:14,884 | INFO | GET /css/style.css -> 304 (3ms) [anonymous]
2026-10-09 11:08:14,898 | INFO | GET /css/responsive.css -> 304 (8ms) [anonymous]
2026-10-09 11:08:14,899 | INFO | GET /js/auth.js -> 304 (1ms) [anonymous]
2026-10-09 11:08:30,674 | INFO | POST /api/auth/login -> 401 (196ms) [anonymous]
2026-10-09 11:08:34,678 | INFO | POST /api/auth/login -> 401 (207ms) [anonymous]
2026-10-09 11:10:37,726 | INFO | CRM backend ready on http://0.0.0.0:5000
2026-10-09 11:10:40,017 | INFO | CRM backend ready on http://0.0.0.0:5000
2026-10-09 11:10:46,548 | INFO | POST /api/auth/login -> 200 (487ms) [anonymous]
2026-10-09 11:10:46,923 | INFO | GET /pages/admin-dashboard.html -> 304 (1ms) [anonymous]
2026-10-09 11:10:47,003 | INFO | GET /css/style.css -> 304 (1ms) [anonymous]
2026-10-09 11:10:47,020 | INFO | GET /css/dashboard.css -> 304 (1ms) [anonymous]
2026-10-09 11:10:47,069 | INFO | GET /css/responsive.css -> 304 (1ms) [anonymous]
2026-10-09 11:10:47,089 | INFO | GET /js/auth.js -> 304 (4ms) [anonymous]
2026-10-09 11:10:47,141 | INFO | GET /js/dashboard.js -> 304 (0ms) [anonymous]
2026-10-09 11:10:47,256 | INFO | GET /components/modals.html -> 304 (1ms) [anonymous]
2026-10-09 11:10:47,260 | INFO | GET /components/footer.html -> 304 (2ms) [anonymous]
2026-10-09 11:10:47,270 | INFO | GET /components/navbar.html -> 304 (10ms) [anonymous]
2026-10-09 11:10:47,294 | INFO | GET /components/sidebar.html -> 304 (0ms) [anonymous]
2026-10-09 11:10:47,572 | INFO | GET /api/auth/notifications -> 200 (1ms) [prasanna]
2026-10-09 11:10:47,651 | INFO | GET /api/reports/dashboard -> 200 (0ms) [prasanna]
2026-10-09 11:10:47,732 | INFO | GET /api/leads -> 200 (5ms) [prasanna]
2026-10-09 11:10:47,778 | INFO | GET /api/followups -> 200 (0ms) [prasanna]
2026-10-09 11:10:47,860 | INFO | GET /api/employees -> 200 (0ms) [prasanna]
2026-10-09 11:10:53,508 | INFO | GET /pages/employees.html -> 304 (0ms) [anonymous]
2026-10-09 11:10:53,532 | INFO | GET /css/style.css -> 304 (0ms) [anonymous]
2026-10-09 11:10:53,549 | INFO | GET /css/dashboard.css -> 304 (1ms) [anonymous]
2026-10-09 11:10:53,560 | INFO | GET /js/auth.js -> 304 (2ms) [anonymous]
2026-10-09 11:10:53,561 | INFO | GET /css/responsive.css -> 304 (7ms) [anonymous]
2026-10-09 11:10:53,565 | INFO | GET /js/employees.js -> 304 (1ms) [anonymous]
2026-10-09 11:10:53,639 | INFO | GET /components/sidebar.html -> 304 (1ms) [anonymous]
2026-10-09 11:10:53,641 | INFO | GET /components/navbar.html -> 304 (2ms) [anonymous]
2026-10-09 11:10:53,648 | INFO | GET /components/footer.html -> 304 (6ms) [anonymous]
2026-10-09 11:10:53,650 | INFO | GET /components/modals.html -> 304 (1ms) [anonymous]
2026-10-09 11:10:53,703 | INFO | GET /api/auth/notifications -> 200 (2ms) [prasanna]
2026-10-09 11:10:53,721 | INFO | GET /api/roles -> 200 (2ms) [prasanna]
2026-10-09 11:10:53,754 | INFO | GET /api/employees -> 200 (0ms) [prasanna]
2026-10-09 11:10:53,758 | INFO | GET /api/employees -> 200 (0ms) [prasanna]
2026-10-09 11:11:00,300 | INFO | DELETE /api/employees/emp_3dbe82c7aa1d -> 200 (311ms) [prasanna]
2026-10-09 11:11:00,528 | INFO | GET /api/employees -> 200 (0ms) [prasanna]
2026-10-09 11:11:00,531 | INFO | GET /api/employees -> 200 (0ms) [prasanna]
2026-10-09 11:11:04,867 | INFO | DELETE /api/employees/emp_e82194d5662f -> 200 (192ms) [prasanna]
2026-10-09 11:11:05,194 | INFO | GET /api/employees -> 200 (2ms) [prasanna]
2026-10-09 11:11:05,212 | INFO | GET /api/employees -> 200 (0ms) [prasanna]
2026-10-09 11:11:09,427 | INFO | DELETE /api/employees/emp_20205e6cffa7 -> 200 (219ms) [prasanna]
2026-10-09 11:11:09,617 | INFO | GET /api/employees -> 200 (1ms) [prasanna]
2026-10-09 11:11:09,624 | INFO | GET /api/employees -> 200 (0ms) [prasanna]
2026-10-09 11:11:14,135 | INFO | DELETE /api/employees/emp_3cb8aea00a2d -> 200 (263ms) [prasanna]
2026-10-09 11:11:14,350 | INFO | GET /api/employees -> 200 (0ms) [prasanna]
2026-10-09 11:11:14,352 | INFO | GET /api/employees -> 200 (0ms) [prasanna]
2026-10-09 11:11:16,169 | INFO | GET /pages/leads.html -> 304 (0ms) [anonymous]
2026-10-09 11:11:16,199 | INFO | GET /css/style.css -> 304 (1ms) [anonymous]
2026-10-09 11:11:16,211 | INFO | GET /js/auth.js -> 304 (4ms) [anonymous]
2026-10-09 11:11:16,219 | INFO | GET /css/responsive.css -> 304 (2ms) [anonymous]
2026-10-09 11:11:16,225 | INFO | GET /css/dashboard.css -> 304 (4ms) [anonymous]
2026-10-09 11:11:16,233 | INFO | GET /js/leads.js -> 304 (1ms) [anonymous]
2026-10-09 11:11:16,289 | INFO | GET /components/sidebar.html -> 304 (6ms) [anonymous]
2026-10-09 11:11:16,293 | INFO | GET /components/footer.html -> 304 (1ms) [anonymous]
2026-10-09 11:11:16,311 | INFO | GET /components/navbar.html -> 304 (7ms) [anonymous]
2026-10-09 11:11:16,327 | INFO | GET /components/modals.html -> 304 (1ms) [anonymous]
2026-10-09 11:11:16,391 | INFO | GET /api/auth/notifications -> 200 (8ms) [prasanna]
2026-10-09 11:11:16,393 | INFO | GET /api/leads -> 200 (0ms) [prasanna]
2026-10-09 11:11:21,452 | INFO | DELETE /api/leads/lead_28a475ed3c75 -> 200 (196ms) [prasanna]
2026-10-09 11:11:21,650 | INFO | GET /api/leads -> 200 (0ms) [prasanna]
2026-10-09 11:11:26,604 | INFO | DELETE /api/leads/lead_40d2ac2ba106 -> 200 (283ms) [prasanna]
2026-10-09 11:11:26,813 | INFO | GET /api/leads -> 200 (0ms) [prasanna]
2026-10-09 11:11:28,349 | INFO | GET /pages/reports.html -> 200 (202ms) [anonymous]
2026-10-09 11:11:28,392 | INFO | GET /css/style.css -> 304 (4ms) [anonymous]
2026-10-09 11:11:28,400 | INFO | GET /css/dashboard.css -> 304 (1ms) [anonymous]
2026-10-09 11:11:28,413 | INFO | GET /css/responsive.css -> 304 (1ms) [anonymous]
2026-10-09 11:11:28,417 | INFO | GET /js/auth.js -> 304 (1ms) [anonymous]
2026-10-09 11:11:28,567 | INFO | GET /js/reports.js -> 200 (202ms) [anonymous]
2026-10-09 11:11:28,600 | INFO | GET /components/sidebar.html -> 304 (0ms) [anonymous]
2026-10-09 11:11:28,611 | INFO | GET /components/navbar.html -> 304 (0ms) [anonymous]
2026-10-09 11:11:28,620 | INFO | GET /components/footer.html -> 304 (1ms) [anonymous]
2026-10-09 11:11:28,637 | INFO | GET /components/modals.html -> 304 (2ms) [anonymous]
2026-10-09 11:11:28,716 | INFO | GET /api/reports/summary -> 200 (0ms) [prasanna]
2026-10-09 11:11:28,733 | INFO | GET /api/reports/activity -> 200 (1ms) [prasanna]
2026-10-09 11:11:28,752 | INFO | GET /api/reports/export -> 200 (0ms) [prasanna]
2026-10-09 11:11:28,797 | INFO | GET /api/auth/notifications -> 200 (5ms) [prasanna]
2026-10-09 11:11:28,831 | INFO | GET /api/reports/dashboard -> 200 (0ms) [prasanna]
2026-10-09 11:11:28,950 | INFO | GET /api/reports/monthly -> 200 (232ms) [prasanna]
2026-10-09 11:11:29,239 | INFO | GET /api/reports/powerbi -> 200 (460ms) [prasanna]
2026-10-09 11:11:55,501 | INFO | DELETE /api/reports/activity -> 200 (16745ms) [prasanna]
2026-10-09 11:11:55,548 | INFO | GET /api/reports/activity -> 200 (0ms) [prasanna]
2026-10-09 11:12:08,257 | INFO | GET /pages/employees.html -> 304 (0ms) [anonymous]
2026-10-09 11:12:08,279 | INFO | GET /css/style.css -> 304 (1ms) [anonymous]
2026-10-09 11:12:08,332 | INFO | GET /css/dashboard.css -> 304 (0ms) [anonymous]
2026-10-09 11:12:08,388 | INFO | GET /css/responsive.css -> 304 (0ms) [anonymous]
2026-10-09 11:12:08,446 | INFO | GET /js/auth.js -> 304 (8ms) [anonymous]
2026-10-09 11:12:08,546 | INFO | GET /js/employees.js -> 304 (0ms) [anonymous]
2026-10-09 11:12:08,710 | INFO | GET /components/sidebar.html -> 304 (5ms) [anonymous]
2026-10-09 11:12:08,713 | INFO | GET /components/footer.html -> 304 (1ms) [anonymous]
2026-10-09 11:12:08,715 | INFO | GET /components/navbar.html -> 304 (5ms) [anonymous]
2026-10-09 11:12:08,716 | INFO | GET /components/modals.html -> 304 (1ms) [anonymous]
2026-10-09 11:12:08,768 | INFO | GET /api/auth/notifications -> 200 (2ms) [prasanna]
2026-10-09 11:12:08,771 | INFO | GET /api/roles -> 200 (2ms) [prasanna]
2026-10-09 11:12:08,799 | INFO | GET /api/employees -> 200 (0ms) [prasanna]
2026-10-09 11:12:08,805 | INFO | GET /api/employees -> 200 (2ms) [prasanna]
=======
2026-10-08 10:35:42,276 | INFO | CRM backend ready on http://0.0.0.0:5000
2026-10-08 10:35:45,268 | INFO | CRM backend ready on http://0.0.0.0:5000
2026-10-08 10:35:52,176 | INFO | GET /health -> 200 (0ms) [anonymous]
2026-10-08 10:35:52,231 | INFO | GET / -> 200 (2ms) [anonymous]
2026-10-08 10:35:53,174 | INFO | POST /api/auth/login -> 200 (820ms) [anonymous]
2026-10-08 10:35:58,499 | INFO | CRM backend ready on http://0.0.0.0:5000
2026-10-08 10:36:04,580 | INFO | CRM backend ready on http://0.0.0.0:5000
2026-10-08 10:36:09,546 | INFO | CRM backend ready on http://0.0.0.0:5000
2026-10-08 10:36:14,835 | INFO | CRM backend ready on http://0.0.0.0:5000
2026-10-08 10:36:21,218 | INFO | CRM backend ready on http://0.0.0.0:5000
2026-10-08 10:36:22,471 | INFO | GET / -> 200 (1ms) [anonymous]
2026-10-08 10:36:22,569 | INFO | GET /css/style.css -> 200 (8ms) [anonymous]
2026-10-08 10:36:22,581 | INFO | GET /css/login.css -> 200 (13ms) [anonymous]
2026-10-08 10:36:22,610 | INFO | GET /js/auth.js -> 200 (4ms) [anonymous]
2026-10-08 10:36:22,613 | INFO | GET /css/responsive.css -> 200 (20ms) [anonymous]
2026-10-08 10:36:23,028 | INFO | GET /favicon.ico -> 404 (0ms) [anonymous]
2026-10-08 10:36:25,318 | INFO | CRM backend ready on http://0.0.0.0:5000
2026-10-08 10:36:30,630 | INFO | CRM backend ready on http://0.0.0.0:5000
2026-10-08 10:36:35,836 | INFO | CRM backend ready on http://0.0.0.0:5000
2026-10-08 10:36:40,799 | INFO | CRM backend ready on http://0.0.0.0:5000
2026-10-08 10:36:46,116 | INFO | CRM backend ready on http://0.0.0.0:5000
2026-10-08 10:36:52,295 | INFO | CRM backend ready on http://0.0.0.0:5000
2026-10-08 10:36:57,714 | INFO | CRM backend ready on http://0.0.0.0:5000
2026-10-08 10:37:03,548 | INFO | CRM backend ready on http://0.0.0.0:5000
2026-10-08 10:37:08,222 | INFO | CRM backend ready on http://0.0.0.0:5000
2026-10-08 10:37:12,440 | INFO | CRM backend ready on http://0.0.0.0:5000
2026-10-08 10:37:18,426 | INFO | CRM backend ready on http://0.0.0.0:5000
2026-10-08 10:37:22,892 | INFO | CRM backend ready on http://0.0.0.0:5000
2026-10-08 10:37:28,261 | INFO | CRM backend ready on http://0.0.0.0:5000
2026-10-08 10:37:33,658 | INFO | CRM backend ready on http://0.0.0.0:5000
2026-10-08 10:37:38,204 | INFO | CRM backend ready on http://0.0.0.0:5000
2026-10-08 10:37:43,538 | INFO | CRM backend ready on http://0.0.0.0:5000
2026-10-08 10:37:48,958 | INFO | CRM backend ready on http://0.0.0.0:5000
2026-10-08 10:37:53,742 | INFO | CRM backend ready on http://0.0.0.0:5000
2026-10-08 10:37:55,307 | INFO | GET / -> 304 (19ms) [anonymous]
2026-10-08 10:37:55,443 | INFO | GET / -> 304 (30ms) [anonymous]
2026-10-08 10:37:55,593 | INFO | GET /css/login.css -> 304 (31ms) [anonymous]
2026-10-08 10:37:55,610 | INFO | GET /css/style.css -> 304 (64ms) [anonymous]
2026-10-08 10:37:55,706 | INFO | GET /css/responsive.css -> 304 (48ms) [anonymous]
2026-10-08 10:37:55,710 | INFO | GET /js/auth.js -> 304 (26ms) [anonymous]
2026-10-08 10:37:55,806 | INFO | GET /css/login.css -> 304 (49ms) [anonymous]
2026-10-08 10:37:55,823 | INFO | GET /css/style.css -> 304 (19ms) [anonymous]
2026-10-08 10:37:55,858 | INFO | GET / -> 304 (26ms) [anonymous]
2026-10-08 10:37:55,882 | INFO | GET /css/responsive.css -> 304 (12ms) [anonymous]
2026-10-08 10:37:55,920 | INFO | GET /js/auth.js -> 304 (1ms) [anonymous]
2026-10-08 10:37:56,374 | INFO | GET /css/login.css -> 304 (40ms) [anonymous]
2026-10-08 10:37:56,475 | INFO | GET /css/responsive.css -> 304 (12ms) [anonymous]
2026-10-08 10:37:56,592 | INFO | GET /css/style.css -> 304 (57ms) [anonymous]
2026-10-08 10:37:56,690 | INFO | GET /js/auth.js -> 304 (49ms) [anonymous]
2026-10-08 10:37:59,639 | INFO | CRM backend ready on http://0.0.0.0:5000
2026-10-08 10:38:03,701 | INFO | CRM backend ready on http://0.0.0.0:5000
2026-10-08 10:38:08,886 | INFO | CRM backend ready on http://0.0.0.0:5000
2026-10-08 10:38:13,453 | INFO | CRM backend ready on http://0.0.0.0:5000
2026-10-08 10:38:19,046 | INFO | CRM backend ready on http://0.0.0.0:5000
2026-10-08 10:38:23,669 | INFO | CRM backend ready on http://0.0.0.0:5000
2026-10-08 10:38:29,520 | INFO | CRM backend ready on http://0.0.0.0:5000
2026-10-08 10:38:33,674 | INFO | CRM backend ready on http://0.0.0.0:5000
2026-10-08 10:38:38,982 | INFO | CRM backend ready on http://0.0.0.0:5000
2026-10-08 10:38:44,590 | INFO | CRM backend ready on http://0.0.0.0:5000
2026-10-08 10:38:49,252 | INFO | CRM backend ready on http://0.0.0.0:5000
2026-10-08 10:38:54,204 | INFO | CRM backend ready on http://0.0.0.0:5000
2026-10-08 10:38:59,803 | INFO | CRM backend ready on http://0.0.0.0:5000
2026-10-08 10:39:04,266 | INFO | CRM backend ready on http://0.0.0.0:5000
2026-10-08 10:39:10,180 | INFO | CRM backend ready on http://0.0.0.0:5000
2026-10-08 10:39:14,902 | INFO | CRM backend ready on http://0.0.0.0:5000
2026-10-08 10:39:19,649 | INFO | CRM backend ready on http://0.0.0.0:5000
2026-10-08 10:39:25,039 | INFO | CRM backend ready on http://0.0.0.0:5000
2026-10-08 10:39:30,653 | INFO | CRM backend ready on http://0.0.0.0:5000
2026-10-08 10:39:35,124 | INFO | CRM backend ready on http://0.0.0.0:5000
2026-10-08 10:39:39,804 | INFO | CRM backend ready on http://0.0.0.0:5000
2026-10-08 10:39:45,660 | INFO | CRM backend ready on http://0.0.0.0:5000
2026-10-08 10:39:50,040 | INFO | CRM backend ready on http://0.0.0.0:5000
2026-10-08 10:39:55,474 | INFO | CRM backend ready on http://0.0.0.0:5000
2026-10-08 10:39:57,440 | INFO | GET / -> 200 (2ms) [anonymous]
2026-10-08 10:39:57,724 | INFO | GET /css/style.css -> 200 (5ms) [anonymous]
2026-10-08 10:39:57,727 | INFO | GET /css/login.css -> 200 (1ms) [anonymous]
2026-10-08 10:39:57,750 | INFO | GET /js/auth.js -> 200 (6ms) [anonymous]
2026-10-08 10:39:57,752 | INFO | GET /css/responsive.css -> 200 (18ms) [anonymous]
2026-10-08 10:39:58,032 | INFO | GET /favicon.ico -> 404 (2ms) [anonymous]
2026-10-08 10:40:00,654 | INFO | CRM backend ready on http://0.0.0.0:5000
2026-10-08 10:40:05,880 | INFO | CRM backend ready on http://0.0.0.0:5000
2026-10-08 10:40:10,665 | INFO | CRM backend ready on http://0.0.0.0:5000
2026-10-08 10:40:15,348 | INFO | CRM backend ready on http://0.0.0.0:5000
2026-10-08 10:40:20,870 | INFO | CRM backend ready on http://0.0.0.0:5000
2026-10-08 10:40:25,898 | INFO | CRM backend ready on http://0.0.0.0:5000
2026-10-08 10:40:30,553 | INFO | CRM backend ready on http://0.0.0.0:5000
2026-10-08 10:40:35,864 | INFO | CRM backend ready on http://0.0.0.0:5000
2026-10-08 10:40:41,102 | INFO | CRM backend ready on http://0.0.0.0:5000
2026-10-08 10:40:43,236 | INFO | POST /api/auth/login -> 200 (579ms) [anonymous]
2026-10-08 10:40:43,697 | INFO | GET /pages/admin-dashboard.html -> 200 (1ms) [anonymous]
2026-10-08 10:40:46,036 | INFO | CRM backend ready on http://0.0.0.0:5000
2026-10-08 10:40:47,435 | INFO | GET /css/dashboard.css -> 200 (1ms) [anonymous]
2026-10-08 10:40:47,475 | INFO | GET /js/dashboard.js -> 200 (13ms) [anonymous]
2026-10-08 10:40:47,477 | INFO | GET /js/auth.js -> 304 (25ms) [anonymous]
2026-10-08 10:40:47,554 | INFO | GET /css/responsive.css -> 304 (11ms) [anonymous]
2026-10-08 10:40:47,565 | INFO | GET /css/style.css -> 304 (31ms) [anonymous]
2026-10-08 10:40:47,765 | INFO | GET /components/sidebar.html -> 200 (11ms) [anonymous]
2026-10-08 10:40:47,766 | INFO | GET /components/navbar.html -> 200 (20ms) [anonymous]
2026-10-08 10:40:47,821 | INFO | GET /components/footer.html -> 200 (15ms) [anonymous]
2026-10-08 10:40:47,872 | INFO | GET /components/modals.html -> 200 (35ms) [anonymous]
2026-10-08 10:40:48,008 | INFO | GET /api/auth/notifications -> 200 (2ms) [prasanna]
2026-10-08 10:40:48,058 | INFO | GET /api/reports/dashboard -> 200 (14ms) [prasanna]
2026-10-08 10:40:48,079 | INFO | GET /api/leads -> 200 (1ms) [prasanna]
2026-10-08 10:40:48,088 | INFO | GET /api/followups -> 200 (1ms) [prasanna]
2026-10-08 10:40:48,143 | INFO | GET /api/employees -> 200 (1ms) [prasanna]
2026-10-08 10:40:51,621 | INFO | CRM backend ready on http://0.0.0.0:5000
2026-10-08 10:40:56,206 | INFO | CRM backend ready on http://0.0.0.0:5000
2026-10-08 10:40:57,648 | INFO | GET /pages/employees.html -> 200 (13ms) [anonymous]
2026-10-08 10:40:57,669 | INFO | GET /pages/employees.html -> 200 (6ms) [anonymous]
2026-10-08 10:40:57,789 | INFO | GET /js/auth.js -> 304 (0ms) [anonymous]
2026-10-08 10:40:57,810 | INFO | GET /js/employees.js -> 200 (2ms) [anonymous]
2026-10-08 10:40:57,935 | INFO | GET /css/dashboard.css -> 304 (19ms) [anonymous]
2026-10-08 10:40:57,939 | INFO | GET /css/style.css -> 304 (46ms) [anonymous]
2026-10-08 10:40:57,963 | INFO | GET /css/responsive.css -> 304 (9ms) [anonymous]
2026-10-08 10:40:58,055 | INFO | GET /components/navbar.html -> 304 (7ms) [anonymous]
2026-10-08 10:40:58,071 | INFO | GET /components/sidebar.html -> 304 (10ms) [anonymous]
2026-10-08 10:40:58,084 | INFO | GET /components/footer.html -> 304 (2ms) [anonymous]
2026-10-08 10:40:58,113 | INFO | GET /components/modals.html -> 304 (3ms) [anonymous]
2026-10-08 10:40:58,309 | INFO | GET /api/auth/notifications -> 200 (2ms) [prasanna]
2026-10-08 10:40:58,343 | INFO | GET /api/roles -> 200 (2ms) [prasanna]
2026-10-08 10:40:58,478 | INFO | GET /api/employees -> 200 (1ms) [prasanna]
2026-10-08 10:40:58,548 | INFO | GET /api/employees -> 200 (1ms) [prasanna]
2026-10-08 10:41:01,839 | INFO | CRM backend ready on http://0.0.0.0:5000
2026-10-08 10:41:06,451 | INFO | CRM backend ready on http://0.0.0.0:5000
2026-10-08 10:41:08,862 | INFO | GET /pages/leads.html -> 200 (1ms) [anonymous]
2026-10-08 10:41:09,091 | INFO | GET /js/auth.js -> 304 (19ms) [anonymous]
2026-10-08 10:41:09,130 | INFO | GET /css/style.css -> 304 (1ms) [anonymous]
2026-10-08 10:41:09,151 | INFO | GET /js/leads.js -> 200 (30ms) [anonymous]
2026-10-08 10:41:09,164 | INFO | GET /css/dashboard.css -> 304 (14ms) [anonymous]
2026-10-08 10:41:09,228 | INFO | GET /css/responsive.css -> 304 (49ms) [anonymous]
2026-10-08 10:41:09,391 | INFO | GET /components/footer.html -> 304 (1ms) [anonymous]
2026-10-08 10:41:09,398 | INFO | GET /components/sidebar.html -> 304 (17ms) [anonymous]
2026-10-08 10:41:09,418 | INFO | GET /components/modals.html -> 304 (1ms) [anonymous]
2026-10-08 10:41:09,426 | INFO | GET /components/navbar.html -> 304 (13ms) [anonymous]
2026-10-08 10:41:09,523 | INFO | GET /api/auth/notifications -> 200 (7ms) [prasanna]
2026-10-08 10:41:09,537 | INFO | GET /api/leads -> 200 (9ms) [prasanna]
2026-10-08 10:41:12,383 | INFO | CRM backend ready on http://0.0.0.0:5000
2026-10-08 10:41:14,046 | INFO | GET /api/employees -> 200 (1ms) [prasanna]
2026-10-08 10:41:14,053 | INFO | GET /api/companies -> 200 (1ms) [prasanna]
2026-10-08 10:41:17,166 | INFO | CRM backend ready on http://0.0.0.0:5000
2026-10-08 10:41:21,728 | INFO | CRM backend ready on http://0.0.0.0:5000
2026-10-08 10:41:26,772 | INFO | CRM backend ready on http://0.0.0.0:5000
2026-10-08 10:41:31,295 | INFO | CRM backend ready on http://0.0.0.0:5000
2026-10-08 10:41:37,060 | INFO | CRM backend ready on http://0.0.0.0:5000
2026-10-08 10:41:42,104 | INFO | CRM backend ready on http://0.0.0.0:5000
2026-10-08 10:41:47,609 | INFO | CRM backend ready on http://0.0.0.0:5000
2026-10-08 10:41:52,613 | INFO | CRM backend ready on http://0.0.0.0:5000
2026-10-08 10:41:57,719 | INFO | CRM backend ready on http://0.0.0.0:5000
2026-10-08 10:42:02,744 | INFO | CRM backend ready on http://0.0.0.0:5000
2026-10-08 10:42:07,322 | INFO | CRM backend ready on http://0.0.0.0:5000
2026-10-08 10:42:12,092 | INFO | CRM backend ready on http://0.0.0.0:5000
2026-10-08 10:42:18,065 | INFO | CRM backend ready on http://0.0.0.0:5000
2026-10-08 10:42:22,896 | INFO | CRM backend ready on http://0.0.0.0:5000
2026-10-08 10:42:27,843 | INFO | CRM backend ready on http://0.0.0.0:5000
2026-10-08 10:42:32,818 | INFO | CRM backend ready on http://0.0.0.0:5000
2026-10-08 10:42:37,524 | INFO | CRM backend ready on http://0.0.0.0:5000
2026-10-08 10:42:43,737 | INFO | CRM backend ready on http://0.0.0.0:5000
2026-10-08 10:42:48,830 | INFO | CRM backend ready on http://0.0.0.0:5000
2026-10-08 10:42:51,589 | INFO | POST /api/leads -> 201 (1217ms) [prasanna]
2026-10-08 10:42:53,650 | INFO | CRM backend ready on http://0.0.0.0:5000
2026-10-08 10:42:58,588 | INFO | CRM backend ready on http://0.0.0.0:5000
2026-10-08 10:43:03,722 | INFO | CRM backend ready on http://0.0.0.0:5000
2026-10-08 10:43:09,017 | INFO | CRM backend ready on http://0.0.0.0:5000
2026-10-08 10:43:14,023 | INFO | CRM backend ready on http://0.0.0.0:5000
2026-10-08 10:43:20,270 | INFO | CRM backend ready on http://0.0.0.0:5000
2026-10-08 10:43:28,623 | INFO | CRM backend ready on http://0.0.0.0:5000
2026-10-08 10:43:33,225 | INFO | CRM backend ready on http://0.0.0.0:5000
2026-10-08 10:43:37,695 | INFO | CRM backend ready on http://0.0.0.0:5000
2026-10-08 10:43:43,482 | INFO | CRM backend ready on http://0.0.0.0:5000
2026-10-08 10:43:49,126 | INFO | CRM backend ready on http://0.0.0.0:5000
2026-10-08 10:43:54,286 | INFO | CRM backend ready on http://0.0.0.0:5000
2026-10-08 10:49:13,774 | INFO | CRM backend ready on http://0.0.0.0:5000
2026-10-08 10:49:16,752 | INFO | CRM backend ready on http://0.0.0.0:5000
2026-10-08 10:49:18,613 | INFO | GET /health -> 200 (0ms) [anonymous]
2026-10-08 10:49:18,739 | INFO | GET / -> 200 (22ms) [anonymous]
2026-10-08 10:49:24,599 | INFO | CRM backend ready on http://0.0.0.0:5000
2026-10-08 10:49:39,166 | INFO | GET / -> 304 (1ms) [anonymous]
2026-10-08 10:49:39,297 | INFO | GET /css/style.css -> 304 (19ms) [anonymous]
2026-10-08 10:49:39,328 | INFO | GET /css/login.css -> 304 (26ms) [anonymous]
2026-10-08 10:49:39,349 | INFO | GET /css/responsive.css -> 304 (17ms) [anonymous]
2026-10-08 10:49:39,446 | INFO | GET /js/auth.js -> 304 (16ms) [anonymous]
2026-10-08 10:49:43,238 | INFO | CRM backend ready on http://0.0.0.0:5000
2026-10-08 10:49:48,026 | INFO | CRM backend ready on http://0.0.0.0:5000
2026-10-08 10:49:53,522 | INFO | CRM backend ready on http://0.0.0.0:5000
2026-10-08 10:49:58,195 | INFO | CRM backend ready on http://0.0.0.0:5000
2026-10-08 10:50:03,888 | INFO | CRM backend ready on http://0.0.0.0:5000
2026-10-08 10:50:08,519 | INFO | CRM backend ready on http://0.0.0.0:5000
2026-10-08 10:50:13,993 | INFO | CRM backend ready on http://0.0.0.0:5000
2026-10-08 10:50:19,359 | INFO | CRM backend ready on http://0.0.0.0:5000
2026-10-08 10:50:24,471 | INFO | CRM backend ready on http://0.0.0.0:5000
2026-10-08 10:50:30,036 | INFO | CRM backend ready on http://0.0.0.0:5000
2026-10-08 10:50:34,564 | INFO | CRM backend ready on http://0.0.0.0:5000
2026-10-08 10:50:39,231 | INFO | CRM backend ready on http://0.0.0.0:5000
2026-10-08 10:50:45,258 | INFO | CRM backend ready on http://0.0.0.0:5000
2026-10-08 10:50:50,144 | INFO | CRM backend ready on http://0.0.0.0:5000
2026-10-08 10:50:54,749 | INFO | CRM backend ready on http://0.0.0.0:5000
2026-10-08 10:51:00,495 | INFO | CRM backend ready on http://0.0.0.0:5000
2026-10-08 10:51:05,580 | INFO | CRM backend ready on http://0.0.0.0:5000
2026-10-08 10:51:10,195 | INFO | CRM backend ready on http://0.0.0.0:5000
2026-10-08 10:51:15,612 | INFO | CRM backend ready on http://0.0.0.0:5000
2026-10-08 10:51:20,319 | INFO | CRM backend ready on http://0.0.0.0:5000
2026-10-08 10:51:22,600 | INFO | POST /api/auth/login -> 200 (443ms) [anonymous]
2026-10-08 10:51:23,061 | INFO | GET /pages/admin-dashboard.html -> 200 (11ms) [anonymous]
2026-10-08 10:51:26,183 | INFO | CRM backend ready on http://0.0.0.0:5000
2026-10-08 10:51:28,293 | INFO | GET /css/responsive.css -> 304 (1ms) [anonymous]
2026-10-08 10:51:28,295 | INFO | GET /css/style.css -> 304 (4ms) [anonymous]
2026-10-08 10:51:28,334 | INFO | GET /js/auth.js -> 304 (20ms) [anonymous]
2026-10-08 10:51:32,755 | INFO | CRM backend ready on http://0.0.0.0:5000
2026-10-08 10:51:37,352 | INFO | CRM backend ready on http://0.0.0.0:5000
2026-10-08 10:51:44,499 | INFO | CRM backend ready on http://0.0.0.0:5000
2026-10-08 10:51:50,485 | INFO | CRM backend ready on http://0.0.0.0:5000
2026-10-08 10:51:52,458 | INFO | GET /pages/leads.html -> 304 (13ms) [anonymous]
2026-10-08 10:51:52,699 | INFO | GET /js/auth.js -> 304 (10ms) [anonymous]
2026-10-08 10:51:52,713 | INFO | GET /js/leads.js -> 304 (31ms) [anonymous]
2026-10-08 10:51:52,745 | INFO | GET /css/dashboard.css -> 304 (23ms) [anonymous]
2026-10-08 10:51:52,750 | INFO | GET /css/style.css -> 304 (62ms) [anonymous]
2026-10-08 10:51:52,753 | INFO | GET /css/responsive.css -> 304 (10ms) [anonymous]
2026-10-08 10:51:53,069 | INFO | GET /components/sidebar.html -> 304 (1ms) [anonymous]
2026-10-08 10:51:53,153 | INFO | GET /components/navbar.html -> 304 (59ms) [anonymous]
2026-10-08 10:51:53,208 | INFO | GET /components/modals.html -> 304 (1ms) [anonymous]
2026-10-08 10:51:53,337 | INFO | GET /components/footer.html -> 304 (1ms) [anonymous]
2026-10-08 10:51:53,460 | INFO | GET /api/auth/notifications -> 200 (13ms) [prasanna]
2026-10-08 10:51:53,539 | INFO | GET /api/leads -> 200 (20ms) [prasanna]
2026-10-08 10:51:57,179 | INFO | CRM backend ready on http://0.0.0.0:5000
2026-10-08 10:52:11,286 | INFO | GET /pages/employees.html -> 304 (1ms) [anonymous]
2026-10-08 10:52:11,443 | INFO | GET /js/employees.js -> 304 (1ms) [anonymous]
2026-10-08 10:52:11,445 | INFO | GET /js/auth.js -> 304 (6ms) [anonymous]
2026-10-08 10:52:11,482 | INFO | GET /css/dashboard.css -> 304 (6ms) [anonymous]
2026-10-08 10:52:11,496 | INFO | GET /css/style.css -> 304 (25ms) [anonymous]
2026-10-08 10:52:11,505 | INFO | GET /css/responsive.css -> 304 (3ms) [anonymous]
2026-10-08 10:52:11,741 | INFO | GET /components/sidebar.html -> 304 (24ms) [anonymous]
2026-10-08 10:52:11,743 | INFO | GET /components/navbar.html -> 304 (0ms) [anonymous]
2026-10-08 10:52:11,764 | INFO | GET /components/footer.html -> 304 (11ms) [anonymous]
2026-10-08 10:52:11,783 | INFO | GET /components/modals.html -> 304 (0ms) [anonymous]
2026-10-08 10:52:11,936 | INFO | GET /api/auth/notifications -> 200 (6ms) [prasanna]
2026-10-08 10:52:11,957 | INFO | GET /api/roles -> 200 (1ms) [prasanna]
2026-10-08 10:52:12,057 | INFO | GET /api/employees -> 200 (1ms) [prasanna]
2026-10-08 10:52:12,070 | INFO | GET /api/employees -> 200 (1ms) [prasanna]
2026-10-08 10:52:16,141 | INFO | CRM backend ready on http://0.0.0.0:5000
2026-10-08 10:52:18,280 | INFO | GET /api/employees/emp_3dbe82c7aa1d -> 200 (42ms) [prasanna]
2026-10-08 10:52:22,275 | INFO | CRM backend ready on http://0.0.0.0:5000
2026-10-08 10:52:28,019 | INFO | CRM backend ready on http://0.0.0.0:5000
2026-10-08 10:52:30,077 | INFO | GET /api/employees/emp_3dbe82c7aa1d -> 200 (3ms) [prasanna]
2026-10-08 10:52:36,592 | INFO | CRM backend ready on http://0.0.0.0:5000
2026-10-08 10:52:42,312 | INFO | CRM backend ready on http://0.0.0.0:5000
2026-10-08 10:52:44,317 | INFO | GET /pages/login.html -> 200 (18ms) [anonymous]
2026-10-08 10:52:44,563 | INFO | GET /js/auth.js -> 304 (8ms) [anonymous]
2026-10-08 10:52:44,609 | INFO | GET /css/style.css -> 304 (28ms) [anonymous]
2026-10-08 10:52:44,615 | INFO | GET /css/login.css -> 304 (1ms) [anonymous]
2026-10-08 10:52:44,696 | INFO | GET /css/responsive.css -> 304 (87ms) [anonymous]
2026-10-08 10:52:47,750 | INFO | CRM backend ready on http://0.0.0.0:5000
2026-10-08 10:52:52,955 | INFO | CRM backend ready on http://0.0.0.0:5000
2026-10-08 10:53:02,413 | INFO | CRM backend ready on http://0.0.0.0:5000
2026-10-08 10:53:07,634 | INFO | CRM backend ready on http://0.0.0.0:5000
2026-10-08 10:53:16,439 | INFO | POST /api/auth/login -> 200 (506ms) [anonymous]
2026-10-08 10:53:16,829 | INFO | GET /pages/employee-dashboard.html -> 200 (1ms) [anonymous]
2026-10-08 10:53:16,975 | INFO | GET /js/auth.js -> 304 (13ms) [anonymous]
2026-10-08 10:53:16,989 | INFO | GET /js/dashboard.js -> 304 (4ms) [anonymous]
2026-10-08 10:53:17,027 | INFO | GET /css/style.css -> 304 (13ms) [anonymous]
2026-10-08 10:53:17,032 | INFO | GET /css/responsive.css -> 304 (1ms) [anonymous]
2026-10-08 10:53:17,033 | INFO | GET /css/dashboard.css -> 304 (15ms) [anonymous]
2026-10-08 10:53:17,237 | INFO | GET /components/navbar.html -> 304 (1ms) [anonymous]
2026-10-08 10:53:17,241 | INFO | GET /components/sidebar.html -> 304 (7ms) [anonymous]
2026-10-08 10:53:17,240 | INFO | GET /components/footer.html -> 304 (0ms) [anonymous]
2026-10-08 10:53:17,256 | INFO | GET /components/modals.html -> 304 (13ms) [anonymous]
2026-10-08 10:53:17,501 | INFO | GET /api/auth/notifications -> 200 (3ms) [jeeva]
2026-10-08 10:53:17,510 | INFO | GET /api/leads -> 200 (3ms) [jeeva]
2026-10-08 10:53:17,543 | INFO | GET /api/reports/dashboard -> 200 (1ms) [jeeva]
2026-10-08 10:53:17,552 | INFO | GET /api/followups -> 200 (19ms) [jeeva]
2026-10-08 10:53:21,547 | INFO | CRM backend ready on http://0.0.0.0:5000
2026-10-08 10:53:23,239 | INFO | GET /pages/leads.html -> 304 (27ms) [anonymous]
2026-10-08 10:53:23,429 | INFO | GET /js/auth.js -> 304 (7ms) [anonymous]
2026-10-08 10:53:23,476 | INFO | GET /js/leads.js -> 304 (12ms) [anonymous]
2026-10-08 10:53:23,498 | INFO | GET /css/style.css -> 304 (23ms) [anonymous]
2026-10-08 10:53:23,492 | INFO | GET /css/dashboard.css -> 304 (1ms) [anonymous]
2026-10-08 10:53:23,578 | INFO | GET /css/responsive.css -> 304 (54ms) [anonymous]
2026-10-08 10:53:23,990 | INFO | GET /components/sidebar.html -> 304 (18ms) [anonymous]
2026-10-08 10:53:24,022 | INFO | GET /components/navbar.html -> 304 (7ms) [anonymous]
2026-10-08 10:53:24,039 | INFO | GET /components/footer.html -> 304 (21ms) [anonymous]
2026-10-08 10:53:24,094 | INFO | GET /components/modals.html -> 304 (48ms) [anonymous]
2026-10-08 10:53:24,325 | INFO | GET /api/auth/notifications -> 200 (35ms) [jeeva]
2026-10-08 10:53:24,381 | INFO | GET /api/leads -> 200 (31ms) [jeeva]
2026-10-08 10:53:27,341 | INFO | CRM backend ready on http://0.0.0.0:5000
2026-10-08 10:53:30,462 | INFO | GET /api/leads/lead_2f8d3eba4432 -> 200 (1ms) [jeeva]
2026-10-08 10:53:37,149 | INFO | CRM backend ready on http://0.0.0.0:5000
2026-10-08 10:53:45,275 | INFO | GET /pages/followups.html -> 200 (1ms) [anonymous]
2026-10-08 10:53:45,480 | INFO | GET /js/auth.js -> 304 (3ms) [anonymous]
2026-10-08 10:53:45,497 | INFO | GET /css/style.css -> 304 (0ms) [anonymous]
2026-10-08 10:53:45,503 | INFO | GET /js/leads.js -> 304 (15ms) [anonymous]
2026-10-08 10:53:45,508 | INFO | GET /css/dashboard.css -> 304 (1ms) [anonymous]
2026-10-08 10:53:45,532 | INFO | GET /css/responsive.css -> 304 (13ms) [anonymous]
2026-10-08 10:53:45,675 | INFO | GET /components/sidebar.html -> 304 (14ms) [anonymous]
2026-10-08 10:53:45,691 | INFO | GET /components/navbar.html -> 304 (27ms) [anonymous]
2026-10-08 10:53:45,693 | INFO | GET /components/footer.html -> 304 (21ms) [anonymous]
2026-10-08 10:53:45,705 | INFO | GET /components/modals.html -> 304 (38ms) [anonymous]
2026-10-08 10:53:45,788 | INFO | GET /api/auth/notifications -> 200 (2ms) [jeeva]
2026-10-08 10:53:45,828 | INFO | GET /api/employees -> 200 (19ms) [jeeva]
2026-10-08 10:53:45,855 | INFO | GET /api/followups -> 200 (0ms) [jeeva]
2026-10-08 10:53:50,530 | INFO | CRM backend ready on http://0.0.0.0:5000
2026-10-08 10:53:52,695 | INFO | GET /pages/leads.html -> 304 (7ms) [anonymous]
2026-10-08 10:53:52,763 | INFO | GET /pages/leads.html -> 304 (9ms) [anonymous]
2026-10-08 10:53:52,968 | INFO | GET /js/auth.js -> 304 (30ms) [anonymous]
2026-10-08 10:53:53,011 | INFO | GET /js/leads.js -> 304 (11ms) [anonymous]
2026-10-08 10:53:53,013 | INFO | GET /css/style.css -> 304 (2ms) [anonymous]
2026-10-08 10:53:53,047 | INFO | GET /css/dashboard.css -> 304 (2ms) [anonymous]
2026-10-08 10:53:53,073 | INFO | GET /css/responsive.css -> 304 (10ms) [anonymous]
2026-10-08 10:53:53,290 | INFO | GET /components/sidebar.html -> 304 (13ms) [anonymous]
2026-10-08 10:53:53,386 | INFO | GET /components/navbar.html -> 304 (87ms) [anonymous]
2026-10-08 10:53:53,457 | INFO | GET /components/footer.html -> 304 (25ms) [anonymous]
2026-10-08 10:53:53,508 | INFO | GET /components/modals.html -> 304 (54ms) [anonymous]
2026-10-08 10:53:53,643 | INFO | GET /api/auth/notifications -> 200 (11ms) [jeeva]
2026-10-08 10:53:53,670 | INFO | GET /api/leads -> 200 (8ms) [jeeva]
2026-10-08 10:53:56,420 | INFO | CRM backend ready on http://0.0.0.0:5000
2026-10-08 10:53:58,645 | INFO | GET /api/leads/lead_2f8d3eba4432 -> 200 (1ms) [jeeva]
2026-10-08 10:54:05,587 | INFO | CRM backend ready on http://0.0.0.0:5000
2026-10-08 10:54:11,986 | INFO | CRM backend ready on http://0.0.0.0:5000
2026-10-08 10:54:18,209 | INFO | CRM backend ready on http://0.0.0.0:5000
2026-10-08 10:54:21,030 | INFO | POST /api/leads/lead_2f8d3eba4432/followups -> 201 (935ms) [jeeva]
2026-10-08 10:54:21,884 | INFO | GET /api/leads -> 200 (7ms) [jeeva]
2026-10-08 10:54:21,884 | INFO | GET /api/leads/lead_2f8d3eba4432 -> 200 (12ms) [jeeva]
2026-10-08 10:54:26,152 | INFO | CRM backend ready on http://0.0.0.0:5000
2026-10-08 10:54:28,240 | INFO | GET /pages/followups.html -> 304 (29ms) [anonymous]
2026-10-08 10:54:28,452 | INFO | GET /js/auth.js -> 304 (1ms) [anonymous]
2026-10-08 10:54:28,484 | INFO | GET /js/leads.js -> 304 (25ms) [anonymous]
2026-10-08 10:54:28,562 | INFO | GET /css/dashboard.css -> 304 (41ms) [anonymous]
2026-10-08 10:54:28,564 | INFO | GET /css/responsive.css -> 304 (17ms) [anonymous]
2026-10-08 10:54:28,586 | INFO | GET /css/style.css -> 304 (92ms) [anonymous]
2026-10-08 10:54:28,723 | INFO | GET /components/sidebar.html -> 304 (24ms) [anonymous]
2026-10-08 10:54:28,747 | INFO | GET /components/footer.html -> 304 (1ms) [anonymous]
2026-10-08 10:54:28,816 | INFO | GET /components/navbar.html -> 304 (17ms) [anonymous]
2026-10-08 10:54:28,855 | INFO | GET /components/modals.html -> 304 (3ms) [anonymous]
2026-10-08 10:54:29,015 | INFO | GET /api/followups -> 200 (2ms) [jeeva]
2026-10-08 10:54:29,019 | INFO | GET /api/auth/notifications -> 200 (2ms) [jeeva]
2026-10-08 10:54:29,069 | INFO | GET /api/employees -> 200 (2ms) [jeeva]
2026-10-08 10:54:36,723 | INFO | CRM backend ready on http://0.0.0.0:5000
2026-10-08 10:54:38,645 | INFO | GET /pages/login.html -> 304 (1ms) [anonymous]
2026-10-08 10:54:38,820 | INFO | GET /css/style.css -> 304 (19ms) [anonymous]
2026-10-08 10:54:38,822 | INFO | GET /js/auth.js -> 304 (38ms) [anonymous]
2026-10-08 10:54:38,873 | INFO | GET /css/responsive.css -> 304 (40ms) [anonymous]
2026-10-08 10:54:38,875 | INFO | GET /css/login.css -> 304 (34ms) [anonymous]
2026-10-08 10:54:43,462 | INFO | POST /api/auth/login -> 200 (767ms) [anonymous]
2026-10-08 10:54:46,569 | INFO | CRM backend ready on http://0.0.0.0:5000
2026-10-08 10:54:48,619 | INFO | GET /pages/admin-dashboard.html -> 304 (13ms) [anonymous]
2026-10-08 10:54:48,849 | INFO | GET /js/dashboard.js -> 304 (41ms) [anonymous]
2026-10-08 10:54:48,884 | INFO | GET /css/style.css -> 304 (1ms) [anonymous]
2026-10-08 10:54:48,939 | INFO | GET /js/auth.js -> 304 (82ms) [anonymous]
2026-10-08 10:54:48,944 | INFO | GET /css/dashboard.css -> 304 (51ms) [anonymous]
2026-10-08 10:54:48,977 | INFO | GET /css/responsive.css -> 304 (80ms) [anonymous]
2026-10-08 10:54:49,319 | INFO | GET /components/sidebar.html -> 304 (32ms) [anonymous]
2026-10-08 10:54:49,373 | INFO | GET /components/navbar.html -> 304 (24ms) [anonymous]
2026-10-08 10:54:49,379 | INFO | GET /components/footer.html -> 304 (2ms) [anonymous]
2026-10-08 10:54:49,417 | INFO | GET /components/modals.html -> 304 (32ms) [anonymous]
2026-10-08 10:54:49,865 | INFO | GET /api/auth/notifications -> 200 (2ms) [prasanna]
2026-10-08 10:54:49,880 | INFO | GET /api/reports/dashboard -> 200 (2ms) [prasanna]
2026-10-08 10:54:49,940 | INFO | GET /api/leads -> 200 (3ms) [prasanna]
2026-10-08 10:54:49,966 | INFO | GET /api/employees -> 200 (1ms) [prasanna]
2026-10-08 10:54:50,106 | INFO | GET /api/followups -> 200 (1ms) [prasanna]
2026-10-08 10:54:51,580 | INFO | GET /pages/followups.html -> 304 (1ms) [anonymous]
2026-10-08 10:54:51,724 | INFO | GET /js/auth.js -> 304 (7ms) [anonymous]
2026-10-08 10:54:51,735 | INFO | GET /css/style.css -> 304 (6ms) [anonymous]
2026-10-08 10:54:51,736 | INFO | GET /js/leads.js -> 304 (16ms) [anonymous]
2026-10-08 10:54:51,746 | INFO | GET /css/dashboard.css -> 304 (5ms) [anonymous]
2026-10-08 10:54:51,755 | INFO | GET /css/responsive.css -> 304 (2ms) [anonymous]
2026-10-08 10:54:52,009 | INFO | GET /components/sidebar.html -> 304 (1ms) [anonymous]
2026-10-08 10:54:52,026 | INFO | GET /components/navbar.html -> 304 (1ms) [anonymous]
2026-10-08 10:54:52,051 | INFO | GET /components/footer.html -> 304 (6ms) [anonymous]
2026-10-08 10:54:52,059 | INFO | GET /components/modals.html -> 304 (4ms) [anonymous]
2026-10-08 10:54:52,180 | INFO | GET /api/employees -> 200 (23ms) [prasanna]
2026-10-08 10:54:52,194 | INFO | GET /api/auth/notifications -> 200 (47ms) [prasanna]
2026-10-08 10:54:52,220 | INFO | GET /api/employees -> 200 (3ms) [prasanna]
2026-10-08 10:54:52,275 | INFO | GET /api/followups -> 200 (13ms) [prasanna]
2026-10-08 10:54:56,406 | INFO | CRM backend ready on http://0.0.0.0:5000
2026-10-08 10:54:58,772 | INFO | PUT /api/followups/fup_af9e1ebed0fa -> 200 (480ms) [prasanna]
2026-10-08 10:55:02,184 | INFO | CRM backend ready on http://0.0.0.0:5000
2026-10-08 10:55:04,661 | INFO | PUT /api/followups/fup_af9e1ebed0fa -> 200 (531ms) [prasanna]
2026-10-08 10:55:05,524 | INFO | PUT /api/followups/fup_af9e1ebed0fa -> 200 (1378ms) [prasanna]
2026-10-08 10:55:08,508 | INFO | CRM backend ready on http://0.0.0.0:5000
2026-10-08 10:55:10,870 | INFO | PUT /api/followups/fup_af9e1ebed0fa -> 200 (440ms) [prasanna]
2026-10-08 10:55:11,493 | INFO | PUT /api/followups/fup_af9e1ebed0fa -> 200 (1056ms) [prasanna]
2026-10-08 10:55:11,746 | INFO | PUT /api/followups/fup_af9e1ebed0fa -> 200 (1291ms) [prasanna]
2026-10-08 10:55:11,843 | INFO | GET /api/followups -> 200 (3ms) [prasanna]
2026-10-08 10:55:12,507 | INFO | GET /api/followups -> 200 (1ms) [prasanna]
2026-10-08 10:55:12,892 | INFO | GET /api/followups -> 200 (0ms) [prasanna]
2026-10-08 10:55:16,536 | INFO | CRM backend ready on http://0.0.0.0:5000
2026-10-08 10:55:21,417 | INFO | CRM backend ready on http://0.0.0.0:5000
2026-10-08 10:55:25,254 | INFO | CRM backend ready on http://0.0.0.0:5000
2026-10-08 10:55:30,919 | INFO | CRM backend ready on http://0.0.0.0:5000
2026-10-08 10:55:35,671 | INFO | CRM backend ready on http://0.0.0.0:5000
2026-10-08 10:55:40,702 | INFO | CRM backend ready on http://0.0.0.0:5000
2026-10-08 10:55:46,202 | INFO | CRM backend ready on http://0.0.0.0:5000
2026-10-08 10:55:50,818 | INFO | CRM backend ready on http://0.0.0.0:5000
2026-10-08 10:55:56,367 | INFO | CRM backend ready on http://0.0.0.0:5000
2026-10-08 10:55:58,001 | INFO | POST /api/auth/notifications -> 201 (200ms) [prasanna]
2026-10-08 10:56:01,097 | INFO | CRM backend ready on http://0.0.0.0:5000
2026-10-08 10:56:04,646 | INFO | GET /pages/login.html -> 304 (12ms) [anonymous]
2026-10-08 10:56:04,784 | INFO | GET /js/auth.js -> 304 (0ms) [anonymous]
2026-10-08 10:56:04,794 | INFO | GET /css/login.css -> 304 (0ms) [anonymous]
2026-10-08 10:56:04,801 | INFO | GET /css/style.css -> 304 (0ms) [anonymous]
2026-10-08 10:56:04,810 | INFO | GET /css/responsive.css -> 304 (0ms) [anonymous]
2026-10-08 10:56:06,700 | INFO | CRM backend ready on http://0.0.0.0:5000
2026-10-08 10:56:11,400 | INFO | CRM backend ready on http://0.0.0.0:5000
2026-10-08 10:56:16,048 | INFO | CRM backend ready on http://0.0.0.0:5000
2026-10-08 10:56:21,595 | INFO | CRM backend ready on http://0.0.0.0:5000
2026-10-08 10:56:26,334 | INFO | CRM backend ready on http://0.0.0.0:5000
2026-10-08 10:56:31,154 | INFO | CRM backend ready on http://0.0.0.0:5000
2026-10-08 10:56:32,494 | INFO | POST /api/auth/login -> 200 (323ms) [anonymous]
2026-10-08 10:56:32,920 | INFO | GET /pages/developer-dashboard.html -> 200 (0ms) [anonymous]
2026-10-08 10:56:33,176 | INFO | GET /css/style.css -> 304 (3ms) [anonymous]
2026-10-08 10:56:33,185 | INFO | GET /css/dashboard.css -> 304 (10ms) [anonymous]
2026-10-08 10:56:33,201 | INFO | GET /css/responsive.css -> 304 (20ms) [anonymous]
2026-10-08 10:56:33,216 | INFO | GET /js/dashboard.js -> 304 (12ms) [anonymous]
2026-10-08 10:56:33,227 | INFO | GET /js/auth.js -> 304 (17ms) [anonymous]
2026-10-08 10:56:33,424 | INFO | GET /components/sidebar.html -> 304 (0ms) [anonymous]
2026-10-08 10:56:33,429 | INFO | GET /components/navbar.html -> 304 (10ms) [anonymous]
2026-10-08 10:56:33,432 | INFO | GET /components/footer.html -> 304 (0ms) [anonymous]
2026-10-08 10:56:33,444 | INFO | GET /components/modals.html -> 304 (9ms) [anonymous]
2026-10-08 10:56:33,500 | INFO | GET /api/auth/notifications -> 200 (1ms) [logesh]
2026-10-08 10:56:33,577 | INFO | GET /api/reports/dashboard -> 200 (0ms) [logesh]
2026-10-08 10:56:33,580 | INFO | GET /api/projects -> 200 (51ms) [logesh]
2026-10-08 10:56:33,600 | INFO | GET /api/projects/tasks/all -> 200 (0ms) [logesh]
2026-10-08 10:56:33,615 | INFO | GET /api/followups -> 200 (0ms) [logesh]
2026-10-08 10:56:36,861 | INFO | CRM backend ready on http://0.0.0.0:5000
2026-10-08 10:56:42,160 | INFO | CRM backend ready on http://0.0.0.0:5000
2026-10-08 10:56:47,313 | INFO | CRM backend ready on http://0.0.0.0:5000
2026-10-08 10:56:51,496 | INFO | CRM backend ready on http://0.0.0.0:5000
2026-10-08 10:56:55,416 | INFO | CRM backend ready on http://0.0.0.0:5000
2026-10-08 10:57:00,289 | INFO | CRM backend ready on http://0.0.0.0:5000
2026-10-08 10:57:05,154 | INFO | CRM backend ready on http://0.0.0.0:5000
2026-10-08 10:57:10,821 | INFO | CRM backend ready on http://0.0.0.0:5000
2026-10-08 10:57:15,930 | INFO | CRM backend ready on http://0.0.0.0:5000
2026-10-08 11:10:17,853 | INFO | CRM backend ready on http://0.0.0.0:5000
2026-10-08 11:10:19,809 | INFO | CRM backend ready on http://0.0.0.0:5000
2026-10-08 11:15:47,688 | INFO | CRM backend ready on http://0.0.0.0:5000
2026-10-08 11:15:49,238 | INFO | CRM backend ready on http://0.0.0.0:5000
2026-10-08 11:15:56,099 | INFO | CRM backend ready on http://0.0.0.0:5000
2026-10-08 11:16:00,737 | INFO | CRM backend ready on http://0.0.0.0:5000
2026-10-08 11:16:01,837 | INFO | GET / -> 304 (35ms) [anonymous]
2026-10-08 11:16:01,922 | INFO | GET /css/style.css -> 304 (39ms) [anonymous]
2026-10-08 11:16:01,954 | INFO | GET /css/login.css -> 304 (2ms) [anonymous]
2026-10-08 11:16:01,966 | INFO | GET /css/responsive.css -> 304 (12ms) [anonymous]
2026-10-08 11:16:01,967 | INFO | GET /js/auth.js -> 304 (1ms) [anonymous]
2026-10-08 11:16:02,001 | INFO | GET /pages/admin-dashboard.html -> 304 (2ms) [anonymous]
2026-10-08 11:16:02,169 | INFO | GET /css/style.css -> 304 (7ms) [anonymous]
2026-10-08 11:16:02,174 | INFO | GET /css/dashboard.css -> 200 (25ms) [anonymous]
2026-10-08 11:16:02,197 | INFO | GET /css/responsive.css -> 304 (4ms) [anonymous]
2026-10-08 11:16:02,266 | INFO | GET /js/dashboard.js -> 200 (37ms) [anonymous]
2026-10-08 11:16:02,271 | INFO | GET /js/auth.js -> 304 (1ms) [anonymous]
2026-10-08 11:16:02,379 | INFO | GET /components/sidebar.html -> 200 (3ms) [anonymous]
2026-10-08 11:16:02,384 | INFO | GET /components/navbar.html -> 200 (2ms) [anonymous]
2026-10-08 11:16:02,393 | INFO | GET /components/modals.html -> 200 (6ms) [anonymous]
2026-10-08 11:16:02,394 | INFO | GET /components/footer.html -> 200 (10ms) [anonymous]
2026-10-08 11:16:02,449 | INFO | GET /api/auth/notifications -> 200 (2ms) [prasanna]
2026-10-08 11:16:02,457 | INFO | GET /api/reports/dashboard -> 200 (2ms) [prasanna]
2026-10-08 11:16:02,464 | INFO | GET /api/leads -> 200 (1ms) [prasanna]
2026-10-08 11:16:02,470 | INFO | GET /api/followups -> 200 (2ms) [prasanna]
2026-10-08 11:16:02,475 | INFO | GET /api/employees -> 200 (1ms) [prasanna]
2026-10-08 11:16:05,093 | INFO | CRM backend ready on http://0.0.0.0:5000
2026-10-08 11:16:10,510 | INFO | CRM backend ready on http://0.0.0.0:5000
2026-10-08 11:16:14,191 | INFO | GET /pages/developer-dashboard.html -> 304 (0ms) [anonymous]
2026-10-08 11:16:14,239 | INFO | GET /js/auth.js -> 304 (0ms) [anonymous]
2026-10-08 11:16:14,247 | INFO | GET /js/dashboard.js -> 304 (5ms) [anonymous]
2026-10-08 11:16:14,253 | INFO | GET /css/style.css -> 304 (0ms) [anonymous]
2026-10-08 11:16:14,259 | INFO | GET /css/dashboard.css -> 304 (3ms) [anonymous]
2026-10-08 11:16:14,267 | INFO | GET /css/responsive.css -> 304 (5ms) [anonymous]
2026-10-08 11:16:14,305 | INFO | GET /components/sidebar.html -> 304 (2ms) [anonymous]
2026-10-08 11:16:14,306 | INFO | GET /components/navbar.html -> 304 (2ms) [anonymous]
2026-10-08 11:16:14,313 | INFO | GET /components/footer.html -> 304 (5ms) [anonymous]
2026-10-08 11:16:14,317 | INFO | GET /components/modals.html -> 304 (8ms) [anonymous]
2026-10-08 11:16:14,345 | INFO | GET /api/auth/notifications -> 200 (2ms) [logesh]
2026-10-08 11:16:14,351 | INFO | GET /api/reports/dashboard -> 200 (1ms) [logesh]
2026-10-08 11:16:14,359 | INFO | GET /api/projects -> 200 (0ms) [logesh]
2026-10-08 11:16:14,366 | INFO | GET /api/followups -> 200 (1ms) [logesh]
2026-10-08 11:16:14,370 | INFO | GET /api/projects/tasks/all -> 200 (1ms) [logesh]
2026-10-08 11:16:15,933 | INFO | CRM backend ready on http://0.0.0.0:5000
2026-10-08 11:16:16,808 | INFO | GET /pages/developer-dashboard.html -> 304 (7ms) [anonymous]
2026-10-08 11:16:16,921 | INFO | GET /css/style.css -> 304 (29ms) [anonymous]
2026-10-08 11:16:16,925 | INFO | GET /css/dashboard.css -> 304 (10ms) [anonymous]
2026-10-08 11:16:16,945 | INFO | GET /css/responsive.css -> 304 (12ms) [anonymous]
2026-10-08 11:16:16,962 | INFO | GET /js/auth.js -> 304 (20ms) [anonymous]
2026-10-08 11:16:16,968 | INFO | GET /js/dashboard.js -> 304 (7ms) [anonymous]
2026-10-08 11:16:17,045 | INFO | GET /components/sidebar.html -> 304 (0ms) [anonymous]
2026-10-08 11:16:17,122 | INFO | GET /components/navbar.html -> 304 (54ms) [anonymous]
2026-10-08 11:16:17,125 | INFO | GET /components/footer.html -> 304 (0ms) [anonymous]
2026-10-08 11:16:17,129 | INFO | GET /components/modals.html -> 304 (20ms) [anonymous]
2026-10-08 11:16:17,220 | INFO | GET /api/auth/notifications -> 200 (1ms) [logesh]
2026-10-08 11:16:17,268 | INFO | GET /api/reports/dashboard -> 200 (0ms) [logesh]
2026-10-08 11:16:17,305 | INFO | GET /api/projects/tasks/all -> 200 (0ms) [logesh]
2026-10-08 11:16:17,317 | INFO | GET /api/projects -> 200 (0ms) [logesh]
2026-10-08 11:16:17,351 | INFO | GET /api/followups -> 200 (0ms) [logesh]
2026-10-08 11:16:21,185 | INFO | CRM backend ready on http://0.0.0.0:5000
2026-10-08 11:16:23,312 | INFO | GET / -> 304 (2ms) [anonymous]
2026-10-08 11:16:23,408 | INFO | GET /js/auth.js -> 304 (1ms) [anonymous]
2026-10-08 11:16:23,416 | INFO | GET /css/style.css -> 304 (6ms) [anonymous]
2026-10-08 11:16:23,425 | INFO | GET /css/responsive.css -> 304 (1ms) [anonymous]
2026-10-08 11:16:23,435 | INFO | GET /css/login.css -> 304 (7ms) [anonymous]
2026-10-08 11:16:23,476 | INFO | GET /pages/developer-dashboard.html -> 304 (0ms) [anonymous]
2026-10-08 11:16:23,533 | INFO | GET /css/style.css -> 304 (1ms) [anonymous]
2026-10-08 11:16:23,536 | INFO | GET /css/responsive.css -> 304 (1ms) [anonymous]
2026-10-08 11:16:23,549 | INFO | GET /js/auth.js -> 304 (8ms) [anonymous]
2026-10-08 11:16:23,550 | INFO | GET /js/dashboard.js -> 304 (3ms) [anonymous]
2026-10-08 11:16:23,561 | INFO | GET /css/dashboard.css -> 304 (4ms) [anonymous]
2026-10-08 11:16:23,576 | INFO | GET /components/sidebar.html -> 304 (0ms) [anonymous]
2026-10-08 11:16:23,585 | INFO | GET /components/navbar.html -> 304 (2ms) [anonymous]
2026-10-08 11:16:23,595 | INFO | GET /components/footer.html -> 304 (2ms) [anonymous]
2026-10-08 11:16:23,606 | INFO | GET /components/modals.html -> 304 (2ms) [anonymous]
2026-10-08 11:16:23,629 | INFO | GET /api/auth/notifications -> 200 (3ms) [logesh]
2026-10-08 11:16:23,636 | INFO | GET /api/reports/dashboard -> 200 (2ms) [logesh]
2026-10-08 11:16:23,644 | INFO | GET /api/projects -> 200 (1ms) [logesh]
2026-10-08 11:16:23,647 | INFO | GET /api/projects/tasks/all -> 200 (0ms) [logesh]
2026-10-08 11:16:23,651 | INFO | GET /api/followups -> 200 (0ms) [logesh]
2026-10-08 11:16:25,479 | INFO | CRM backend ready on http://0.0.0.0:5000
2026-10-08 11:16:27,532 | INFO | GET /pages/login.html -> 304 (2ms) [anonymous]
2026-10-08 11:16:27,627 | INFO | GET /js/auth.js -> 304 (0ms) [anonymous]
2026-10-08 11:16:27,638 | INFO | GET /css/style.css -> 304 (2ms) [anonymous]
2026-10-08 11:16:27,642 | INFO | GET /css/login.css -> 304 (4ms) [anonymous]
2026-10-08 11:16:27,643 | INFO | GET /css/responsive.css -> 304 (2ms) [anonymous]
2026-10-08 11:16:30,588 | INFO | CRM backend ready on http://0.0.0.0:5000
2026-10-08 11:16:35,871 | INFO | CRM backend ready on http://0.0.0.0:5000
2026-10-08 11:16:41,154 | INFO | CRM backend ready on http://0.0.0.0:5000
2026-10-08 11:16:43,791 | INFO | CRM backend ready on http://0.0.0.0:5000
2026-10-08 11:16:46,178 | INFO | CRM backend ready on http://0.0.0.0:5000
2026-10-08 11:16:49,485 | INFO | CRM backend ready on http://0.0.0.0:5000
2026-10-08 11:16:54,872 | INFO | CRM backend ready on http://0.0.0.0:5000
2026-10-08 11:16:59,103 | INFO | CRM backend ready on http://0.0.0.0:5000
2026-10-08 11:17:02,588 | INFO | CRM backend ready on http://0.0.0.0:5000
2026-10-08 11:17:06,196 | INFO | CRM backend ready on http://0.0.0.0:5000
2026-10-08 11:17:09,636 | INFO | CRM backend ready on http://0.0.0.0:5000
2026-10-08 11:17:15,507 | INFO | CRM backend ready on http://0.0.0.0:5000
2026-10-08 11:17:20,259 | INFO | CRM backend ready on http://0.0.0.0:5000
2026-10-08 11:17:27,217 | INFO | CRM backend ready on http://0.0.0.0:5000
2026-10-08 11:17:31,566 | INFO | CRM backend ready on http://0.0.0.0:5000
2026-10-08 11:17:35,092 | INFO | CRM backend ready on http://0.0.0.0:5000
2026-10-08 11:17:39,904 | INFO | CRM backend ready on http://0.0.0.0:5000
2026-10-08 11:17:44,330 | INFO | CRM backend ready on http://0.0.0.0:5000
2026-10-08 11:17:48,752 | INFO | CRM backend ready on http://0.0.0.0:5000
2026-10-08 11:17:52,166 | INFO | CRM backend ready on http://0.0.0.0:5000
2026-10-08 11:17:57,618 | INFO | CRM backend ready on http://0.0.0.0:5000
2026-10-08 11:18:02,639 | INFO | CRM backend ready on http://0.0.0.0:5000
2026-10-08 11:18:07,041 | INFO | CRM backend ready on http://0.0.0.0:5000
2026-10-08 11:18:11,827 | INFO | CRM backend ready on http://0.0.0.0:5000
2026-10-08 11:18:17,380 | INFO | CRM backend ready on http://0.0.0.0:5000
2026-10-08 11:18:21,899 | INFO | CRM backend ready on http://0.0.0.0:5000
2026-10-08 11:18:27,679 | INFO | CRM backend ready on http://0.0.0.0:5000
2026-10-08 11:18:29,574 | INFO | POST /api/auth/login -> 200 (631ms) [anonymous]
2026-10-08 11:18:33,022 | INFO | CRM backend ready on http://0.0.0.0:5000
2026-10-08 11:18:34,372 | INFO | GET / -> 200 (0ms) [anonymous]
2026-10-08 11:18:38,412 | INFO | CRM backend ready on http://0.0.0.0:5000
2026-10-08 11:18:43,083 | INFO | CRM backend ready on http://0.0.0.0:5000
2026-10-08 11:18:44,712 | INFO | GET /pages/employees.html -> 200 (0ms) [anonymous]
2026-10-08 11:18:44,739 | INFO | GET /pages/companies.html -> 200 (20ms) [anonymous]
2026-10-08 11:18:44,861 | INFO | GET /js/leads.js -> 200 (20ms) [anonymous]
2026-10-08 11:18:44,870 | INFO | GET /css/dashboard.css -> 304 (3ms) [anonymous]
2026-10-08 11:18:44,908 | INFO | GET /css/style.css -> 304 (44ms) [anonymous]
2026-10-08 11:18:44,919 | INFO | GET /css/responsive.css -> 304 (14ms) [anonymous]
2026-10-08 11:18:44,985 | INFO | GET /js/auth.js -> 304 (34ms) [anonymous]
2026-10-08 11:18:45,170 | INFO | GET /components/sidebar.html -> 304 (39ms) [anonymous]
2026-10-08 11:18:45,263 | INFO | GET /components/navbar.html -> 304 (91ms) [anonymous]
2026-10-08 11:18:45,294 | INFO | GET /components/footer.html -> 304 (102ms) [anonymous]
2026-10-08 11:18:45,299 | INFO | GET /components/modals.html -> 304 (0ms) [anonymous]
2026-10-08 11:18:45,398 | INFO | GET /api/auth/notifications -> 200 (12ms) [prasanna]
2026-10-08 11:18:45,417 | INFO | GET /api/companies -> 200 (0ms) [prasanna]
2026-10-08 11:18:48,302 | INFO | CRM backend ready on http://0.0.0.0:5000
2026-10-08 11:18:49,433 | INFO | GET /static/js/login.js -> 404 (1ms) [anonymous]
2026-10-08 11:18:52,905 | INFO | CRM backend ready on http://0.0.0.0:5000
2026-10-08 11:18:57,480 | INFO | CRM backend ready on http://0.0.0.0:5000
2026-10-08 11:18:58,869 | INFO | GET /js/auth.js -> 200 (0ms) [anonymous]
2026-10-08 11:18:58,900 | INFO | GET /pages/leads.html -> 200 (19ms) [anonymous]
2026-10-08 11:18:59,001 | INFO | GET /css/style.css -> 304 (10ms) [anonymous]
2026-10-08 11:18:59,043 | INFO | GET /css/dashboard.css -> 304 (35ms) [anonymous]
2026-10-08 11:18:59,075 | INFO | GET /js/leads.js -> 304 (17ms) [anonymous]
2026-10-08 11:18:59,076 | INFO | GET /css/responsive.css -> 304 (31ms) [anonymous]
2026-10-08 11:18:59,078 | INFO | GET /js/auth.js -> 304 (23ms) [anonymous]
2026-10-08 11:18:59,246 | INFO | GET /components/sidebar.html -> 304 (0ms) [anonymous]
2026-10-08 11:18:59,389 | INFO | GET /components/navbar.html -> 304 (0ms) [anonymous]
2026-10-08 11:18:59,471 | INFO | GET /components/footer.html -> 304 (30ms) [anonymous]
2026-10-08 11:18:59,539 | INFO | GET /components/modals.html -> 304 (18ms) [anonymous]
2026-10-08 11:18:59,780 | INFO | GET /api/auth/notifications -> 200 (2ms) [prasanna]
2026-10-08 11:18:59,819 | INFO | GET /api/leads -> 200 (1ms) [prasanna]
2026-10-08 11:19:03,494 | INFO | CRM backend ready on http://0.0.0.0:5000
2026-10-08 11:19:04,567 | INFO | GET /api/companies -> 200 (0ms) [prasanna]
2026-10-08 11:19:04,607 | INFO | GET /api/employees -> 200 (3ms) [prasanna]
2026-10-08 11:19:08,037 | INFO | CRM backend ready on http://0.0.0.0:5000
2026-10-08 11:19:09,169 | INFO | GET /api/employees -> 200 (0ms) [prasanna]
2026-10-08 11:19:12,743 | INFO | CRM backend ready on http://0.0.0.0:5000
2026-10-08 11:19:13,797 | INFO | GET /js/login.js -> 404 (2ms) [anonymous]
2026-10-08 11:19:18,359 | INFO | CRM backend ready on http://0.0.0.0:5000
2026-10-08 11:19:22,716 | INFO | CRM backend ready on http://0.0.0.0:5000
2026-10-08 11:19:28,276 | INFO | CRM backend ready on http://0.0.0.0:5000
2026-10-08 11:19:32,873 | INFO | CRM backend ready on http://0.0.0.0:5000
2026-10-08 11:19:38,259 | INFO | CRM backend ready on http://0.0.0.0:5000
2026-10-08 11:19:42,922 | INFO | CRM backend ready on http://0.0.0.0:5000
2026-10-08 11:19:48,990 | INFO | CRM backend ready on http://0.0.0.0:5000
2026-10-08 11:19:53,746 | INFO | CRM backend ready on http://0.0.0.0:5000
2026-10-08 11:19:58,066 | INFO | CRM backend ready on http://0.0.0.0:5000
2026-10-08 11:20:03,559 | INFO | CRM backend ready on http://0.0.0.0:5000
2026-10-08 11:20:09,095 | INFO | CRM backend ready on http://0.0.0.0:5000
2026-10-08 11:20:13,762 | INFO | CRM backend ready on http://0.0.0.0:5000
2026-10-08 11:20:14,857 | INFO | GET /pages/reports.html -> 200 (12ms) [anonymous]
2026-10-08 11:20:14,879 | INFO | GET /pages/reports.html -> 200 (10ms) [anonymous]
2026-10-08 11:20:14,974 | INFO | GET /js/reports.js -> 200 (30ms) [anonymous]
2026-10-08 11:20:14,975 | INFO | GET /css/style.css -> 304 (10ms) [anonymous]
2026-10-08 11:20:15,058 | INFO | GET /css/dashboard.css -> 304 (35ms) [anonymous]
2026-10-08 11:20:15,068 | INFO | GET /css/responsive.css -> 304 (13ms) [anonymous]
2026-10-08 11:20:15,135 | INFO | GET /js/auth.js -> 304 (3ms) [anonymous]
2026-10-08 11:20:15,290 | INFO | GET /components/footer.html -> 304 (0ms) [anonymous]
2026-10-08 11:20:15,320 | INFO | GET /components/sidebar.html -> 304 (50ms) [anonymous]
2026-10-08 11:20:15,321 | INFO | GET /components/navbar.html -> 304 (48ms) [anonymous]
2026-10-08 11:20:15,292 | INFO | GET /components/modals.html -> 304 (1ms) [anonymous]
2026-10-08 11:20:15,487 | INFO | GET /api/auth/notifications -> 200 (2ms) [prasanna]
2026-10-08 11:20:15,489 | INFO | GET /api/reports/dashboard -> 200 (1ms) [prasanna]
2026-10-08 11:20:15,491 | INFO | GET /api/reports/summary -> 200 (0ms) [prasanna]
2026-10-08 11:20:15,571 | INFO | GET /api/reports/activity -> 200 (0ms) [prasanna]
2026-10-08 11:20:15,579 | INFO | GET /api/reports/export -> 200 (0ms) [prasanna]
2026-10-08 11:20:15,885 | INFO | GET /api/reports/monthly -> 200 (347ms) [prasanna]
2026-10-08 11:20:16,196 | INFO | GET /api/reports/powerbi -> 200 (594ms) [prasanna]
2026-10-08 11:20:18,793 | INFO | CRM backend ready on http://0.0.0.0:5000
2026-10-08 11:20:20,574 | INFO | GET /pages/projects.html -> 200 (0ms) [anonymous]
2026-10-08 11:20:20,613 | INFO | GET /css/style.css -> 304 (0ms) [anonymous]
2026-10-08 11:20:20,621 | INFO | GET /js/projects.js -> 200 (6ms) [anonymous]
2026-10-08 11:20:20,636 | INFO | GET /js/auth.js -> 304 (0ms) [anonymous]
2026-10-08 11:20:20,637 | INFO | GET /css/dashboard.css -> 304 (2ms) [anonymous]
2026-10-08 11:20:20,646 | INFO | GET /css/responsive.css -> 304 (7ms) [anonymous]
2026-10-08 11:20:20,692 | INFO | GET /components/sidebar.html -> 304 (0ms) [anonymous]
2026-10-08 11:20:20,696 | INFO | GET /components/footer.html -> 304 (0ms) [anonymous]
2026-10-08 11:20:20,697 | INFO | GET /components/navbar.html -> 304 (2ms) [anonymous]
2026-10-08 11:20:20,704 | INFO | GET /components/modals.html -> 304 (3ms) [anonymous]
2026-10-08 11:20:20,754 | INFO | GET /api/auth/notifications -> 200 (4ms) [prasanna]
2026-10-08 11:20:20,776 | INFO | GET /api/employees -> 200 (5ms) [prasanna]
2026-10-08 11:20:20,777 | INFO | GET /api/companies -> 200 (0ms) [prasanna]
2026-10-08 11:20:20,780 | INFO | GET /api/developers -> 200 (0ms) [prasanna]
2026-10-08 11:20:20,806 | INFO | GET /api/projects -> 200 (0ms) [prasanna]
2026-10-08 11:20:23,752 | INFO | CRM backend ready on http://0.0.0.0:5000
2026-10-08 11:20:28,478 | INFO | CRM backend ready on http://0.0.0.0:5000
2026-10-08 11:20:33,927 | INFO | CRM backend ready on http://0.0.0.0:5000
2026-10-08 11:20:38,794 | INFO | CRM backend ready on http://0.0.0.0:5000
2026-10-08 11:20:43,667 | INFO | CRM backend ready on http://0.0.0.0:5000
2026-10-08 11:20:49,410 | INFO | CRM backend ready on http://0.0.0.0:5000
2026-10-08 11:20:54,018 | INFO | CRM backend ready on http://0.0.0.0:5000
2026-10-08 11:20:59,883 | INFO | CRM backend ready on http://0.0.0.0:5000
2026-10-08 11:21:04,208 | INFO | CRM backend ready on http://0.0.0.0:5000
2026-10-08 11:21:09,292 | INFO | CRM backend ready on http://0.0.0.0:5000
2026-10-08 11:21:14,495 | INFO | CRM backend ready on http://0.0.0.0:5000
2026-10-08 11:21:19,691 | INFO | CRM backend ready on http://0.0.0.0:5000
2026-10-08 11:21:25,035 | INFO | CRM backend ready on http://0.0.0.0:5000
2026-10-08 11:21:30,148 | INFO | CRM backend ready on http://0.0.0.0:5000
2026-10-08 11:21:34,876 | INFO | CRM backend ready on http://0.0.0.0:5000
2026-10-08 11:21:39,664 | INFO | CRM backend ready on http://0.0.0.0:5000
2026-10-08 11:21:43,452 | INFO | CRM backend ready on http://0.0.0.0:5000
2026-10-08 11:21:47,810 | INFO | CRM backend ready on http://0.0.0.0:5000
2026-10-08 11:21:52,791 | INFO | CRM backend ready on http://0.0.0.0:5000
2026-10-08 11:21:56,027 | INFO | CRM backend ready on http://0.0.0.0:5000
2026-10-08 11:22:00,893 | INFO | CRM backend ready on http://0.0.0.0:5000
2026-10-08 11:22:05,088 | INFO | CRM backend ready on http://0.0.0.0:5000
2026-10-08 11:22:08,982 | INFO | CRM backend ready on http://0.0.0.0:5000
2026-10-08 11:22:13,339 | INFO | CRM backend ready on http://0.0.0.0:5000
2026-10-08 11:22:17,150 | INFO | CRM backend ready on http://0.0.0.0:5000
2026-10-08 11:22:20,257 | INFO | CRM backend ready on http://0.0.0.0:5000
2026-10-08 11:22:24,062 | INFO | CRM backend ready on http://0.0.0.0:5000
2026-10-08 11:22:27,992 | INFO | CRM backend ready on http://0.0.0.0:5000
2026-10-08 11:22:33,032 | INFO | CRM backend ready on http://0.0.0.0:5000
2026-10-08 11:22:38,041 | INFO | CRM backend ready on http://0.0.0.0:5000
2026-10-08 11:22:42,141 | INFO | CRM backend ready on http://0.0.0.0:5000
2026-10-08 11:22:46,099 | INFO | CRM backend ready on http://0.0.0.0:5000
2026-10-08 11:22:50,410 | INFO | CRM backend ready on http://0.0.0.0:5000
2026-10-08 11:22:54,081 | INFO | CRM backend ready on http://0.0.0.0:5000
2026-10-08 11:22:59,399 | INFO | CRM backend ready on http://0.0.0.0:5000
2026-10-08 11:23:04,727 | INFO | CRM backend ready on http://0.0.0.0:5000
2026-10-08 11:23:09,865 | INFO | CRM backend ready on http://0.0.0.0:5000
2026-10-08 11:23:14,848 | INFO | CRM backend ready on http://0.0.0.0:5000
2026-10-08 11:23:20,040 | INFO | CRM backend ready on http://0.0.0.0:5000
2026-10-08 11:23:25,112 | INFO | CRM backend ready on http://0.0.0.0:5000
2026-10-08 11:23:30,269 | INFO | CRM backend ready on http://0.0.0.0:5000
2026-10-08 11:23:35,359 | INFO | CRM backend ready on http://0.0.0.0:5000
2026-10-08 11:23:40,177 | INFO | CRM backend ready on http://0.0.0.0:5000
2026-10-08 11:23:45,032 | INFO | CRM backend ready on http://0.0.0.0:5000
2026-10-08 11:23:50,304 | INFO | CRM backend ready on http://0.0.0.0:5000
2026-10-08 11:23:55,350 | INFO | CRM backend ready on http://0.0.0.0:5000
2026-10-08 11:24:00,370 | INFO | CRM backend ready on http://0.0.0.0:5000
2026-10-08 11:24:05,947 | INFO | CRM backend ready on http://0.0.0.0:5000
2026-10-08 11:24:12,248 | INFO | CRM backend ready on http://0.0.0.0:5000
2026-10-08 11:24:17,371 | INFO | CRM backend ready on http://0.0.0.0:5000
2026-10-08 11:24:22,540 | INFO | CRM backend ready on http://0.0.0.0:5000
2026-10-08 11:24:27,609 | INFO | CRM backend ready on http://0.0.0.0:5000
2026-10-08 11:24:32,749 | INFO | CRM backend ready on http://0.0.0.0:5000
2026-10-08 11:24:37,997 | INFO | CRM backend ready on http://0.0.0.0:5000
2026-10-08 11:24:43,156 | INFO | CRM backend ready on http://0.0.0.0:5000
2026-10-08 11:24:48,358 | INFO | CRM backend ready on http://0.0.0.0:5000
2026-10-08 11:24:53,471 | INFO | CRM backend ready on http://0.0.0.0:5000
2026-10-08 11:24:59,403 | INFO | CRM backend ready on http://0.0.0.0:5000
2026-10-08 11:25:03,246 | INFO | CRM backend ready on http://0.0.0.0:5000
2026-10-08 11:25:08,380 | INFO | CRM backend ready on http://0.0.0.0:5000
2026-10-08 11:25:10,694 | INFO | GET /pages/reports.html -> 304 (0ms) [anonymous]
2026-10-08 11:25:10,733 | INFO | GET /css/dashboard.css -> 304 (1ms) [anonymous]
2026-10-08 11:25:10,738 | INFO | GET /css/style.css -> 304 (0ms) [anonymous]
2026-10-08 11:25:10,749 | INFO | GET /js/auth.js -> 304 (0ms) [anonymous]
2026-10-08 11:25:10,744 | INFO | GET /css/responsive.css -> 304 (0ms) [anonymous]
2026-10-08 11:25:10,755 | INFO | GET /js/reports.js -> 304 (1ms) [anonymous]
2026-10-08 11:25:10,835 | INFO | GET /components/footer.html -> 304 (0ms) [anonymous]
2026-10-08 11:25:10,837 | INFO | GET /components/sidebar.html -> 304 (9ms) [anonymous]
2026-10-08 11:25:10,850 | INFO | GET /components/modals.html -> 304 (10ms) [anonymous]
2026-10-08 11:25:10,857 | INFO | GET /components/navbar.html -> 304 (24ms) [anonymous]
2026-10-08 11:25:10,922 | INFO | GET /api/auth/notifications -> 200 (8ms) [prasanna]
2026-10-08 11:25:10,945 | INFO | GET /api/reports/summary -> 200 (2ms) [prasanna]
2026-10-08 11:25:10,961 | INFO | GET /api/reports/export -> 200 (0ms) [prasanna]
2026-10-08 11:25:10,968 | INFO | GET /api/reports/dashboard -> 200 (20ms) [prasanna]
2026-10-08 11:25:10,980 | INFO | GET /api/reports/activity -> 200 (11ms) [prasanna]
2026-10-08 11:25:11,311 | INFO | GET /api/reports/monthly -> 200 (348ms) [prasanna]
2026-10-08 11:25:12,966 | INFO | CRM backend ready on http://0.0.0.0:5000
2026-10-08 11:25:14,738 | INFO | GET /pages/employees.html -> 200 (3ms) [anonymous]
2026-10-08 11:25:14,777 | INFO | GET /js/employees.js -> 200 (1ms) [anonymous]
2026-10-08 11:25:14,788 | INFO | GET /css/style.css -> 304 (2ms) [anonymous]
2026-10-08 11:25:14,803 | INFO | GET /css/responsive.css -> 304 (7ms) [anonymous]
2026-10-08 11:25:14,793 | INFO | GET /css/dashboard.css -> 304 (0ms) [anonymous]
2026-10-08 11:25:14,813 | INFO | GET /js/auth.js -> 304 (12ms) [anonymous]
2026-10-08 11:25:14,849 | INFO | GET /components/navbar.html -> 304 (1ms) [anonymous]
2026-10-08 11:25:14,851 | INFO | GET /components/sidebar.html -> 304 (0ms) [anonymous]
2026-10-08 11:25:14,860 | INFO | GET /components/footer.html -> 304 (3ms) [anonymous]
2026-10-08 11:25:14,866 | INFO | GET /components/modals.html -> 304 (0ms) [anonymous]
2026-10-08 11:25:14,975 | INFO | GET /api/auth/notifications -> 200 (12ms) [prasanna]
2026-10-08 11:25:14,977 | INFO | GET /api/roles -> 200 (1ms) [prasanna]
2026-10-08 11:25:15,018 | INFO | GET /api/employees -> 200 (0ms) [prasanna]
2026-10-08 11:25:15,039 | INFO | GET /api/employees -> 200 (12ms) [prasanna]
2026-10-08 11:25:15,217 | INFO | GET /login -> 404 (0ms) [anonymous]
2026-10-08 11:25:18,528 | INFO | CRM backend ready on http://0.0.0.0:5000
2026-10-08 11:25:19,796 | INFO | GET /pages/projects.html -> 304 (1ms) [anonymous]
2026-10-08 11:25:19,797 | INFO | GET /pages/projects.html -> 200 (3ms) [anonymous]
2026-10-08 11:25:22,043 | INFO | CRM backend ready on http://0.0.0.0:5000
2026-10-08 11:25:23,422 | INFO | GET /css/style.css -> 304 (8ms) [anonymous]
2026-10-08 11:25:23,437 | INFO | GET /css/dashboard.css -> 304 (6ms) [anonymous]
2026-10-08 11:25:23,475 | INFO | GET /css/responsive.css -> 304 (17ms) [anonymous]
2026-10-08 11:25:23,502 | INFO | GET /js/auth.js -> 304 (3ms) [anonymous]
2026-10-08 11:25:23,523 | INFO | GET /js/projects.js -> 304 (0ms) [anonymous]
2026-10-08 11:25:23,627 | INFO | GET /components/sidebar.html -> 304 (2ms) [anonymous]
2026-10-08 11:25:23,673 | INFO | GET /components/footer.html -> 304 (7ms) [anonymous]
2026-10-08 11:25:23,736 | INFO | GET /components/navbar.html -> 304 (92ms) [anonymous]
2026-10-08 11:25:23,770 | INFO | GET /components/modals.html -> 304 (94ms) [anonymous]
2026-10-08 11:25:23,891 | INFO | GET /api/auth/notifications -> 200 (2ms) [prasanna]
2026-10-08 11:25:23,893 | INFO | GET /api/companies -> 200 (0ms) [prasanna]
2026-10-08 11:25:23,958 | INFO | GET /api/employees -> 200 (0ms) [prasanna]
2026-10-08 11:25:23,996 | INFO | GET /api/developers -> 200 (0ms) [prasanna]
2026-10-08 11:25:24,110 | INFO | GET /api/projects -> 200 (0ms) [prasanna]
2026-10-08 11:25:26,150 | INFO | CRM backend ready on http://0.0.0.0:5000
2026-10-08 11:25:29,666 | INFO | CRM backend ready on http://0.0.0.0:5000
2026-10-08 11:25:31,004 | INFO | GET /pages/leads.html -> 304 (15ms) [anonymous]
2026-10-08 11:25:31,043 | INFO | GET /css/responsive.css -> 304 (0ms) [anonymous]
2026-10-08 11:25:31,045 | INFO | GET /css/dashboard.css -> 304 (4ms) [anonymous]
2026-10-08 11:25:31,064 | INFO | GET /js/leads.js -> 304 (13ms) [anonymous]
2026-10-08 11:25:31,053 | INFO | GET /js/auth.js -> 304 (5ms) [anonymous]
2026-10-08 11:25:31,058 | INFO | GET /css/style.css -> 304 (14ms) [anonymous]
2026-10-08 11:25:31,129 | INFO | GET /components/sidebar.html -> 304 (0ms) [anonymous]
2026-10-08 11:25:31,143 | INFO | GET /components/footer.html -> 304 (1ms) [anonymous]
2026-10-08 11:25:31,151 | INFO | GET /components/navbar.html -> 304 (11ms) [anonymous]
2026-10-08 11:25:31,156 | INFO | GET /components/modals.html -> 304 (3ms) [anonymous]
2026-10-08 11:25:31,208 | INFO | GET /api/leads -> 200 (2ms) [prasanna]
2026-10-08 11:25:31,211 | INFO | GET /api/auth/notifications -> 200 (1ms) [prasanna]
2026-10-08 11:25:33,776 | INFO | CRM backend ready on http://0.0.0.0:5000
2026-10-08 11:25:38,393 | INFO | CRM backend ready on http://0.0.0.0:5000
2026-10-08 11:25:43,930 | INFO | CRM backend ready on http://0.0.0.0:5000
2026-10-08 11:25:48,328 | INFO | CRM backend ready on http://0.0.0.0:5000
2026-10-08 11:25:51,381 | INFO | GET /api/leads/lead_1b86953f637d -> 200 (0ms) [prasanna]
2026-10-08 11:25:53,755 | INFO | CRM backend ready on http://0.0.0.0:5000
2026-10-08 11:25:59,963 | INFO | CRM backend ready on http://0.0.0.0:5000
2026-10-08 11:26:03,568 | INFO | CRM backend ready on http://0.0.0.0:5000
2026-10-08 11:26:09,455 | INFO | CRM backend ready on http://0.0.0.0:5000
2026-10-08 11:26:10,548 | INFO | GET /pages/login.html -> 200 (26ms) [anonymous]
2026-10-08 11:26:10,586 | INFO | GET /css/login.css -> 304 (0ms) [anonymous]
2026-10-08 11:26:10,596 | INFO | GET /css/style.css -> 304 (11ms) [anonymous]
2026-10-08 11:26:10,627 | INFO | GET /js/auth.js -> 304 (21ms) [anonymous]
2026-10-08 11:26:10,660 | INFO | GET /css/responsive.css -> 304 (72ms) [anonymous]
2026-10-08 11:26:14,012 | INFO | CRM backend ready on http://0.0.0.0:5000
2026-10-08 11:26:18,723 | INFO | CRM backend ready on http://0.0.0.0:5000
2026-10-08 11:26:24,215 | INFO | CRM backend ready on http://0.0.0.0:5000
2026-10-08 11:26:28,895 | INFO | CRM backend ready on http://0.0.0.0:5000
2026-10-08 11:26:34,585 | INFO | CRM backend ready on http://0.0.0.0:5000
2026-10-08 11:26:36,106 | INFO | POST /api/auth/login -> 200 (307ms) [anonymous]
2026-10-08 11:26:36,481 | INFO | GET /pages/employee-dashboard.html -> 200 (0ms) [anonymous]
2026-10-08 11:26:36,519 | INFO | GET /css/style.css -> 304 (0ms) [anonymous]
2026-10-08 11:26:36,534 | INFO | GET /js/auth.js -> 304 (10ms) [anonymous]
2026-10-08 11:26:36,537 | INFO | GET /css/responsive.css -> 304 (12ms) [anonymous]
2026-10-08 11:26:36,537 | INFO | GET /css/dashboard.css -> 304 (16ms) [anonymous]
2026-10-08 11:26:36,541 | INFO | GET /js/dashboard.js -> 304 (5ms) [anonymous]
2026-10-08 11:26:36,606 | INFO | GET /components/sidebar.html -> 304 (5ms) [anonymous]
2026-10-08 11:26:36,615 | INFO | GET /components/footer.html -> 304 (7ms) [anonymous]
2026-10-08 11:26:36,613 | INFO | GET /components/modals.html -> 304 (1ms) [anonymous]
2026-10-08 11:26:36,611 | INFO | GET /components/navbar.html -> 304 (8ms) [anonymous]
2026-10-08 11:26:36,669 | INFO | GET /api/auth/notifications -> 200 (6ms) [jeeva]
2026-10-08 11:26:36,695 | INFO | GET /api/followups -> 200 (0ms) [jeeva]
2026-10-08 11:26:36,697 | INFO | GET /api/reports/dashboard -> 200 (12ms) [jeeva]
2026-10-08 11:26:36,699 | INFO | GET /api/leads -> 200 (11ms) [jeeva]
2026-10-08 11:26:40,033 | INFO | CRM backend ready on http://0.0.0.0:5000
2026-10-08 11:26:41,823 | INFO | GET / -> 200 (2ms) [anonymous]
2026-10-08 11:26:42,603 | INFO | GET /pages/leads.html -> 304 (15ms) [anonymous]
2026-10-08 11:26:42,706 | INFO | GET /css/style.css -> 304 (24ms) [anonymous]
2026-10-08 11:26:42,717 | INFO | GET /css/responsive.css -> 304 (6ms) [anonymous]
2026-10-08 11:26:42,720 | INFO | GET /css/dashboard.css -> 304 (16ms) [anonymous]
2026-10-08 11:26:42,722 | INFO | GET /js/auth.js -> 304 (0ms) [anonymous]
2026-10-08 11:26:42,736 | INFO | GET /js/leads.js -> 304 (12ms) [anonymous]
2026-10-08 11:26:42,960 | INFO | GET /components/sidebar.html -> 304 (1ms) [anonymous]
2026-10-08 11:26:42,974 | INFO | GET /components/footer.html -> 304 (0ms) [anonymous]
2026-10-08 11:26:42,988 | INFO | GET /components/navbar.html -> 304 (16ms) [anonymous]
2026-10-08 11:26:42,994 | INFO | GET /components/modals.html -> 304 (1ms) [anonymous]
2026-10-08 11:26:45,159 | INFO | CRM backend ready on http://0.0.0.0:5000
2026-10-08 11:26:46,195 | INFO | GET /api/leads -> 200 (1ms) [jeeva]
2026-10-08 11:26:46,200 | INFO | GET /api/auth/notifications -> 200 (1ms) [jeeva]
2026-10-08 11:26:49,835 | INFO | CRM backend ready on http://0.0.0.0:5000
2026-10-08 11:26:54,341 | INFO | CRM backend ready on http://0.0.0.0:5000
2026-10-08 11:26:57,350 | INFO | GET /api/leads/lead_2f8d3eba4432 -> 200 (0ms) [jeeva]
2026-10-08 11:26:59,222 | INFO | CRM backend ready on http://0.0.0.0:5000
2026-10-08 11:27:03,001 | INFO | CRM backend ready on http://0.0.0.0:5000
2026-10-08 11:27:06,269 | INFO | CRM backend ready on http://0.0.0.0:5000
2026-10-08 11:27:09,947 | INFO | CRM backend ready on http://0.0.0.0:5000
2026-10-08 11:27:14,404 | INFO | CRM backend ready on http://0.0.0.0:5000
2026-10-08 11:27:17,936 | INFO | CRM backend ready on http://0.0.0.0:5000
2026-10-08 11:27:21,437 | INFO | CRM backend ready on http://0.0.0.0:5000
2026-10-08 11:27:24,778 | INFO | CRM backend ready on http://0.0.0.0:5000
2026-10-08 11:27:27,151 | INFO | CRM backend ready on http://0.0.0.0:5000
2026-10-08 11:27:29,466 | INFO | CRM backend ready on http://0.0.0.0:5000
2026-10-08 11:27:34,949 | INFO | CRM backend ready on http://0.0.0.0:5000
2026-10-08 11:27:38,368 | INFO | CRM backend ready on http://0.0.0.0:5000
2026-10-08 11:27:41,732 | INFO | CRM backend ready on http://0.0.0.0:5000
2026-10-08 11:27:45,053 | INFO | CRM backend ready on http://0.0.0.0:5000
2026-10-08 11:27:47,607 | INFO | CRM backend ready on http://0.0.0.0:5000
2026-10-08 11:27:50,023 | INFO | CRM backend ready on http://0.0.0.0:5000
2026-10-08 11:27:55,422 | INFO | CRM backend ready on http://0.0.0.0:5000
2026-10-08 11:27:59,872 | INFO | CRM backend ready on http://0.0.0.0:5000
2026-10-08 11:28:05,269 | INFO | CRM backend ready on http://0.0.0.0:5000
2026-10-08 11:28:10,784 | INFO | CRM backend ready on http://0.0.0.0:5000
2026-10-08 11:28:14,338 | INFO | CRM backend ready on http://0.0.0.0:5000
2026-10-08 11:28:17,788 | INFO | CRM backend ready on http://0.0.0.0:5000
2026-10-08 11:28:21,210 | INFO | CRM backend ready on http://0.0.0.0:5000
2026-10-08 11:28:25,578 | INFO | CRM backend ready on http://0.0.0.0:5000
2026-10-08 11:28:29,053 | INFO | CRM backend ready on http://0.0.0.0:5000
2026-10-08 11:28:33,334 | INFO | CRM backend ready on http://0.0.0.0:5000
2026-10-08 11:28:37,937 | INFO | CRM backend ready on http://0.0.0.0:5000
2026-10-08 11:28:41,449 | INFO | CRM backend ready on http://0.0.0.0:5000
2026-10-08 11:28:45,736 | INFO | CRM backend ready on http://0.0.0.0:5000
2026-10-08 11:28:49,199 | INFO | CRM backend ready on http://0.0.0.0:5000
2026-10-08 11:28:53,414 | INFO | CRM backend ready on http://0.0.0.0:5000
2026-10-08 11:28:56,871 | INFO | CRM backend ready on http://0.0.0.0:5000
2026-10-08 11:29:01,274 | INFO | CRM backend ready on http://0.0.0.0:5000
2026-10-08 11:29:04,682 | INFO | CRM backend ready on http://0.0.0.0:5000
2026-10-08 11:29:09,167 | INFO | CRM backend ready on http://0.0.0.0:5000
2026-10-08 11:29:13,911 | INFO | CRM backend ready on http://0.0.0.0:5000
2026-10-08 11:29:17,572 | INFO | CRM backend ready on http://0.0.0.0:5000
2026-10-08 11:29:20,900 | INFO | CRM backend ready on http://0.0.0.0:5000
2026-10-08 11:29:24,219 | INFO | CRM backend ready on http://0.0.0.0:5000
2026-10-08 11:29:28,761 | INFO | CRM backend ready on http://0.0.0.0:5000
2026-10-08 11:29:31,220 | INFO | CRM backend ready on http://0.0.0.0:5000
2026-10-08 11:29:34,612 | INFO | CRM backend ready on http://0.0.0.0:5000
2026-10-08 11:29:39,131 | INFO | CRM backend ready on http://0.0.0.0:5000
2026-10-08 11:29:41,599 | INFO | CRM backend ready on http://0.0.0.0:5000
2026-10-08 11:29:45,069 | INFO | CRM backend ready on http://0.0.0.0:5000
2026-10-08 11:29:49,569 | INFO | CRM backend ready on http://0.0.0.0:5000
2026-10-08 11:29:54,976 | INFO | CRM backend ready on http://0.0.0.0:5000
2026-10-08 11:29:59,392 | INFO | CRM backend ready on http://0.0.0.0:5000
2026-10-08 11:30:04,878 | INFO | CRM backend ready on http://0.0.0.0:5000
2026-10-08 11:30:10,543 | INFO | CRM backend ready on http://0.0.0.0:5000
2026-10-08 11:30:15,239 | INFO | CRM backend ready on http://0.0.0.0:5000
2026-10-08 11:30:20,586 | INFO | CRM backend ready on http://0.0.0.0:5000
2026-10-08 11:30:25,072 | INFO | CRM backend ready on http://0.0.0.0:5000
2026-10-08 11:30:30,580 | INFO | CRM backend ready on http://0.0.0.0:5000
2026-10-08 11:30:34,847 | INFO | CRM backend ready on http://0.0.0.0:5000
2026-10-08 11:30:40,416 | INFO | CRM backend ready on http://0.0.0.0:5000
2026-10-08 11:30:45,944 | INFO | CRM backend ready on http://0.0.0.0:5000
2026-10-08 11:30:50,522 | INFO | CRM backend ready on http://0.0.0.0:5000
2026-10-08 11:30:56,043 | INFO | CRM backend ready on http://0.0.0.0:5000
2026-10-08 11:31:01,376 | INFO | CRM backend ready on http://0.0.0.0:5000
2026-10-08 11:31:05,823 | INFO | CRM backend ready on http://0.0.0.0:5000
2026-10-08 11:31:11,442 | INFO | CRM backend ready on http://0.0.0.0:5000
2026-10-08 11:31:16,073 | INFO | CRM backend ready on http://0.0.0.0:5000
2026-10-08 11:31:21,433 | INFO | CRM backend ready on http://0.0.0.0:5000
2026-10-08 11:31:25,927 | INFO | CRM backend ready on http://0.0.0.0:5000
2026-10-08 11:31:31,446 | INFO | CRM backend ready on http://0.0.0.0:5000
2026-10-08 11:31:36,922 | INFO | CRM backend ready on http://0.0.0.0:5000
2026-10-08 11:31:41,234 | INFO | CRM backend ready on http://0.0.0.0:5000
2026-10-08 11:31:46,590 | INFO | CRM backend ready on http://0.0.0.0:5000
2026-10-08 11:31:52,155 | INFO | CRM backend ready on http://0.0.0.0:5000
2026-10-08 11:31:56,595 | INFO | CRM backend ready on http://0.0.0.0:5000
2026-10-08 11:32:01,940 | INFO | CRM backend ready on http://0.0.0.0:5000
2026-10-08 11:32:07,553 | INFO | CRM backend ready on http://0.0.0.0:5000
2026-10-08 11:32:12,339 | INFO | CRM backend ready on http://0.0.0.0:5000
2026-10-08 11:32:17,109 | INFO | CRM backend ready on http://0.0.0.0:5000
2026-10-08 11:32:22,437 | INFO | CRM backend ready on http://0.0.0.0:5000
2026-10-08 11:32:27,910 | INFO | CRM backend ready on http://0.0.0.0:5000
2026-10-08 11:32:32,432 | INFO | CRM backend ready on http://0.0.0.0:5000
2026-10-08 11:32:37,759 | INFO | CRM backend ready on http://0.0.0.0:5000
2026-10-08 11:32:43,119 | INFO | CRM backend ready on http://0.0.0.0:5000
2026-10-08 11:32:47,459 | INFO | CRM backend ready on http://0.0.0.0:5000
2026-10-08 11:32:52,857 | INFO | CRM backend ready on http://0.0.0.0:5000
2026-10-08 11:32:58,066 | INFO | CRM backend ready on http://0.0.0.0:5000
2026-10-08 11:33:02,291 | INFO | CRM backend ready on http://0.0.0.0:5000
2026-10-08 11:33:07,633 | INFO | CRM backend ready on http://0.0.0.0:5000
2026-10-08 11:33:13,117 | INFO | CRM backend ready on http://0.0.0.0:5000
2026-10-08 11:33:17,778 | INFO | CRM backend ready on http://0.0.0.0:5000
2026-10-08 11:33:23,089 | INFO | CRM backend ready on http://0.0.0.0:5000
2026-10-08 11:33:27,560 | INFO | CRM backend ready on http://0.0.0.0:5000
2026-10-08 11:33:32,968 | INFO | CRM backend ready on http://0.0.0.0:5000
2026-10-08 11:33:38,422 | INFO | CRM backend ready on http://0.0.0.0:5000
2026-10-08 11:33:42,808 | INFO | CRM backend ready on http://0.0.0.0:5000
2026-10-08 11:33:48,098 | INFO | CRM backend ready on http://0.0.0.0:5000
2026-10-08 11:33:52,650 | INFO | CRM backend ready on http://0.0.0.0:5000
2026-10-08 11:33:58,183 | INFO | CRM backend ready on http://0.0.0.0:5000
2026-10-08 11:34:03,403 | INFO | CRM backend ready on http://0.0.0.0:5000
2026-10-08 11:34:08,536 | INFO | CRM backend ready on http://0.0.0.0:5000
2026-10-08 11:34:12,970 | INFO | CRM backend ready on http://0.0.0.0:5000
2026-10-08 11:34:18,273 | INFO | CRM backend ready on http://0.0.0.0:5000
2026-10-08 11:34:23,514 | INFO | CRM backend ready on http://0.0.0.0:5000
2026-10-08 11:34:27,752 | INFO | CRM backend ready on http://0.0.0.0:5000
2026-10-08 11:34:31,127 | INFO | CRM backend ready on http://0.0.0.0:5000
2026-10-08 11:34:33,522 | INFO | CRM backend ready on http://0.0.0.0:5000
2026-10-08 11:34:37,881 | INFO | CRM backend ready on http://0.0.0.0:5000
2026-10-08 11:34:43,337 | INFO | CRM backend ready on http://0.0.0.0:5000
2026-10-08 11:34:46,342 | INFO | GET /pages/dashboard.html -> 404 (0ms) [anonymous]
2026-10-08 11:34:48,739 | INFO | CRM backend ready on http://0.0.0.0:5000
2026-10-08 11:34:53,039 | INFO | CRM backend ready on http://0.0.0.0:5000
2026-10-08 11:34:58,629 | INFO | CRM backend ready on http://0.0.0.0:5000
2026-10-08 11:35:04,097 | INFO | CRM backend ready on http://0.0.0.0:5000
2026-10-08 11:35:08,434 | INFO | CRM backend ready on http://0.0.0.0:5000
2026-10-08 11:35:11,580 | INFO | CRM backend ready on http://0.0.0.0:5000
2026-10-08 11:35:15,218 | INFO | CRM backend ready on http://0.0.0.0:5000
2026-10-08 11:35:18,499 | INFO | CRM backend ready on http://0.0.0.0:5000
2026-10-08 11:35:21,750 | INFO | CRM backend ready on http://0.0.0.0:5000
2026-10-08 11:35:26,184 | INFO | CRM backend ready on http://0.0.0.0:5000
2026-10-08 11:35:29,826 | INFO | CRM backend ready on http://0.0.0.0:5000
2026-10-08 11:35:33,519 | INFO | CRM backend ready on http://0.0.0.0:5000
2026-10-08 11:35:38,882 | INFO | CRM backend ready on http://0.0.0.0:5000
2026-10-08 11:35:42,577 | INFO | CRM backend ready on http://0.0.0.0:5000
2026-10-08 11:35:46,152 | INFO | CRM backend ready on http://0.0.0.0:5000
2026-10-08 11:35:49,409 | INFO | CRM backend ready on http://0.0.0.0:5000
2026-10-08 11:35:54,051 | INFO | CRM backend ready on http://0.0.0.0:5000
2026-10-08 11:35:57,308 | INFO | CRM backend ready on http://0.0.0.0:5000
2026-10-08 11:36:02,943 | INFO | CRM backend ready on http://0.0.0.0:5000
2026-10-08 11:36:07,281 | INFO | CRM backend ready on http://0.0.0.0:5000
2026-10-08 11:36:11,796 | INFO | CRM backend ready on http://0.0.0.0:5000
2026-10-08 11:36:13,986 | INFO | CRM backend ready on http://0.0.0.0:5000
2026-10-08 11:36:17,508 | INFO | CRM backend ready on http://0.0.0.0:5000
2026-10-08 11:36:22,802 | INFO | CRM backend ready on http://0.0.0.0:5000
2026-10-08 11:36:27,123 | INFO | CRM backend ready on http://0.0.0.0:5000
2026-10-08 11:36:30,478 | INFO | CRM backend ready on http://0.0.0.0:5000
2026-10-08 11:36:33,831 | INFO | CRM backend ready on http://0.0.0.0:5000
2026-10-08 11:36:38,276 | INFO | CRM backend ready on http://0.0.0.0:5000
2026-10-08 11:36:42,613 | INFO | CRM backend ready on http://0.0.0.0:5000
2026-10-08 11:36:47,907 | INFO | CRM backend ready on http://0.0.0.0:5000
2026-10-08 11:36:53,341 | INFO | CRM backend ready on http://0.0.0.0:5000
2026-10-08 11:36:58,657 | INFO | CRM backend ready on http://0.0.0.0:5000
2026-10-08 11:37:03,150 | INFO | CRM backend ready on http://0.0.0.0:5000
2026-10-08 11:37:08,533 | INFO | CRM backend ready on http://0.0.0.0:5000
2026-10-08 11:37:13,835 | INFO | CRM backend ready on http://0.0.0.0:5000
2026-10-08 11:37:18,739 | INFO | CRM backend ready on http://0.0.0.0:5000
2026-10-08 11:37:23,953 | INFO | CRM backend ready on http://0.0.0.0:5000
2026-10-08 11:37:29,235 | INFO | CRM backend ready on http://0.0.0.0:5000
2026-10-08 11:37:34,367 | INFO | CRM backend ready on http://0.0.0.0:5000
2026-10-08 11:37:39,468 | INFO | CRM backend ready on http://0.0.0.0:5000
2026-10-08 11:37:44,556 | INFO | CRM backend ready on http://0.0.0.0:5000
2026-10-08 11:37:49,684 | INFO | CRM backend ready on http://0.0.0.0:5000
2026-10-08 11:37:53,835 | INFO | CRM backend ready on http://0.0.0.0:5000
2026-10-08 11:37:59,020 | INFO | CRM backend ready on http://0.0.0.0:5000
2026-10-08 11:38:04,396 | INFO | CRM backend ready on http://0.0.0.0:5000
2026-10-08 11:38:09,713 | INFO | CRM backend ready on http://0.0.0.0:5000
2026-10-08 11:38:14,852 | INFO | CRM backend ready on http://0.0.0.0:5000
2026-10-08 11:38:20,084 | INFO | CRM backend ready on http://0.0.0.0:5000
2026-10-08 11:38:24,481 | INFO | CRM backend ready on http://0.0.0.0:5000
2026-10-08 11:38:29,694 | INFO | CRM backend ready on http://0.0.0.0:5000
2026-10-08 11:38:35,004 | INFO | CRM backend ready on http://0.0.0.0:5000
2026-10-08 11:38:40,194 | INFO | CRM backend ready on http://0.0.0.0:5000
2026-10-08 11:38:44,652 | INFO | CRM backend ready on http://0.0.0.0:5000
2026-10-08 11:38:49,953 | INFO | CRM backend ready on http://0.0.0.0:5000
2026-10-08 11:38:55,091 | INFO | CRM backend ready on http://0.0.0.0:5000
2026-10-08 11:39:00,230 | INFO | CRM backend ready on http://0.0.0.0:5000
2026-10-08 11:39:05,456 | INFO | CRM backend ready on http://0.0.0.0:5000
2026-10-08 11:39:10,512 | INFO | CRM backend ready on http://0.0.0.0:5000
2026-10-08 11:39:15,551 | INFO | CRM backend ready on http://0.0.0.0:5000
2026-10-08 11:39:20,603 | INFO | CRM backend ready on http://0.0.0.0:5000
2026-10-08 11:39:25,644 | INFO | CRM backend ready on http://0.0.0.0:5000
2026-10-08 11:39:30,607 | INFO | CRM backend ready on http://0.0.0.0:5000
2026-10-08 11:39:35,588 | INFO | CRM backend ready on http://0.0.0.0:5000
2026-10-08 11:39:40,571 | INFO | CRM backend ready on http://0.0.0.0:5000
2026-10-08 11:39:45,744 | INFO | CRM backend ready on http://0.0.0.0:5000
2026-10-08 11:39:50,826 | INFO | CRM backend ready on http://0.0.0.0:5000
2026-10-08 11:39:55,078 | INFO | CRM backend ready on http://0.0.0.0:5000
2026-10-08 11:40:00,092 | INFO | CRM backend ready on http://0.0.0.0:5000
2026-10-08 11:40:05,240 | INFO | CRM backend ready on http://0.0.0.0:5000
2026-10-08 11:40:10,296 | INFO | CRM backend ready on http://0.0.0.0:5000
2026-10-08 11:40:15,379 | INFO | CRM backend ready on http://0.0.0.0:5000
2026-10-08 11:40:20,762 | INFO | CRM backend ready on http://0.0.0.0:5000
2026-10-08 11:40:25,962 | INFO | CRM backend ready on http://0.0.0.0:5000
2026-10-08 11:40:31,269 | INFO | CRM backend ready on http://0.0.0.0:5000
2026-10-08 11:40:36,439 | INFO | CRM backend ready on http://0.0.0.0:5000
2026-10-08 11:40:40,568 | INFO | CRM backend ready on http://0.0.0.0:5000
2026-10-08 11:40:45,734 | INFO | CRM backend ready on http://0.0.0.0:5000
2026-10-08 11:40:50,972 | INFO | CRM backend ready on http://0.0.0.0:5000
2026-10-08 11:40:56,433 | INFO | CRM backend ready on http://0.0.0.0:5000
2026-10-08 11:41:00,823 | INFO | CRM backend ready on http://0.0.0.0:5000
2026-10-08 11:41:05,896 | INFO | CRM backend ready on http://0.0.0.0:5000
2026-10-08 11:41:10,853 | INFO | CRM backend ready on http://0.0.0.0:5000
2026-10-08 11:41:13,915 | INFO | CRM backend ready on http://0.0.0.0:5000
2026-10-08 11:41:16,969 | INFO | CRM backend ready on http://0.0.0.0:5000
2026-10-08 11:41:21,301 | INFO | CRM backend ready on http://0.0.0.0:5000
2026-10-08 11:41:26,134 | INFO | CRM backend ready on http://0.0.0.0:5000
2026-10-08 11:41:31,019 | INFO | CRM backend ready on http://0.0.0.0:5000
2026-10-08 11:41:36,105 | INFO | CRM backend ready on http://0.0.0.0:5000
2026-10-08 11:41:39,061 | INFO | CRM backend ready on http://0.0.0.0:5000
2026-10-08 11:41:42,031 | INFO | CRM backend ready on http://0.0.0.0:5000
2026-10-08 11:41:47,129 | INFO | CRM backend ready on http://0.0.0.0:5000
2026-10-08 11:41:52,107 | INFO | CRM backend ready on http://0.0.0.0:5000
2026-10-08 11:41:57,041 | INFO | CRM backend ready on http://0.0.0.0:5000
2026-10-08 11:42:01,993 | INFO | CRM backend ready on http://0.0.0.0:5000
2026-10-08 11:42:06,991 | INFO | CRM backend ready on http://0.0.0.0:5000
2026-10-08 11:42:12,130 | INFO | CRM backend ready on http://0.0.0.0:5000
2026-10-08 11:42:17,065 | INFO | CRM backend ready on http://0.0.0.0:5000
2026-10-08 11:42:22,184 | INFO | CRM backend ready on http://0.0.0.0:5000
2026-10-08 11:42:27,166 | INFO | CRM backend ready on http://0.0.0.0:5000
2026-10-08 11:42:32,199 | INFO | CRM backend ready on http://0.0.0.0:5000
2026-10-08 11:42:34,939 | INFO | GET /api/auth/notifications -> 200 (1ms) [jeeva]
2026-10-08 11:42:37,405 | INFO | CRM backend ready on http://0.0.0.0:5000
2026-10-08 11:42:42,417 | INFO | CRM backend ready on http://0.0.0.0:5000
2026-10-08 11:42:47,669 | INFO | CRM backend ready on http://0.0.0.0:5000
2026-10-08 11:42:52,593 | INFO | CRM backend ready on http://0.0.0.0:5000
2026-10-08 11:42:56,849 | INFO | CRM backend ready on http://0.0.0.0:5000
2026-10-08 11:43:00,005 | INFO | CRM backend ready on http://0.0.0.0:5000
2026-10-08 11:43:04,238 | INFO | CRM backend ready on http://0.0.0.0:5000
2026-10-08 11:43:07,403 | INFO | CRM backend ready on http://0.0.0.0:5000
2026-10-08 11:43:12,590 | INFO | CRM backend ready on http://0.0.0.0:5000
2026-10-08 11:43:15,671 | INFO | CRM backend ready on http://0.0.0.0:5000
2026-10-08 11:43:18,803 | INFO | CRM backend ready on http://0.0.0.0:5000
2026-10-08 11:43:23,012 | INFO | CRM backend ready on http://0.0.0.0:5000
2026-10-08 11:43:27,165 | INFO | CRM backend ready on http://0.0.0.0:5000
2026-10-08 11:43:30,148 | INFO | CRM backend ready on http://0.0.0.0:5000
2026-10-08 11:43:33,199 | INFO | CRM backend ready on http://0.0.0.0:5000
2026-10-08 11:43:37,163 | INFO | CRM backend ready on http://0.0.0.0:5000
2026-10-08 11:43:40,372 | INFO | CRM backend ready on http://0.0.0.0:5000
2026-10-08 11:43:44,612 | INFO | CRM backend ready on http://0.0.0.0:5000
2026-10-08 11:43:47,596 | INFO | CRM backend ready on http://0.0.0.0:5000
2026-10-08 11:43:48,718 | INFO | GET /pages/login.html -> 304 (31ms) [anonymous]
2026-10-08 11:43:48,777 | INFO | GET /css/style.css -> 304 (0ms) [anonymous]
2026-10-08 11:43:48,866 | INFO | GET /css/responsive.css -> 304 (52ms) [anonymous]
2026-10-08 11:43:48,873 | INFO | GET /css/login.css -> 304 (82ms) [anonymous]
2026-10-08 11:43:48,874 | INFO | GET /js/auth.js -> 304 (5ms) [anonymous]
2026-10-08 11:43:51,236 | INFO | CRM backend ready on http://0.0.0.0:5000
2026-10-08 11:43:55,404 | INFO | CRM backend ready on http://0.0.0.0:5000
2026-10-08 11:43:57,632 | INFO | CRM backend ready on http://0.0.0.0:5000
2026-10-08 11:44:02,924 | INFO | CRM backend ready on http://0.0.0.0:5000
2026-10-08 11:44:08,271 | INFO | CRM backend ready on http://0.0.0.0:5000
2026-10-08 11:44:11,534 | INFO | CRM backend ready on http://0.0.0.0:5000
2026-10-08 11:44:15,611 | INFO | CRM backend ready on http://0.0.0.0:5000
2026-10-08 11:44:18,667 | INFO | CRM backend ready on http://0.0.0.0:5000
2026-10-08 11:44:21,821 | INFO | CRM backend ready on http://0.0.0.0:5000
2026-10-08 11:44:25,202 | INFO | CRM backend ready on http://0.0.0.0:5000
2026-10-08 11:44:28,395 | INFO | CRM backend ready on http://0.0.0.0:5000
2026-10-08 11:44:33,511 | INFO | CRM backend ready on http://0.0.0.0:5000
2026-10-08 11:44:36,555 | INFO | CRM backend ready on http://0.0.0.0:5000
2026-10-08 11:44:40,459 | INFO | CRM backend ready on http://0.0.0.0:5000
2026-10-08 11:44:43,417 | INFO | CRM backend ready on http://0.0.0.0:5000
2026-10-08 11:44:46,321 | INFO | CRM backend ready on http://0.0.0.0:5000
2026-10-08 11:44:49,382 | INFO | CRM backend ready on http://0.0.0.0:5000
2026-10-08 11:44:53,304 | INFO | CRM backend ready on http://0.0.0.0:5000
2026-10-08 11:44:56,297 | INFO | CRM backend ready on http://0.0.0.0:5000
2026-10-08 11:45:01,272 | INFO | CRM backend ready on http://0.0.0.0:5000
2026-10-08 11:45:06,262 | INFO | CRM backend ready on http://0.0.0.0:5000
2026-10-08 11:45:09,272 | INFO | CRM backend ready on http://0.0.0.0:5000
2026-10-08 11:45:13,331 | INFO | CRM backend ready on http://0.0.0.0:5000
2026-10-08 11:45:16,414 | INFO | CRM backend ready on http://0.0.0.0:5000
2026-10-08 11:45:18,386 | INFO | CRM backend ready on http://0.0.0.0:5000
2026-10-08 11:45:21,567 | INFO | CRM backend ready on http://0.0.0.0:5000
2026-10-08 11:45:26,884 | INFO | CRM backend ready on http://0.0.0.0:5000
2026-10-08 11:45:31,758 | INFO | CRM backend ready on http://0.0.0.0:5000
2026-10-08 11:45:36,829 | INFO | CRM backend ready on http://0.0.0.0:5000
2026-10-08 11:45:41,850 | INFO | CRM backend ready on http://0.0.0.0:5000
2026-10-08 11:45:46,845 | INFO | CRM backend ready on http://0.0.0.0:5000
2026-10-08 11:45:51,944 | INFO | CRM backend ready on http://0.0.0.0:5000
2026-10-08 11:45:56,967 | INFO | CRM backend ready on http://0.0.0.0:5000
2026-10-08 11:46:02,081 | INFO | CRM backend ready on http://0.0.0.0:5000
2026-10-08 11:46:07,071 | INFO | CRM backend ready on http://0.0.0.0:5000
2026-10-08 11:46:12,219 | INFO | CRM backend ready on http://0.0.0.0:5000
2026-10-08 11:46:17,604 | INFO | CRM backend ready on http://0.0.0.0:5000
2026-10-08 11:46:18,834 | INFO | POST /api/auth/login -> 401 (165ms) [anonymous]
2026-10-08 11:46:22,894 | INFO | CRM backend ready on http://0.0.0.0:5000
2026-10-08 11:46:27,346 | INFO | CRM backend ready on http://0.0.0.0:5000
2026-10-08 11:46:32,507 | INFO | CRM backend ready on http://0.0.0.0:5000
2026-10-08 11:46:37,752 | INFO | CRM backend ready on http://0.0.0.0:5000
2026-10-08 11:46:39,426 | INFO | POST /api/auth/login -> 200 (243ms) [anonymous]
2026-10-08 11:46:39,809 | INFO | GET /pages/admin-dashboard.html -> 304 (0ms) [anonymous]
2026-10-08 11:46:39,836 | INFO | GET /css/style.css -> 304 (2ms) [anonymous]
2026-10-08 11:46:39,848 | INFO | GET /js/auth.js -> 304 (7ms) [anonymous]
2026-10-08 11:46:39,852 | INFO | GET /css/dashboard.css -> 304 (7ms) [anonymous]
2026-10-08 11:46:39,853 | INFO | GET /css/responsive.css -> 304 (10ms) [anonymous]
2026-10-08 11:46:39,857 | INFO | GET /js/dashboard.js -> 304 (6ms) [anonymous]
2026-10-08 11:46:39,895 | INFO | GET /components/navbar.html -> 304 (3ms) [anonymous]
2026-10-08 11:46:39,899 | INFO | GET /components/sidebar.html -> 304 (11ms) [anonymous]
2026-10-08 11:46:39,902 | INFO | GET /components/footer.html -> 304 (0ms) [anonymous]
2026-10-08 11:46:39,912 | INFO | GET /components/modals.html -> 304 (3ms) [anonymous]
2026-10-08 11:46:39,950 | INFO | GET /api/auth/notifications -> 200 (2ms) [prasanna]
2026-10-08 11:46:39,954 | INFO | GET /api/reports/dashboard -> 200 (1ms) [prasanna]
2026-10-08 11:46:39,961 | INFO | GET /api/leads -> 200 (1ms) [prasanna]
2026-10-08 11:46:39,968 | INFO | GET /api/followups -> 200 (4ms) [prasanna]
2026-10-08 11:46:39,974 | INFO | GET /api/employees -> 200 (1ms) [prasanna]
2026-10-08 11:46:43,317 | INFO | CRM backend ready on http://0.0.0.0:5000
2026-10-08 11:46:46,091 | INFO | GET /pages/employees.html -> 304 (1ms) [anonymous]
2026-10-08 11:46:46,175 | INFO | GET /css/dashboard.css -> 304 (0ms) [anonymous]
2026-10-08 11:46:46,197 | INFO | GET /css/style.css -> 304 (24ms) [anonymous]
2026-10-08 11:46:46,199 | INFO | GET /css/responsive.css -> 304 (0ms) [anonymous]
2026-10-08 11:46:46,213 | INFO | GET /js/auth.js -> 304 (10ms) [anonymous]
2026-10-08 11:46:46,227 | INFO | GET /js/employees.js -> 304 (6ms) [anonymous]
2026-10-08 11:46:46,304 | INFO | GET /components/navbar.html -> 304 (0ms) [anonymous]
2026-10-08 11:46:46,305 | INFO | GET /components/sidebar.html -> 304 (2ms) [anonymous]
2026-10-08 11:46:46,340 | INFO | GET /components/footer.html -> 304 (14ms) [anonymous]
2026-10-08 11:46:46,371 | INFO | GET /components/modals.html -> 304 (39ms) [anonymous]
2026-10-08 11:46:46,503 | INFO | GET /api/auth/notifications -> 200 (14ms) [prasanna]
2026-10-08 11:46:46,525 | INFO | GET /api/roles -> 200 (1ms) [prasanna]
2026-10-08 11:46:46,576 | INFO | GET /api/employees -> 200 (0ms) [prasanna]
2026-10-08 11:46:46,593 | INFO | GET /api/employees -> 200 (0ms) [prasanna]
2026-10-08 11:46:48,636 | INFO | CRM backend ready on http://0.0.0.0:5000
2026-10-08 11:46:49,723 | INFO | GET /pages/followups.html -> 200 (1ms) [anonymous]
2026-10-08 11:46:49,758 | INFO | GET /css/style.css -> 304 (2ms) [anonymous]
2026-10-08 11:46:49,783 | INFO | GET /css/dashboard.css -> 304 (1ms) [anonymous]
2026-10-08 11:46:49,794 | INFO | GET /js/auth.js -> 304 (6ms) [anonymous]
2026-10-08 11:46:49,797 | INFO | GET /css/responsive.css -> 304 (2ms) [anonymous]
2026-10-08 11:46:49,831 | INFO | GET /js/leads.js -> 304 (16ms) [anonymous]
2026-10-08 11:46:49,901 | INFO | GET /components/sidebar.html -> 304 (13ms) [anonymous]
2026-10-08 11:46:49,933 | INFO | GET /components/navbar.html -> 304 (2ms) [anonymous]
2026-10-08 11:46:49,941 | INFO | GET /components/footer.html -> 304 (0ms) [anonymous]
2026-10-08 11:46:49,953 | INFO | GET /components/modals.html -> 304 (5ms) [anonymous]
2026-10-08 11:46:49,982 | INFO | GET /api/auth/notifications -> 200 (2ms) [prasanna]
2026-10-08 11:46:49,997 | INFO | GET /api/employees -> 200 (0ms) [prasanna]
2026-10-08 11:46:50,014 | INFO | GET /api/employees -> 200 (1ms) [prasanna]
2026-10-08 11:46:50,023 | INFO | GET /api/followups -> 200 (0ms) [prasanna]
2026-10-08 11:46:53,135 | INFO | CRM backend ready on http://0.0.0.0:5000
2026-10-08 11:46:56,462 | INFO | GET /pages/admin-dashboard.html -> 304 (2ms) [anonymous]
2026-10-08 11:46:56,488 | INFO | GET /css/style.css -> 304 (6ms) [anonymous]
2026-10-08 11:46:56,496 | INFO | GET /css/dashboard.css -> 304 (6ms) [anonymous]
2026-10-08 11:46:56,519 | INFO | GET /js/auth.js -> 304 (7ms) [anonymous]
2026-10-08 11:46:56,521 | INFO | GET /js/dashboard.js -> 304 (6ms) [anonymous]
2026-10-08 11:46:56,523 | INFO | GET /css/responsive.css -> 304 (22ms) [anonymous]
2026-10-08 11:46:56,548 | INFO | GET /components/sidebar.html -> 304 (0ms) [anonymous]
2026-10-08 11:46:56,566 | INFO | GET /components/navbar.html -> 304 (1ms) [anonymous]
2026-10-08 11:46:56,573 | INFO | GET /components/footer.html -> 304 (0ms) [anonymous]
2026-10-08 11:46:56,582 | INFO | GET /components/modals.html -> 304 (3ms) [anonymous]
2026-10-08 11:46:56,625 | INFO | GET /api/auth/notifications -> 200 (9ms) [prasanna]
2026-10-08 11:46:56,642 | INFO | GET /api/reports/dashboard -> 200 (12ms) [prasanna]
2026-10-08 11:46:56,649 | INFO | GET /api/leads -> 200 (2ms) [prasanna]
2026-10-08 11:46:56,666 | INFO | GET /api/followups -> 200 (0ms) [prasanna]
2026-10-08 11:46:56,677 | INFO | GET /api/employees -> 200 (1ms) [prasanna]
2026-10-08 11:46:58,477 | INFO | CRM backend ready on http://0.0.0.0:5000
2026-10-08 11:47:03,624 | INFO | CRM backend ready on http://0.0.0.0:5000
2026-10-08 11:47:08,639 | INFO | CRM backend ready on http://0.0.0.0:5000
2026-10-08 11:47:13,836 | INFO | CRM backend ready on http://0.0.0.0:5000
2026-10-08 11:47:18,914 | INFO | CRM backend ready on http://0.0.0.0:5000
2026-10-08 11:47:23,925 | INFO | CRM backend ready on http://0.0.0.0:5000
2026-10-08 11:47:28,969 | INFO | CRM backend ready on http://0.0.0.0:5000
2026-10-08 11:47:34,012 | INFO | CRM backend ready on http://0.0.0.0:5000
2026-10-08 11:47:38,849 | INFO | CRM backend ready on http://0.0.0.0:5000
2026-10-08 11:47:43,873 | INFO | CRM backend ready on http://0.0.0.0:5000
2026-10-08 11:47:49,173 | INFO | CRM backend ready on http://0.0.0.0:5000
2026-10-08 11:47:50,098 | INFO | GET /pages/leads.html -> 304 (17ms) [anonymous]
2026-10-08 11:47:50,196 | INFO | GET /css/dashboard.css -> 304 (7ms) [anonymous]
2026-10-08 11:47:50,205 | INFO | GET /css/style.css -> 304 (48ms) [anonymous]
2026-10-08 11:47:50,245 | INFO | GET /css/responsive.css -> 304 (18ms) [anonymous]
2026-10-08 11:47:50,256 | INFO | GET /js/auth.js -> 304 (10ms) [anonymous]
2026-10-08 11:47:50,276 | INFO | GET /js/leads.js -> 304 (27ms) [anonymous]
2026-10-08 11:47:50,407 | INFO | GET /components/navbar.html -> 304 (14ms) [anonymous]
2026-10-08 11:47:50,409 | INFO | GET /components/sidebar.html -> 304 (24ms) [anonymous]
2026-10-08 11:47:50,454 | INFO | GET /components/modals.html -> 304 (6ms) [anonymous]
2026-10-08 11:47:50,485 | INFO | GET /components/footer.html -> 304 (50ms) [anonymous]
2026-10-08 11:47:50,499 | INFO | GET /api/auth/notifications -> 200 (2ms) [prasanna]
2026-10-08 11:47:50,502 | INFO | GET /api/leads -> 200 (0ms) [prasanna]
2026-10-08 11:47:52,929 | INFO | GET /pages/admin-dashboard.html -> 304 (1ms) [anonymous]
2026-10-08 11:47:52,962 | INFO | GET /css/style.css -> 304 (0ms) [anonymous]
2026-10-08 11:47:52,965 | INFO | GET /css/dashboard.css -> 304 (0ms) [anonymous]
2026-10-08 11:47:52,968 | INFO | GET /css/responsive.css -> 304 (3ms) [anonymous]
2026-10-08 11:47:52,978 | INFO | GET /js/dashboard.js -> 304 (1ms) [anonymous]
2026-10-08 11:47:52,970 | INFO | GET /js/auth.js -> 304 (3ms) [anonymous]
2026-10-08 11:47:53,020 | INFO | GET /components/sidebar.html -> 304 (0ms) [anonymous]
2026-10-08 11:47:53,037 | INFO | GET /components/navbar.html -> 304 (0ms) [anonymous]
2026-10-08 11:47:53,039 | INFO | GET /components/footer.html -> 304 (9ms) [anonymous]
2026-10-08 11:47:53,040 | INFO | GET /components/modals.html -> 304 (11ms) [anonymous]
2026-10-08 11:47:53,110 | INFO | GET /api/followups -> 200 (0ms) [prasanna]
2026-10-08 11:47:53,116 | INFO | GET /api/reports/dashboard -> 200 (4ms) [prasanna]
2026-10-08 11:47:53,121 | INFO | GET /api/employees -> 200 (0ms) [prasanna]
2026-10-08 11:47:53,125 | INFO | GET /api/auth/notifications -> 200 (25ms) [prasanna]
2026-10-08 11:47:53,127 | INFO | GET /api/leads -> 200 (0ms) [prasanna]
2026-10-08 11:47:54,668 | INFO | CRM backend ready on http://0.0.0.0:5000
2026-10-08 11:47:59,434 | INFO | CRM backend ready on http://0.0.0.0:5000
2026-10-08 11:48:03,812 | INFO | CRM backend ready on http://0.0.0.0:5000
2026-10-08 11:48:09,895 | INFO | CRM backend ready on http://0.0.0.0:5000
2026-10-08 11:48:10,765 | INFO | GET /pages/employees.html -> 304 (11ms) [anonymous]
2026-10-08 11:48:10,802 | INFO | GET /css/style.css -> 304 (1ms) [anonymous]
2026-10-08 11:48:10,820 | INFO | GET /css/dashboard.css -> 304 (7ms) [anonymous]
2026-10-08 11:48:10,845 | INFO | GET /css/responsive.css -> 304 (8ms) [anonymous]
2026-10-08 11:48:10,859 | INFO | GET /js/employees.js -> 304 (0ms) [anonymous]
2026-10-08 11:48:10,860 | INFO | GET /js/auth.js -> 304 (25ms) [anonymous]
2026-10-08 11:48:10,922 | INFO | GET /components/navbar.html -> 304 (2ms) [anonymous]
2026-10-08 11:48:10,937 | INFO | GET /components/sidebar.html -> 304 (22ms) [anonymous]
2026-10-08 11:48:11,001 | INFO | GET /components/footer.html -> 304 (34ms) [anonymous]
2026-10-08 11:48:11,009 | INFO | GET /components/modals.html -> 304 (17ms) [anonymous]
2026-10-08 11:48:11,080 | INFO | GET /api/auth/notifications -> 200 (1ms) [prasanna]
2026-10-08 11:48:11,138 | INFO | GET /api/roles -> 200 (0ms) [prasanna]
2026-10-08 11:48:11,197 | INFO | GET /api/employees -> 200 (0ms) [prasanna]
2026-10-08 11:48:11,200 | INFO | GET /api/employees -> 200 (0ms) [prasanna]
2026-10-08 11:48:14,260 | INFO | CRM backend ready on http://0.0.0.0:5000
2026-10-08 11:48:19,233 | INFO | CRM backend ready on http://0.0.0.0:5000
2026-10-08 11:48:24,244 | INFO | CRM backend ready on http://0.0.0.0:5000
2026-10-08 11:48:29,187 | INFO | CRM backend ready on http://0.0.0.0:5000
2026-10-08 11:48:34,355 | INFO | CRM backend ready on http://0.0.0.0:5000
2026-10-08 11:48:39,465 | INFO | CRM backend ready on http://0.0.0.0:5000
2026-10-08 11:48:44,638 | INFO | CRM backend ready on http://0.0.0.0:5000
2026-10-08 11:48:49,629 | INFO | CRM backend ready on http://0.0.0.0:5000
2026-10-08 11:48:54,766 | INFO | CRM backend ready on http://0.0.0.0:5000
2026-10-08 11:49:00,074 | INFO | CRM backend ready on http://0.0.0.0:5000
2026-10-08 11:49:01,220 | INFO | GET /pages/companies.html -> 304 (6ms) [anonymous]
2026-10-08 11:49:01,242 | INFO | GET /css/style.css -> 304 (0ms) [anonymous]
2026-10-08 11:49:01,249 | INFO | GET /css/dashboard.css -> 304 (4ms) [anonymous]
2026-10-08 11:49:01,250 | INFO | GET /css/responsive.css -> 304 (2ms) [anonymous]
2026-10-08 11:49:01,261 | INFO | GET /js/leads.js -> 304 (6ms) [anonymous]
2026-10-08 11:49:01,254 | INFO | GET /js/auth.js -> 304 (2ms) [anonymous]
2026-10-08 11:49:01,291 | INFO | GET /components/sidebar.html -> 304 (8ms) [anonymous]
2026-10-08 11:49:01,299 | INFO | GET /components/modals.html -> 304 (1ms) [anonymous]
2026-10-08 11:49:01,304 | INFO | GET /components/footer.html -> 304 (0ms) [anonymous]
2026-10-08 11:49:01,302 | INFO | GET /components/navbar.html -> 304 (8ms) [anonymous]
2026-10-08 11:49:01,345 | INFO | GET /api/auth/notifications -> 200 (3ms) [prasanna]
2026-10-08 11:49:01,347 | INFO | GET /api/companies -> 200 (0ms) [prasanna]
2026-10-08 11:49:04,546 | INFO | CRM backend ready on http://0.0.0.0:5000
2026-10-08 11:49:09,711 | INFO | CRM backend ready on http://0.0.0.0:5000
2026-10-08 11:49:14,872 | INFO | CRM backend ready on http://0.0.0.0:5000
2026-10-08 11:49:17,347 | INFO | GET /pages/leads.html -> 304 (0ms) [anonymous]
2026-10-08 11:49:17,382 | INFO | GET /css/dashboard.css -> 304 (1ms) [anonymous]
2026-10-08 11:49:17,386 | INFO | GET /css/responsive.css -> 304 (0ms) [anonymous]
2026-10-08 11:49:17,390 | INFO | GET /css/style.css -> 304 (11ms) [anonymous]
2026-10-08 11:49:17,401 | INFO | GET /js/auth.js -> 304 (8ms) [anonymous]
2026-10-08 11:49:17,409 | INFO | GET /js/leads.js -> 304 (4ms) [anonymous]
2026-10-08 11:49:17,434 | INFO | GET /components/sidebar.html -> 304 (2ms) [anonymous]
2026-10-08 11:49:17,442 | INFO | GET /components/navbar.html -> 304 (2ms) [anonymous]
2026-10-08 11:49:17,453 | INFO | GET /components/footer.html -> 304 (7ms) [anonymous]
2026-10-08 11:49:17,455 | INFO | GET /components/modals.html -> 304 (2ms) [anonymous]
2026-10-08 11:49:17,474 | INFO | GET /api/leads -> 200 (1ms) [prasanna]
2026-10-08 11:49:17,478 | INFO | GET /api/auth/notifications -> 200 (1ms) [prasanna]
2026-10-08 11:49:20,202 | INFO | CRM backend ready on http://0.0.0.0:5000
2026-10-08 11:49:21,639 | INFO | GET /api/employees -> 200 (1ms) [prasanna]
2026-10-08 11:49:21,646 | INFO | GET /api/companies -> 200 (2ms) [prasanna]
2026-10-08 11:49:24,487 | INFO | CRM backend ready on http://0.0.0.0:5000
2026-10-08 11:49:29,750 | INFO | CRM backend ready on http://0.0.0.0:5000
2026-10-08 11:49:35,210 | INFO | CRM backend ready on http://0.0.0.0:5000
2026-10-08 11:49:40,196 | INFO | CRM backend ready on http://0.0.0.0:5000
2026-10-08 11:49:45,018 | INFO | CRM backend ready on http://0.0.0.0:5000
2026-10-08 11:49:49,902 | INFO | CRM backend ready on http://0.0.0.0:5000
2026-10-08 11:49:54,976 | INFO | CRM backend ready on http://0.0.0.0:5000
2026-10-08 11:50:00,176 | INFO | CRM backend ready on http://0.0.0.0:5000
2026-10-08 11:50:05,152 | INFO | CRM backend ready on http://0.0.0.0:5000
2026-10-08 11:50:10,175 | INFO | CRM backend ready on http://0.0.0.0:5000
2026-10-08 11:50:15,274 | INFO | CRM backend ready on http://0.0.0.0:5000
2026-10-08 11:50:16,573 | INFO | GET /pages/followups.html -> 304 (1ms) [anonymous]
2026-10-08 11:50:16,604 | INFO | GET /css/dashboard.css -> 304 (2ms) [anonymous]
2026-10-08 11:50:16,605 | INFO | GET /css/style.css -> 304 (5ms) [anonymous]
2026-10-08 11:50:16,614 | INFO | GET /css/responsive.css -> 304 (11ms) [anonymous]
2026-10-08 11:50:16,615 | INFO | GET /js/auth.js -> 304 (4ms) [anonymous]
2026-10-08 11:50:16,624 | INFO | GET /js/leads.js -> 304 (7ms) [anonymous]
2026-10-08 11:50:16,669 | INFO | GET /components/navbar.html -> 304 (2ms) [anonymous]
2026-10-08 11:50:16,671 | INFO | GET /components/sidebar.html -> 304 (8ms) [anonymous]
2026-10-08 11:50:16,675 | INFO | GET /components/modals.html -> 304 (0ms) [anonymous]
2026-10-08 11:50:16,678 | INFO | GET /components/footer.html -> 304 (9ms) [anonymous]
2026-10-08 11:50:16,725 | INFO | GET /api/auth/notifications -> 200 (5ms) [prasanna]
2026-10-08 11:50:16,749 | INFO | GET /api/followups -> 200 (3ms) [prasanna]
2026-10-08 11:50:16,769 | INFO | GET /api/employees -> 200 (3ms) [prasanna]
2026-10-08 11:50:16,770 | INFO | GET /api/employees -> 200 (1ms) [prasanna]
2026-10-08 11:50:19,783 | INFO | CRM backend ready on http://0.0.0.0:5000
2026-10-08 11:50:20,731 | INFO | GET /api/leads -> 200 (0ms) [prasanna]
2026-10-08 11:50:23,005 | INFO | CRM backend ready on http://0.0.0.0:5000
2026-10-08 11:50:24,413 | INFO | GET /pages/projects.html -> 304 (3ms) [anonymous]
2026-10-08 11:50:24,482 | INFO | GET /css/style.css -> 304 (27ms) [anonymous]
2026-10-08 11:50:24,497 | INFO | GET /css/dashboard.css -> 304 (0ms) [anonymous]
2026-10-08 11:50:24,552 | INFO | GET /js/auth.js -> 304 (0ms) [anonymous]
2026-10-08 11:50:24,563 | INFO | GET /css/responsive.css -> 304 (40ms) [anonymous]
2026-10-08 11:50:24,571 | INFO | GET /js/projects.js -> 304 (0ms) [anonymous]
2026-10-08 11:50:24,602 | INFO | GET /components/sidebar.html -> 304 (1ms) [anonymous]
2026-10-08 11:50:24,613 | INFO | GET /components/footer.html -> 304 (2ms) [anonymous]
2026-10-08 11:50:24,614 | INFO | GET /components/modals.html -> 304 (1ms) [anonymous]
2026-10-08 11:50:24,615 | INFO | GET /components/navbar.html -> 304 (5ms) [anonymous]
2026-10-08 11:50:24,662 | INFO | GET /api/auth/notifications -> 200 (6ms) [prasanna]
2026-10-08 11:50:24,674 | INFO | GET /api/companies -> 200 (7ms) [prasanna]
2026-10-08 11:50:24,679 | INFO | GET /api/employees -> 200 (0ms) [prasanna]
2026-10-08 11:50:24,694 | INFO | GET /api/developers -> 200 (0ms) [prasanna]
2026-10-08 11:50:24,715 | INFO | GET /api/projects -> 200 (3ms) [prasanna]
2026-10-08 11:50:26,415 | INFO | CRM backend ready on http://0.0.0.0:5000
2026-10-08 11:50:29,748 | INFO | CRM backend ready on http://0.0.0.0:5000
2026-10-08 11:50:32,916 | INFO | CRM backend ready on http://0.0.0.0:5000
2026-10-08 11:50:37,072 | INFO | CRM backend ready on http://0.0.0.0:5000
2026-10-08 11:50:40,147 | INFO | CRM backend ready on http://0.0.0.0:5000
2026-10-08 11:50:43,237 | INFO | CRM backend ready on http://0.0.0.0:5000
2026-10-08 11:50:46,379 | INFO | CRM backend ready on http://0.0.0.0:5000
2026-10-08 11:50:50,266 | INFO | CRM backend ready on http://0.0.0.0:5000
2026-10-08 11:50:52,414 | INFO | CRM backend ready on http://0.0.0.0:5000
2026-10-08 11:50:55,583 | INFO | CRM backend ready on http://0.0.0.0:5000
2026-10-08 11:50:59,120 | INFO | CRM backend ready on http://0.0.0.0:5000
2026-10-08 11:51:00,144 | INFO | GET /pages/reports.html -> 304 (53ms) [anonymous]
2026-10-08 11:51:00,233 | INFO | GET /css/style.css -> 304 (19ms) [anonymous]
2026-10-08 11:51:00,237 | INFO | GET /css/responsive.css -> 304 (1ms) [anonymous]
2026-10-08 11:51:00,239 | INFO | GET /js/auth.js -> 304 (0ms) [anonymous]
2026-10-08 11:51:00,241 | INFO | GET /css/dashboard.css -> 304 (8ms) [anonymous]
2026-10-08 11:51:00,252 | INFO | GET /js/reports.js -> 304 (1ms) [anonymous]
2026-10-08 11:51:00,343 | INFO | GET /components/sidebar.html -> 304 (8ms) [anonymous]
2026-10-08 11:51:00,389 | INFO | GET /components/navbar.html -> 304 (24ms) [anonymous]
2026-10-08 11:51:00,402 | INFO | GET /components/footer.html -> 304 (5ms) [anonymous]
2026-10-08 11:51:00,451 | INFO | GET /components/modals.html -> 304 (17ms) [anonymous]
2026-10-08 11:51:00,495 | INFO | GET /api/auth/notifications -> 200 (2ms) [prasanna]
2026-10-08 11:51:00,500 | INFO | GET /api/reports/summary -> 200 (0ms) [prasanna]
2026-10-08 11:51:00,523 | INFO | GET /api/reports/dashboard -> 200 (7ms) [prasanna]
2026-10-08 11:51:00,546 | INFO | GET /api/reports/activity -> 200 (10ms) [prasanna]
2026-10-08 11:51:00,560 | INFO | GET /api/reports/export -> 200 (0ms) [prasanna]
2026-10-08 11:51:00,758 | INFO | GET /api/reports/monthly -> 200 (230ms) [prasanna]
2026-10-08 11:51:01,220 | INFO | GET /api/reports/powerbi -> 200 (621ms) [prasanna]
2026-10-08 11:51:02,818 | INFO | CRM backend ready on http://0.0.0.0:5000
2026-10-08 11:51:06,123 | INFO | CRM backend ready on http://0.0.0.0:5000
2026-10-08 11:51:10,266 | INFO | CRM backend ready on http://0.0.0.0:5000
2026-10-08 11:51:15,450 | INFO | CRM backend ready on http://0.0.0.0:5000
2026-10-08 11:51:20,592 | INFO | CRM backend ready on http://0.0.0.0:5000
2026-10-08 11:51:22,127 | INFO | GET /pages/login.html -> 304 (1ms) [anonymous]
2026-10-08 11:51:22,157 | INFO | GET /css/style.css -> 304 (4ms) [anonymous]
2026-10-08 11:51:22,169 | INFO | GET /css/login.css -> 304 (0ms) [anonymous]
2026-10-08 11:51:22,182 | INFO | GET /css/responsive.css -> 304 (14ms) [anonymous]
2026-10-08 11:51:22,184 | INFO | GET /js/auth.js -> 304 (9ms) [anonymous]
2026-10-08 11:51:25,780 | INFO | CRM backend ready on http://0.0.0.0:5000
2026-10-08 11:51:30,886 | INFO | CRM backend ready on http://0.0.0.0:5000
2026-10-08 11:51:34,019 | INFO | CRM backend ready on http://0.0.0.0:5000
2026-10-08 11:51:38,109 | INFO | CRM backend ready on http://0.0.0.0:5000
2026-10-08 11:51:41,491 | INFO | CRM backend ready on http://0.0.0.0:5000
2026-10-08 11:51:42,712 | INFO | POST /api/auth/login -> 200 (349ms) [anonymous]
2026-10-08 11:51:43,092 | INFO | GET /pages/employee-dashboard.html -> 304 (2ms) [anonymous]
2026-10-08 11:51:43,142 | INFO | GET /css/style.css -> 304 (0ms) [anonymous]
2026-10-08 11:51:43,159 | INFO | GET /css/dashboard.css -> 304 (10ms) [anonymous]
2026-10-08 11:51:43,169 | INFO | GET /js/dashboard.js -> 304 (2ms) [anonymous]
2026-10-08 11:51:43,160 | INFO | GET /css/responsive.css -> 304 (5ms) [anonymous]
2026-10-08 11:51:43,163 | INFO | GET /js/auth.js -> 304 (0ms) [anonymous]
2026-10-08 11:51:43,221 | INFO | GET /components/footer.html -> 304 (3ms) [anonymous]
2026-10-08 11:51:43,227 | INFO | GET /components/modals.html -> 304 (0ms) [anonymous]
2026-10-08 11:51:43,228 | INFO | GET /components/navbar.html -> 304 (0ms) [anonymous]
2026-10-08 11:51:43,229 | INFO | GET /components/sidebar.html -> 304 (13ms) [anonymous]
2026-10-08 11:51:43,281 | INFO | GET /css/style.css -> 304 (0ms) [anonymous]
2026-10-08 11:51:43,296 | INFO | GET /css/responsive.css -> 304 (1ms) [anonymous]
2026-10-08 11:51:43,298 | INFO | GET /css/dashboard.css -> 304 (5ms) [anonymous]
2026-10-08 11:51:43,345 | INFO | GET /api/auth/notifications -> 200 (5ms) [jeeva]
2026-10-08 11:51:43,357 | INFO | GET /api/reports/dashboard -> 200 (5ms) [jeeva]
2026-10-08 11:51:43,382 | INFO | GET /api/followups -> 200 (0ms) [jeeva]
2026-10-08 11:51:43,365 | INFO | GET /api/leads -> 200 (0ms) [jeeva]
2026-10-08 11:51:45,811 | INFO | CRM backend ready on http://0.0.0.0:5000
2026-10-08 11:51:48,983 | INFO | CRM backend ready on http://0.0.0.0:5000
2026-10-08 11:51:52,403 | INFO | CRM backend ready on http://0.0.0.0:5000
2026-10-08 11:51:53,611 | INFO | GET /pages/leads.html -> 304 (0ms) [anonymous]
2026-10-08 11:51:53,638 | INFO | GET /css/style.css -> 304 (0ms) [anonymous]
2026-10-08 11:51:53,643 | INFO | GET /css/responsive.css -> 304 (0ms) [anonymous]
2026-10-08 11:51:53,644 | INFO | GET /css/dashboard.css -> 304 (8ms) [anonymous]
2026-10-08 11:51:53,656 | INFO | GET /js/auth.js -> 304 (9ms) [anonymous]
2026-10-08 11:51:53,657 | INFO | GET /js/leads.js -> 304 (5ms) [anonymous]
2026-10-08 11:51:53,708 | INFO | GET /components/sidebar.html -> 304 (5ms) [anonymous]
2026-10-08 11:51:53,708 | INFO | GET /components/footer.html -> 304 (1ms) [anonymous]
2026-10-08 11:51:53,710 | INFO | GET /components/navbar.html -> 304 (6ms) [anonymous]
2026-10-08 11:51:53,713 | INFO | GET /components/modals.html -> 304 (3ms) [anonymous]
2026-10-08 11:51:53,748 | INFO | GET /api/auth/notifications -> 200 (3ms) [jeeva]
2026-10-08 11:51:53,753 | INFO | GET /api/leads -> 200 (1ms) [jeeva]
2026-10-08 11:51:55,912 | INFO | CRM backend ready on http://0.0.0.0:5000
2026-10-08 11:51:57,057 | INFO | GET /api/leads/lead_2f8d3eba4432 -> 200 (1ms) [jeeva]
2026-10-08 11:51:59,392 | INFO | CRM backend ready on http://0.0.0.0:5000
2026-10-08 11:52:03,673 | INFO | CRM backend ready on http://0.0.0.0:5000
2026-10-08 11:52:07,074 | INFO | CRM backend ready on http://0.0.0.0:5000
2026-10-08 11:52:10,250 | INFO | CRM backend ready on http://0.0.0.0:5000
2026-10-08 11:52:13,513 | INFO | CRM backend ready on http://0.0.0.0:5000
2026-10-08 11:52:18,594 | INFO | CRM backend ready on http://0.0.0.0:5000
2026-10-08 11:52:23,653 | INFO | CRM backend ready on http://0.0.0.0:5000
2026-10-08 11:52:29,299 | INFO | CRM backend ready on http://0.0.0.0:5000
2026-10-08 11:52:34,717 | INFO | CRM backend ready on http://0.0.0.0:5000
2026-10-08 11:52:38,775 | INFO | CRM backend ready on http://0.0.0.0:5000
2026-10-08 11:52:42,095 | INFO | CRM backend ready on http://0.0.0.0:5000
2026-10-08 11:52:43,142 | INFO | GET /pages/followups.html -> 304 (48ms) [anonymous]
2026-10-08 11:52:43,310 | INFO | GET /css/style.css -> 304 (22ms) [anonymous]
2026-10-08 11:52:43,326 | INFO | GET /css/responsive.css -> 304 (6ms) [anonymous]
2026-10-08 11:52:43,328 | INFO | GET /css/dashboard.css -> 304 (19ms) [anonymous]
2026-10-08 11:52:43,414 | INFO | GET /js/auth.js -> 304 (39ms) [anonymous]
2026-10-08 11:52:43,421 | INFO | GET /js/leads.js -> 304 (0ms) [anonymous]
2026-10-08 11:52:43,532 | INFO | GET /components/sidebar.html -> 304 (34ms) [anonymous]
2026-10-08 11:52:43,533 | INFO | GET /components/footer.html -> 304 (21ms) [anonymous]
2026-10-08 11:52:43,546 | INFO | GET /components/navbar.html -> 304 (38ms) [anonymous]
2026-10-08 11:52:43,587 | INFO | GET /components/modals.html -> 304 (32ms) [anonymous]
2026-10-08 11:52:43,700 | INFO | GET /api/auth/notifications -> 200 (1ms) [jeeva]
2026-10-08 11:52:43,715 | INFO | GET /api/employees -> 200 (3ms) [jeeva]
2026-10-08 11:52:43,733 | INFO | GET /api/followups -> 200 (0ms) [jeeva]
2026-10-08 11:52:45,555 | INFO | CRM backend ready on http://0.0.0.0:5000
2026-10-08 11:52:47,474 | INFO | GET /pages/leads.html -> 304 (1ms) [anonymous]
2026-10-08 11:52:47,511 | INFO | GET /css/style.css -> 304 (0ms) [anonymous]
2026-10-08 11:52:47,516 | INFO | GET /css/dashboard.css -> 304 (0ms) [anonymous]
2026-10-08 11:52:47,531 | INFO | GET /css/responsive.css -> 304 (4ms) [anonymous]
2026-10-08 11:52:47,539 | INFO | GET /js/auth.js -> 304 (5ms) [anonymous]
2026-10-08 11:52:47,554 | INFO | GET /js/leads.js -> 304 (4ms) [anonymous]
2026-10-08 11:52:47,587 | INFO | GET /components/navbar.html -> 304 (6ms) [anonymous]
2026-10-08 11:52:47,602 | INFO | GET /components/footer.html -> 304 (16ms) [anonymous]
2026-10-08 11:52:47,593 | INFO | GET /components/modals.html -> 304 (4ms) [anonymous]
2026-10-08 11:52:47,609 | INFO | GET /components/sidebar.html -> 304 (34ms) [anonymous]
2026-10-08 11:52:47,641 | INFO | GET /css/style.css -> 304 (0ms) [anonymous]
2026-10-08 11:52:47,645 | INFO | GET /css/dashboard.css -> 304 (0ms) [anonymous]
2026-10-08 11:52:47,648 | INFO | GET /css/responsive.css -> 304 (0ms) [anonymous]
2026-10-08 11:52:47,654 | INFO | GET /api/auth/notifications -> 200 (1ms) [jeeva]
2026-10-08 11:52:47,671 | INFO | GET /api/leads -> 200 (12ms) [jeeva]
2026-10-08 11:52:49,284 | INFO | CRM backend ready on http://0.0.0.0:5000
2026-10-08 11:52:51,351 | INFO | CRM backend ready on http://0.0.0.0:5000
2026-10-08 11:52:54,515 | INFO | CRM backend ready on http://0.0.0.0:5000
2026-10-08 11:52:55,861 | INFO | GET /api/leads/lead_2f8d3eba4432 -> 200 (2ms) [jeeva]
2026-10-08 11:52:59,783 | INFO | CRM backend ready on http://0.0.0.0:5000
2026-10-08 11:53:04,986 | INFO | CRM backend ready on http://0.0.0.0:5000
2026-10-08 11:53:10,044 | INFO | CRM backend ready on http://0.0.0.0:5000
2026-10-08 11:53:14,942 | INFO | CRM backend ready on http://0.0.0.0:5000
2026-10-08 11:53:19,932 | INFO | CRM backend ready on http://0.0.0.0:5000
2026-10-08 11:53:24,856 | INFO | CRM backend ready on http://0.0.0.0:5000
2026-10-08 11:53:29,849 | INFO | CRM backend ready on http://0.0.0.0:5000
2026-10-08 11:53:31,748 | INFO | GET /pages/companies.html -> 304 (0ms) [anonymous]
2026-10-08 11:53:31,773 | INFO | GET /css/dashboard.css -> 304 (0ms) [anonymous]
2026-10-08 11:53:31,779 | INFO | GET /css/style.css -> 304 (8ms) [anonymous]
2026-10-08 11:53:31,782 | INFO | GET /css/responsive.css -> 304 (0ms) [anonymous]
2026-10-08 11:53:31,793 | INFO | GET /js/auth.js -> 304 (6ms) [anonymous]
2026-10-08 11:53:31,797 | INFO | GET /js/leads.js -> 304 (5ms) [anonymous]
2026-10-08 11:53:31,827 | INFO | GET /components/navbar.html -> 304 (2ms) [anonymous]
2026-10-08 11:53:31,828 | INFO | GET /components/sidebar.html -> 304 (0ms) [anonymous]
2026-10-08 11:53:31,833 | INFO | GET /components/footer.html -> 304 (0ms) [anonymous]
2026-10-08 11:53:31,835 | INFO | GET /components/modals.html -> 304 (0ms) [anonymous]
2026-10-08 11:53:31,887 | INFO | GET /css/style.css -> 304 (0ms) [anonymous]
2026-10-08 11:53:31,892 | INFO | GET /css/dashboard.css -> 304 (1ms) [anonymous]
2026-10-08 11:53:31,906 | INFO | GET /api/auth/notifications -> 200 (1ms) [jeeva]
2026-10-08 11:53:31,910 | INFO | GET /css/responsive.css -> 304 (6ms) [anonymous]
2026-10-08 11:53:31,914 | INFO | GET /api/companies -> 200 (1ms) [jeeva]
2026-10-08 11:53:35,324 | INFO | CRM backend ready on http://0.0.0.0:5000
2026-10-08 11:53:40,281 | INFO | CRM backend ready on http://0.0.0.0:5000
2026-10-08 11:53:45,162 | INFO | CRM backend ready on http://0.0.0.0:5000
2026-10-08 11:53:50,276 | INFO | CRM backend ready on http://0.0.0.0:5000
2026-10-08 11:53:55,323 | INFO | CRM backend ready on http://0.0.0.0:5000
2026-10-08 11:54:00,633 | INFO | CRM backend ready on http://0.0.0.0:5000
2026-10-08 11:54:01,815 | INFO | GET /api/auth/notifications -> 200 (1ms) [jeeva]
2026-10-08 11:54:05,901 | INFO | CRM backend ready on http://0.0.0.0:5000
2026-10-08 11:54:10,907 | INFO | CRM backend ready on http://0.0.0.0:5000
2026-10-08 11:54:15,943 | INFO | CRM backend ready on http://0.0.0.0:5000
2026-10-08 11:54:19,237 | INFO | GET /pages/followups.html -> 304 (2ms) [anonymous]
2026-10-08 11:54:19,277 | INFO | GET /css/dashboard.css -> 304 (0ms) [anonymous]
2026-10-08 11:54:19,279 | INFO | GET /css/responsive.css -> 304 (3ms) [anonymous]
2026-10-08 11:54:19,288 | INFO | GET /js/auth.js -> 304 (7ms) [anonymous]
2026-10-08 11:54:19,282 | INFO | GET /css/style.css -> 304 (8ms) [anonymous]
2026-10-08 11:54:19,296 | INFO | GET /js/leads.js -> 304 (4ms) [anonymous]
2026-10-08 11:54:19,354 | INFO | GET /components/navbar.html -> 304 (0ms) [anonymous]
2026-10-08 11:54:19,357 | INFO | GET /components/sidebar.html -> 304 (0ms) [anonymous]
2026-10-08 11:54:19,366 | INFO | GET /components/modals.html -> 304 (1ms) [anonymous]
2026-10-08 11:54:19,374 | INFO | GET /components/footer.html -> 304 (14ms) [anonymous]
2026-10-08 11:54:19,479 | INFO | GET /api/auth/notifications -> 200 (6ms) [jeeva]
2026-10-08 11:54:19,499 | INFO | GET /api/employees -> 200 (0ms) [jeeva]
2026-10-08 11:54:19,504 | INFO | GET /api/followups -> 200 (0ms) [jeeva]
2026-10-08 11:54:21,186 | INFO | CRM backend ready on http://0.0.0.0:5000
2026-10-08 11:54:22,328 | INFO | GET /pages/leads.html -> 304 (0ms) [anonymous]
2026-10-08 11:54:22,364 | INFO | GET /css/style.css -> 304 (2ms) [anonymous]
2026-10-08 11:54:22,378 | INFO | GET /css/dashboard.css -> 304 (5ms) [anonymous]
2026-10-08 11:54:22,386 | INFO | GET /css/responsive.css -> 304 (5ms) [anonymous]
2026-10-08 11:54:22,387 | INFO | GET /js/auth.js -> 304 (5ms) [anonymous]
2026-10-08 11:54:22,388 | INFO | GET /js/leads.js -> 304 (5ms) [anonymous]
2026-10-08 11:54:22,424 | INFO | GET /components/sidebar.html -> 304 (5ms) [anonymous]
2026-10-08 11:54:22,425 | INFO | GET /components/navbar.html -> 304 (4ms) [anonymous]
2026-10-08 11:54:22,429 | INFO | GET /components/footer.html -> 304 (5ms) [anonymous]
2026-10-08 11:54:22,444 | INFO | GET /components/modals.html -> 304 (1ms) [anonymous]
2026-10-08 11:54:22,465 | INFO | GET /api/auth/notifications -> 200 (1ms) [jeeva]
2026-10-08 11:54:22,467 | INFO | GET /api/leads -> 200 (1ms) [jeeva]
2026-10-08 11:54:26,441 | INFO | CRM backend ready on http://0.0.0.0:5000
2026-10-08 11:54:31,808 | INFO | CRM backend ready on http://0.0.0.0:5000
2026-10-08 11:54:36,913 | INFO | CRM backend ready on http://0.0.0.0:5000
2026-10-08 11:54:41,888 | INFO | CRM backend ready on http://0.0.0.0:5000
2026-10-08 11:54:47,069 | INFO | CRM backend ready on http://0.0.0.0:5000
2026-10-08 11:54:52,130 | INFO | CRM backend ready on http://0.0.0.0:5000
2026-10-08 11:54:57,109 | INFO | CRM backend ready on http://0.0.0.0:5000
2026-10-08 11:55:01,281 | INFO | CRM backend ready on http://0.0.0.0:5000
2026-10-08 11:55:07,111 | INFO | CRM backend ready on http://0.0.0.0:5000
2026-10-08 11:55:12,078 | INFO | CRM backend ready on http://0.0.0.0:5000
2026-10-08 11:55:16,924 | INFO | CRM backend ready on http://0.0.0.0:5000
2026-10-08 11:55:21,889 | INFO | CRM backend ready on http://0.0.0.0:5000
2026-10-08 11:55:26,900 | INFO | CRM backend ready on http://0.0.0.0:5000
2026-10-08 11:55:32,290 | INFO | CRM backend ready on http://0.0.0.0:5000
2026-10-08 11:55:37,128 | INFO | CRM backend ready on http://0.0.0.0:5000
2026-10-08 11:55:42,097 | INFO | CRM backend ready on http://0.0.0.0:5000
2026-10-08 11:55:46,955 | INFO | CRM backend ready on http://0.0.0.0:5000
2026-10-08 11:55:52,005 | INFO | CRM backend ready on http://0.0.0.0:5000
2026-10-08 11:55:57,027 | INFO | CRM backend ready on http://0.0.0.0:5000
2026-10-08 11:56:01,946 | INFO | CRM backend ready on http://0.0.0.0:5000
2026-10-08 11:56:06,957 | INFO | CRM backend ready on http://0.0.0.0:5000
2026-10-08 11:56:11,838 | INFO | CRM backend ready on http://0.0.0.0:5000
2026-10-08 11:56:16,907 | INFO | CRM backend ready on http://0.0.0.0:5000
2026-10-08 11:56:21,862 | INFO | CRM backend ready on http://0.0.0.0:5000
2026-10-08 11:56:26,983 | INFO | CRM backend ready on http://0.0.0.0:5000
2026-10-08 11:56:32,110 | INFO | CRM backend ready on http://0.0.0.0:5000
2026-10-08 11:56:37,557 | INFO | CRM backend ready on http://0.0.0.0:5000
2026-10-08 11:56:42,666 | INFO | CRM backend ready on http://0.0.0.0:5000
2026-10-08 11:56:47,599 | INFO | CRM backend ready on http://0.0.0.0:5000
2026-10-08 11:56:52,673 | INFO | CRM backend ready on http://0.0.0.0:5000
2026-10-08 11:56:57,802 | INFO | CRM backend ready on http://0.0.0.0:5000
2026-10-08 11:57:02,772 | INFO | CRM backend ready on http://0.0.0.0:5000
2026-10-08 11:57:07,865 | INFO | CRM backend ready on http://0.0.0.0:5000
2026-10-08 11:57:12,971 | INFO | CRM backend ready on http://0.0.0.0:5000
2026-10-08 11:57:18,085 | INFO | CRM backend ready on http://0.0.0.0:5000
2026-10-08 11:57:23,215 | INFO | CRM backend ready on http://0.0.0.0:5000
2026-10-08 11:57:28,106 | INFO | CRM backend ready on http://0.0.0.0:5000
2026-10-08 11:57:33,155 | INFO | CRM backend ready on http://0.0.0.0:5000
2026-10-08 11:57:38,159 | INFO | CRM backend ready on http://0.0.0.0:5000
2026-10-08 11:57:43,163 | INFO | CRM backend ready on http://0.0.0.0:5000
2026-10-08 11:57:48,028 | INFO | CRM backend ready on http://0.0.0.0:5000
2026-10-08 11:57:53,083 | INFO | CRM backend ready on http://0.0.0.0:5000
2026-10-08 11:57:57,937 | INFO | CRM backend ready on http://0.0.0.0:5000
2026-10-08 11:58:02,956 | INFO | CRM backend ready on http://0.0.0.0:5000
2026-10-08 11:58:05,911 | INFO | CRM backend ready on http://0.0.0.0:5000
2026-10-08 11:58:09,005 | INFO | CRM backend ready on http://0.0.0.0:5000
2026-10-08 11:58:12,965 | INFO | CRM backend ready on http://0.0.0.0:5000
2026-10-08 11:58:17,959 | INFO | CRM backend ready on http://0.0.0.0:5000
2026-10-08 11:58:20,998 | INFO | CRM backend ready on http://0.0.0.0:5000
2026-10-08 11:58:22,964 | INFO | CRM backend ready on http://0.0.0.0:5000
2026-10-08 11:58:25,933 | INFO | CRM backend ready on http://0.0.0.0:5000
2026-10-08 11:58:28,874 | INFO | CRM backend ready on http://0.0.0.0:5000
2026-10-08 11:58:34,135 | INFO | CRM backend ready on http://0.0.0.0:5000
2026-10-08 11:58:38,310 | INFO | CRM backend ready on http://0.0.0.0:5000
2026-10-08 11:58:43,448 | INFO | CRM backend ready on http://0.0.0.0:5000
2026-10-08 11:58:48,653 | INFO | CRM backend ready on http://0.0.0.0:5000
2026-10-08 11:58:50,675 | INFO | CRM backend ready on http://0.0.0.0:5000
2026-10-08 11:58:53,766 | INFO | CRM backend ready on http://0.0.0.0:5000
2026-10-08 11:58:56,899 | INFO | CRM backend ready on http://0.0.0.0:5000
2026-10-08 11:59:01,071 | INFO | CRM backend ready on http://0.0.0.0:5000
2026-10-08 11:59:04,086 | INFO | CRM backend ready on http://0.0.0.0:5000
2026-10-08 11:59:07,047 | INFO | CRM backend ready on http://0.0.0.0:5000
2026-10-08 11:59:10,194 | INFO | CRM backend ready on http://0.0.0.0:5000
2026-10-08 11:59:14,135 | INFO | CRM backend ready on http://0.0.0.0:5000
2026-10-08 11:59:17,133 | INFO | CRM backend ready on http://0.0.0.0:5000
2026-10-08 11:59:19,149 | INFO | CRM backend ready on http://0.0.0.0:5000
2026-10-08 11:59:24,235 | INFO | CRM backend ready on http://0.0.0.0:5000
2026-10-08 11:59:29,351 | INFO | CRM backend ready on http://0.0.0.0:5000
2026-10-08 11:59:31,254 | INFO | CRM backend ready on http://0.0.0.0:5000
2026-10-08 11:59:34,141 | INFO | CRM backend ready on http://0.0.0.0:5000
2026-10-08 11:59:37,204 | INFO | CRM backend ready on http://0.0.0.0:5000
2026-10-08 11:59:39,173 | INFO | CRM backend ready on http://0.0.0.0:5000
2026-10-08 11:59:44,166 | INFO | CRM backend ready on http://0.0.0.0:5000
2026-10-08 11:59:46,163 | INFO | CRM backend ready on http://0.0.0.0:5000
2026-10-08 11:59:49,063 | INFO | CRM backend ready on http://0.0.0.0:5000
2026-10-08 11:59:52,148 | INFO | CRM backend ready on http://0.0.0.0:5000
2026-10-08 11:59:55,244 | INFO | CRM backend ready on http://0.0.0.0:5000
2026-10-08 11:59:59,268 | INFO | CRM backend ready on http://0.0.0.0:5000
2026-10-08 12:00:04,862 | INFO | CRM backend ready on http://0.0.0.0:5000
2026-10-08 12:00:08,058 | INFO | CRM backend ready on http://0.0.0.0:5000
2026-10-08 12:00:11,933 | INFO | CRM backend ready on http://0.0.0.0:5000
2026-10-08 12:00:15,002 | INFO | CRM backend ready on http://0.0.0.0:5000
2026-10-08 12:00:18,037 | INFO | CRM backend ready on http://0.0.0.0:5000
2026-10-08 12:00:21,905 | INFO | CRM backend ready on http://0.0.0.0:5000
2026-10-08 12:00:24,893 | INFO | CRM backend ready on http://0.0.0.0:5000
2026-10-08 12:00:29,840 | INFO | CRM backend ready on http://0.0.0.0:5000
2026-10-08 12:00:31,698 | INFO | CRM backend ready on http://0.0.0.0:5000
2026-10-08 12:00:34,767 | INFO | CRM backend ready on http://0.0.0.0:5000
2026-10-08 12:00:38,147 | INFO | CRM backend ready on http://0.0.0.0:5000
2026-10-08 12:00:42,244 | INFO | CRM backend ready on http://0.0.0.0:5000
2026-10-08 12:00:44,281 | INFO | CRM backend ready on http://0.0.0.0:5000
2026-10-08 12:00:47,249 | INFO | CRM backend ready on http://0.0.0.0:5000
2026-10-08 12:00:50,266 | INFO | CRM backend ready on http://0.0.0.0:5000
2026-10-08 12:00:53,276 | INFO | CRM backend ready on http://0.0.0.0:5000
2026-10-08 12:00:58,256 | INFO | CRM backend ready on http://0.0.0.0:5000
2026-10-08 12:01:03,271 | INFO | CRM backend ready on http://0.0.0.0:5000
2026-10-08 12:01:08,364 | INFO | CRM backend ready on http://0.0.0.0:5000
2026-10-08 12:01:13,482 | INFO | CRM backend ready on http://0.0.0.0:5000
2026-10-08 12:01:18,473 | INFO | CRM backend ready on http://0.0.0.0:5000
2026-10-08 12:01:23,591 | INFO | CRM backend ready on http://0.0.0.0:5000
2026-10-08 12:01:28,626 | INFO | CRM backend ready on http://0.0.0.0:5000
2026-10-08 12:01:33,564 | INFO | CRM backend ready on http://0.0.0.0:5000
2026-10-08 12:01:38,764 | INFO | CRM backend ready on http://0.0.0.0:5000
2026-10-08 12:01:43,795 | INFO | CRM backend ready on http://0.0.0.0:5000
2026-10-08 12:01:48,740 | INFO | CRM backend ready on http://0.0.0.0:5000
2026-10-08 12:01:53,764 | INFO | CRM backend ready on http://0.0.0.0:5000
2026-10-08 12:01:58,612 | INFO | CRM backend ready on http://0.0.0.0:5000
2026-10-08 12:02:03,503 | INFO | CRM backend ready on http://0.0.0.0:5000
2026-10-08 12:02:05,371 | INFO | CRM backend ready on http://0.0.0.0:5000
2026-10-08 12:02:08,362 | INFO | CRM backend ready on http://0.0.0.0:5000
2026-10-08 12:02:11,287 | INFO | CRM backend ready on http://0.0.0.0:5000
2026-10-08 12:02:14,134 | INFO | CRM backend ready on http://0.0.0.0:5000
2026-10-08 12:02:19,099 | INFO | CRM backend ready on http://0.0.0.0:5000
2026-10-08 12:02:23,966 | INFO | CRM backend ready on http://0.0.0.0:5000
2026-10-08 12:02:28,932 | INFO | CRM backend ready on http://0.0.0.0:5000
2026-10-08 12:02:33,995 | INFO | CRM backend ready on http://0.0.0.0:5000
2026-10-08 12:02:38,913 | INFO | CRM backend ready on http://0.0.0.0:5000
2026-10-08 12:02:43,849 | INFO | CRM backend ready on http://0.0.0.0:5000
2026-10-08 12:02:49,840 | INFO | CRM backend ready on http://0.0.0.0:5000
2026-10-08 12:02:54,888 | INFO | CRM backend ready on http://0.0.0.0:5000
2026-10-08 12:02:59,863 | INFO | CRM backend ready on http://0.0.0.0:5000
2026-10-08 12:03:05,064 | INFO | CRM backend ready on http://0.0.0.0:5000
2026-10-08 12:03:10,207 | INFO | CRM backend ready on http://0.0.0.0:5000
2026-10-08 12:03:15,235 | INFO | CRM backend ready on http://0.0.0.0:5000
2026-10-08 12:03:20,365 | INFO | CRM backend ready on http://0.0.0.0:5000
2026-10-08 12:03:25,433 | INFO | CRM backend ready on http://0.0.0.0:5000
2026-10-08 12:03:30,481 | INFO | CRM backend ready on http://0.0.0.0:5000
2026-10-08 12:03:34,729 | INFO | CRM backend ready on http://0.0.0.0:5000
2026-10-08 12:03:40,630 | INFO | CRM backend ready on http://0.0.0.0:5000
2026-10-08 12:03:45,527 | INFO | CRM backend ready on http://0.0.0.0:5000
2026-10-08 12:03:50,510 | INFO | CRM backend ready on http://0.0.0.0:5000
2026-10-08 12:03:55,568 | INFO | CRM backend ready on http://0.0.0.0:5000
2026-10-08 12:04:00,451 | INFO | CRM backend ready on http://0.0.0.0:5000
2026-10-08 12:04:05,630 | INFO | CRM backend ready on http://0.0.0.0:5000
2026-10-08 12:04:10,499 | INFO | CRM backend ready on http://0.0.0.0:5000
2026-10-08 12:04:15,407 | INFO | CRM backend ready on http://0.0.0.0:5000
2026-10-08 12:04:20,401 | INFO | CRM backend ready on http://0.0.0.0:5000
2026-10-08 12:04:26,209 | INFO | CRM backend ready on http://0.0.0.0:5000
2026-10-08 12:04:31,181 | INFO | CRM backend ready on http://0.0.0.0:5000
2026-10-08 12:04:36,033 | INFO | CRM backend ready on http://0.0.0.0:5000
2026-10-08 12:04:41,080 | INFO | CRM backend ready on http://0.0.0.0:5000
2026-10-08 12:04:46,099 | INFO | CRM backend ready on http://0.0.0.0:5000
2026-10-08 12:04:50,973 | INFO | CRM backend ready on http://0.0.0.0:5000
2026-10-08 12:04:55,871 | INFO | CRM backend ready on http://0.0.0.0:5000
2026-10-08 12:05:02,212 | INFO | CRM backend ready on http://0.0.0.0:5000
2026-10-08 12:05:06,308 | INFO | CRM backend ready on http://0.0.0.0:5000
2026-10-08 12:05:11,276 | INFO | CRM backend ready on http://0.0.0.0:5000
2026-10-08 12:05:16,281 | INFO | CRM backend ready on http://0.0.0.0:5000
2026-10-08 12:05:21,331 | INFO | CRM backend ready on http://0.0.0.0:5000
2026-10-08 12:05:27,217 | INFO | CRM backend ready on http://0.0.0.0:5000
2026-10-08 12:05:32,102 | INFO | CRM backend ready on http://0.0.0.0:5000
2026-10-08 12:05:36,925 | INFO | CRM backend ready on http://0.0.0.0:5000
2026-10-08 12:05:41,977 | INFO | CRM backend ready on http://0.0.0.0:5000
2026-10-08 12:05:47,035 | INFO | CRM backend ready on http://0.0.0.0:5000
2026-10-08 12:05:51,947 | INFO | CRM backend ready on http://0.0.0.0:5000
2026-10-08 12:05:56,934 | INFO | CRM backend ready on http://0.0.0.0:5000
2026-10-08 12:06:03,025 | INFO | CRM backend ready on http://0.0.0.0:5000
2026-10-08 12:06:07,020 | INFO | CRM backend ready on http://0.0.0.0:5000
2026-10-08 12:06:12,929 | INFO | CRM backend ready on http://0.0.0.0:5000
2026-10-08 12:06:17,029 | INFO | CRM backend ready on http://0.0.0.0:5000
2026-10-08 12:06:22,209 | INFO | CRM backend ready on http://0.0.0.0:5000
2026-10-08 12:06:27,150 | INFO | CRM backend ready on http://0.0.0.0:5000
2026-10-08 12:06:32,303 | INFO | CRM backend ready on http://0.0.0.0:5000
2026-10-08 12:06:37,499 | INFO | CRM backend ready on http://0.0.0.0:5000
2026-10-08 12:06:42,680 | INFO | CRM backend ready on http://0.0.0.0:5000
2026-10-08 12:06:47,662 | INFO | CRM backend ready on http://0.0.0.0:5000
2026-10-08 12:06:52,696 | INFO | CRM backend ready on http://0.0.0.0:5000
2026-10-08 12:06:57,653 | INFO | CRM backend ready on http://0.0.0.0:5000
2026-10-08 12:07:02,795 | INFO | CRM backend ready on http://0.0.0.0:5000
2026-10-08 12:07:07,736 | INFO | CRM backend ready on http://0.0.0.0:5000
2026-10-08 12:07:12,726 | INFO | CRM backend ready on http://0.0.0.0:5000
2026-10-08 12:07:17,633 | INFO | CRM backend ready on http://0.0.0.0:5000
2026-10-08 12:07:22,634 | INFO | CRM backend ready on http://0.0.0.0:5000
2026-10-08 12:07:27,508 | INFO | CRM backend ready on http://0.0.0.0:5000
2026-10-08 12:07:33,447 | INFO | CRM backend ready on http://0.0.0.0:5000
2026-10-08 12:07:38,406 | INFO | CRM backend ready on http://0.0.0.0:5000
2026-10-08 12:07:43,240 | INFO | CRM backend ready on http://0.0.0.0:5000
2026-10-08 12:07:48,242 | INFO | CRM backend ready on http://0.0.0.0:5000
2026-10-08 12:07:53,182 | INFO | CRM backend ready on http://0.0.0.0:5000
2026-10-08 12:07:58,219 | INFO | CRM backend ready on http://0.0.0.0:5000
2026-10-08 12:08:03,352 | INFO | CRM backend ready on http://0.0.0.0:5000
2026-10-08 12:08:08,475 | INFO | CRM backend ready on http://0.0.0.0:5000
2026-10-08 12:08:13,443 | INFO | CRM backend ready on http://0.0.0.0:5000
2026-10-08 12:08:18,480 | INFO | CRM backend ready on http://0.0.0.0:5000
2026-10-08 12:08:23,545 | INFO | CRM backend ready on http://0.0.0.0:5000
2026-10-08 12:08:28,547 | INFO | CRM backend ready on http://0.0.0.0:5000
2026-10-08 12:08:33,708 | INFO | CRM backend ready on http://0.0.0.0:5000
2026-10-08 12:08:39,013 | INFO | CRM backend ready on http://0.0.0.0:5000
2026-10-08 12:08:44,019 | INFO | CRM backend ready on http://0.0.0.0:5000
2026-10-08 12:08:49,016 | INFO | CRM backend ready on http://0.0.0.0:5000
2026-10-08 12:08:53,891 | INFO | CRM backend ready on http://0.0.0.0:5000
2026-10-08 12:08:59,014 | INFO | CRM backend ready on http://0.0.0.0:5000
2026-10-08 12:09:04,212 | INFO | CRM backend ready on http://0.0.0.0:5000
2026-10-08 12:09:09,115 | INFO | CRM backend ready on http://0.0.0.0:5000
2026-10-08 12:09:13,978 | INFO | CRM backend ready on http://0.0.0.0:5000
2026-10-08 12:09:18,803 | INFO | CRM backend ready on http://0.0.0.0:5000
2026-10-08 12:09:21,768 | INFO | CRM backend ready on http://0.0.0.0:5000
2026-10-08 12:09:24,945 | INFO | CRM backend ready on http://0.0.0.0:5000
2026-10-08 12:09:28,819 | INFO | CRM backend ready on http://0.0.0.0:5000
2026-10-08 12:09:33,818 | INFO | CRM backend ready on http://0.0.0.0:5000
2026-10-08 12:09:36,730 | INFO | CRM backend ready on http://0.0.0.0:5000
2026-10-08 12:09:39,849 | INFO | CRM backend ready on http://0.0.0.0:5000
2026-10-08 12:09:43,835 | INFO | CRM backend ready on http://0.0.0.0:5000
2026-10-08 12:09:46,830 | INFO | CRM backend ready on http://0.0.0.0:5000
2026-10-08 12:09:49,847 | INFO | CRM backend ready on http://0.0.0.0:5000
2026-10-08 12:09:53,736 | INFO | CRM backend ready on http://0.0.0.0:5000
2026-10-08 12:09:56,687 | INFO | CRM backend ready on http://0.0.0.0:5000
2026-10-08 12:09:59,779 | INFO | CRM backend ready on http://0.0.0.0:5000
2026-10-08 12:10:04,054 | INFO | CRM backend ready on http://0.0.0.0:5000
2026-10-08 12:10:07,023 | INFO | CRM backend ready on http://0.0.0.0:5000
2026-10-08 12:10:10,331 | INFO | CRM backend ready on http://0.0.0.0:5000
2026-10-08 12:10:14,373 | INFO | CRM backend ready on http://0.0.0.0:5000
2026-10-08 12:10:19,371 | INFO | CRM backend ready on http://0.0.0.0:5000
2026-10-08 12:10:21,372 | INFO | CRM backend ready on http://0.0.0.0:5000
2026-10-08 12:10:24,280 | INFO | CRM backend ready on http://0.0.0.0:5000
2026-10-08 12:10:29,328 | INFO | CRM backend ready on http://0.0.0.0:5000
2026-10-08 12:10:32,321 | INFO | CRM backend ready on http://0.0.0.0:5000
2026-10-08 12:10:35,400 | INFO | CRM backend ready on http://0.0.0.0:5000
2026-10-08 12:10:39,277 | INFO | CRM backend ready on http://0.0.0.0:5000
2026-10-08 12:10:42,663 | INFO | CRM backend ready on http://0.0.0.0:5000
2026-10-08 12:10:46,843 | INFO | CRM backend ready on http://0.0.0.0:5000
2026-10-08 12:10:49,809 | INFO | CRM backend ready on http://0.0.0.0:5000
2026-10-08 12:10:55,156 | INFO | CRM backend ready on http://0.0.0.0:5000
2026-10-08 12:11:00,196 | INFO | CRM backend ready on http://0.0.0.0:5000
2026-10-08 12:11:04,608 | INFO | CRM backend ready on http://0.0.0.0:5000
2026-10-08 12:11:07,594 | INFO | CRM backend ready on http://0.0.0.0:5000
2026-10-08 12:11:10,596 | INFO | CRM backend ready on http://0.0.0.0:5000
2026-10-08 12:11:14,682 | INFO | CRM backend ready on http://0.0.0.0:5000
2026-10-08 12:11:17,623 | INFO | CRM backend ready on http://0.0.0.0:5000
2026-10-08 12:11:20,706 | INFO | CRM backend ready on http://0.0.0.0:5000
2026-10-08 12:11:22,458 | INFO | CRM backend ready on http://0.0.0.0:5000
2026-10-08 12:11:25,385 | INFO | CRM backend ready on http://0.0.0.0:5000
2026-10-08 12:11:28,291 | INFO | CRM backend ready on http://0.0.0.0:5000
2026-10-08 12:11:31,459 | INFO | CRM backend ready on http://0.0.0.0:5000
2026-10-08 12:11:35,387 | INFO | CRM backend ready on http://0.0.0.0:5000
2026-10-08 12:11:40,213 | INFO | CRM backend ready on http://0.0.0.0:5000
2026-10-08 12:11:43,338 | INFO | CRM backend ready on http://0.0.0.0:5000
2026-10-08 12:11:47,400 | INFO | CRM backend ready on http://0.0.0.0:5000
2026-10-08 12:11:50,346 | INFO | CRM backend ready on http://0.0.0.0:5000
2026-10-08 12:11:53,137 | INFO | CRM backend ready on http://0.0.0.0:5000
2026-10-08 12:11:56,106 | INFO | CRM backend ready on http://0.0.0.0:5000
2026-10-08 12:12:00,100 | INFO | CRM backend ready on http://0.0.0.0:5000
2026-10-08 12:12:03,093 | INFO | CRM backend ready on http://0.0.0.0:5000
2026-10-08 12:12:06,151 | INFO | CRM backend ready on http://0.0.0.0:5000
2026-10-08 12:12:10,055 | INFO | CRM backend ready on http://0.0.0.0:5000
2026-10-08 12:12:13,089 | INFO | CRM backend ready on http://0.0.0.0:5000
2026-10-08 12:12:16,208 | INFO | CRM backend ready on http://0.0.0.0:5000
2026-10-08 12:12:18,105 | INFO | CRM backend ready on http://0.0.0.0:5000
2026-10-08 12:12:21,042 | INFO | CRM backend ready on http://0.0.0.0:5000
2026-10-08 12:12:25,046 | INFO | CRM backend ready on http://0.0.0.0:5000
2026-10-08 12:12:27,893 | INFO | CRM backend ready on http://0.0.0.0:5000
2026-10-08 12:12:30,896 | INFO | CRM backend ready on http://0.0.0.0:5000
2026-10-08 12:12:33,847 | INFO | CRM backend ready on http://0.0.0.0:5000
2026-10-08 12:12:38,975 | INFO | CRM backend ready on http://0.0.0.0:5000
2026-10-08 12:12:42,175 | INFO | CRM backend ready on http://0.0.0.0:5000
2026-10-08 12:12:46,162 | INFO | CRM backend ready on http://0.0.0.0:5000
2026-10-08 12:12:49,096 | INFO | CRM backend ready on http://0.0.0.0:5000
2026-10-08 12:12:51,030 | INFO | CRM backend ready on http://0.0.0.0:5000
2026-10-08 12:12:53,930 | INFO | CRM backend ready on http://0.0.0.0:5000
2026-10-08 12:12:55,954 | INFO | CRM backend ready on http://0.0.0.0:5000
2026-10-08 12:12:58,957 | INFO | CRM backend ready on http://0.0.0.0:5000
2026-10-08 12:13:04,077 | INFO | CRM backend ready on http://0.0.0.0:5000
2026-10-08 12:13:06,265 | INFO | CRM backend ready on http://0.0.0.0:5000
2026-10-08 12:13:09,307 | INFO | CRM backend ready on http://0.0.0.0:5000
2026-10-08 12:13:14,259 | INFO | CRM backend ready on http://0.0.0.0:5000
2026-10-08 12:13:19,271 | INFO | CRM backend ready on http://0.0.0.0:5000
2026-10-08 12:13:24,253 | INFO | CRM backend ready on http://0.0.0.0:5000
2026-10-08 12:13:27,275 | INFO | CRM backend ready on http://0.0.0.0:5000
2026-10-08 12:13:30,165 | INFO | CRM backend ready on http://0.0.0.0:5000
2026-10-08 12:13:34,103 | INFO | CRM backend ready on http://0.0.0.0:5000
2026-10-08 12:13:35,994 | INFO | CRM backend ready on http://0.0.0.0:5000
2026-10-08 12:13:39,832 | INFO | CRM backend ready on http://0.0.0.0:5000
2026-10-08 12:13:45,052 | INFO | CRM backend ready on http://0.0.0.0:5000
2026-10-08 12:13:50,085 | INFO | CRM backend ready on http://0.0.0.0:5000
2026-10-08 12:13:54,989 | INFO | CRM backend ready on http://0.0.0.0:5000
2026-10-08 12:13:59,880 | INFO | CRM backend ready on http://0.0.0.0:5000
2026-10-08 12:14:04,901 | INFO | CRM backend ready on http://0.0.0.0:5000
2026-10-08 12:14:10,494 | INFO | CRM backend ready on http://0.0.0.0:5000
2026-10-08 12:14:14,658 | INFO | CRM backend ready on http://0.0.0.0:5000
2026-10-08 12:14:19,703 | INFO | CRM backend ready on http://0.0.0.0:5000
2026-10-08 12:14:22,747 | INFO | CRM backend ready on http://0.0.0.0:5000
2026-10-08 12:14:25,837 | INFO | CRM backend ready on http://0.0.0.0:5000
2026-10-08 12:14:29,837 | INFO | CRM backend ready on http://0.0.0.0:5000
2026-10-08 12:14:34,972 | INFO | CRM backend ready on http://0.0.0.0:5000
2026-10-08 12:14:40,439 | INFO | CRM backend ready on http://0.0.0.0:5000
2026-10-08 12:14:45,849 | INFO | CRM backend ready on http://0.0.0.0:5000
2026-10-08 12:14:51,033 | INFO | CRM backend ready on http://0.0.0.0:5000
2026-10-08 12:14:56,131 | INFO | CRM backend ready on http://0.0.0.0:5000
2026-10-08 12:15:01,236 | INFO | CRM backend ready on http://0.0.0.0:5000
2026-10-08 12:15:06,469 | INFO | CRM backend ready on http://0.0.0.0:5000
2026-10-08 12:15:11,393 | INFO | CRM backend ready on http://0.0.0.0:5000
2026-10-08 12:15:16,309 | INFO | CRM backend ready on http://0.0.0.0:5000
2026-10-08 12:15:21,468 | INFO | CRM backend ready on http://0.0.0.0:5000
2026-10-08 12:15:26,582 | INFO | CRM backend ready on http://0.0.0.0:5000
2026-10-08 12:15:31,530 | INFO | CRM backend ready on http://0.0.0.0:5000
2026-10-08 12:15:36,582 | INFO | CRM backend ready on http://0.0.0.0:5000
2026-10-08 12:15:41,698 | INFO | CRM backend ready on http://0.0.0.0:5000
2026-10-08 12:15:46,920 | INFO | CRM backend ready on http://0.0.0.0:5000
2026-10-08 12:15:52,065 | INFO | CRM backend ready on http://0.0.0.0:5000
2026-10-08 12:15:57,194 | INFO | CRM backend ready on http://0.0.0.0:5000
2026-10-08 12:16:02,281 | INFO | CRM backend ready on http://0.0.0.0:5000
2026-10-08 12:16:07,344 | INFO | CRM backend ready on http://0.0.0.0:5000
2026-10-08 12:16:12,531 | INFO | CRM backend ready on http://0.0.0.0:5000
2026-10-08 12:16:17,608 | INFO | CRM backend ready on http://0.0.0.0:5000
2026-10-08 12:16:21,896 | INFO | CRM backend ready on http://0.0.0.0:5000
2026-10-08 12:16:26,742 | INFO | CRM backend ready on http://0.0.0.0:5000
2026-10-08 12:16:32,845 | INFO | CRM backend ready on http://0.0.0.0:5000
2026-10-08 12:16:37,031 | INFO | CRM backend ready on http://0.0.0.0:5000
2026-10-08 12:16:42,038 | INFO | CRM backend ready on http://0.0.0.0:5000
2026-10-08 12:16:48,022 | INFO | CRM backend ready on http://0.0.0.0:5000
2026-10-08 12:16:52,966 | INFO | CRM backend ready on http://0.0.0.0:5000
2026-10-08 12:16:57,976 | INFO | CRM backend ready on http://0.0.0.0:5000
2026-10-08 12:17:03,008 | INFO | CRM backend ready on http://0.0.0.0:5000
2026-10-08 12:17:07,866 | INFO | CRM backend ready on http://0.0.0.0:5000
2026-10-08 12:17:12,885 | INFO | CRM backend ready on http://0.0.0.0:5000
2026-10-08 12:17:17,956 | INFO | CRM backend ready on http://0.0.0.0:5000
2026-10-08 12:17:23,111 | INFO | CRM backend ready on http://0.0.0.0:5000
2026-10-08 12:17:28,113 | INFO | CRM backend ready on http://0.0.0.0:5000
2026-10-08 12:17:33,100 | INFO | CRM backend ready on http://0.0.0.0:5000
2026-10-08 12:17:38,253 | INFO | CRM backend ready on http://0.0.0.0:5000
2026-10-08 12:17:43,440 | INFO | CRM backend ready on http://0.0.0.0:5000
2026-10-08 12:17:48,727 | INFO | CRM backend ready on http://0.0.0.0:5000
2026-10-08 12:17:53,934 | INFO | CRM backend ready on http://0.0.0.0:5000
2026-10-08 12:17:58,087 | INFO | CRM backend ready on http://0.0.0.0:5000
2026-10-08 12:18:03,108 | INFO | CRM backend ready on http://0.0.0.0:5000
2026-10-08 12:18:08,145 | INFO | CRM backend ready on http://0.0.0.0:5000
2026-10-08 12:18:13,258 | INFO | CRM backend ready on http://0.0.0.0:5000
2026-10-08 12:18:18,300 | INFO | CRM backend ready on http://0.0.0.0:5000
2026-10-08 12:18:23,327 | INFO | CRM backend ready on http://0.0.0.0:5000
2026-10-08 12:18:28,436 | INFO | CRM backend ready on http://0.0.0.0:5000
2026-10-08 12:18:33,458 | INFO | CRM backend ready on http://0.0.0.0:5000
2026-10-08 12:18:38,460 | INFO | CRM backend ready on http://0.0.0.0:5000
2026-10-08 12:18:43,758 | INFO | CRM backend ready on http://0.0.0.0:5000
2026-10-08 12:18:49,368 | INFO | CRM backend ready on http://0.0.0.0:5000
2026-10-08 12:18:53,489 | INFO | CRM backend ready on http://0.0.0.0:5000
2026-10-08 12:18:58,578 | INFO | CRM backend ready on http://0.0.0.0:5000
2026-10-08 12:19:03,525 | INFO | CRM backend ready on http://0.0.0.0:5000
2026-10-08 12:19:08,515 | INFO | CRM backend ready on http://0.0.0.0:5000
2026-10-08 12:19:13,539 | INFO | CRM backend ready on http://0.0.0.0:5000
2026-10-08 12:19:18,511 | INFO | CRM backend ready on http://0.0.0.0:5000
2026-10-08 12:19:23,633 | INFO | CRM backend ready on http://0.0.0.0:5000
2026-10-08 12:19:28,831 | INFO | CRM backend ready on http://0.0.0.0:5000
2026-10-08 12:19:33,965 | INFO | CRM backend ready on http://0.0.0.0:5000
2026-10-08 12:19:39,119 | INFO | CRM backend ready on http://0.0.0.0:5000
2026-10-08 12:19:44,216 | INFO | CRM backend ready on http://0.0.0.0:5000
2026-10-08 12:19:49,682 | INFO | CRM backend ready on http://0.0.0.0:5000
2026-10-08 12:19:54,802 | INFO | CRM backend ready on http://0.0.0.0:5000
2026-10-08 12:19:58,975 | INFO | CRM backend ready on http://0.0.0.0:5000
2026-10-08 12:20:04,220 | INFO | CRM backend ready on http://0.0.0.0:5000
2026-10-08 12:20:07,208 | INFO | CRM backend ready on http://0.0.0.0:5000
2026-10-08 12:20:12,576 | INFO | CRM backend ready on http://0.0.0.0:5000
2026-10-08 12:20:16,686 | INFO | CRM backend ready on http://0.0.0.0:5000
2026-10-08 12:20:19,510 | INFO | CRM backend ready on http://0.0.0.0:5000
2026-10-08 12:20:22,319 | INFO | CRM backend ready on http://0.0.0.0:5000
2026-10-08 12:20:24,322 | INFO | CRM backend ready on http://0.0.0.0:5000
2026-10-08 12:20:27,300 | INFO | CRM backend ready on http://0.0.0.0:5000
2026-10-08 12:20:30,314 | INFO | CRM backend ready on http://0.0.0.0:5000
2026-10-08 12:20:33,358 | INFO | CRM backend ready on http://0.0.0.0:5000
2026-10-08 12:20:37,316 | INFO | CRM backend ready on http://0.0.0.0:5000
2026-10-08 12:20:40,135 | INFO | CRM backend ready on http://0.0.0.0:5000
2026-10-08 12:20:43,161 | INFO | CRM backend ready on http://0.0.0.0:5000
2026-10-08 12:20:45,111 | INFO | CRM backend ready on http://0.0.0.0:5000
2026-10-08 12:20:48,135 | INFO | CRM backend ready on http://0.0.0.0:5000
2026-10-08 12:20:51,309 | INFO | CRM backend ready on http://0.0.0.0:5000
2026-10-08 12:20:55,177 | INFO | CRM backend ready on http://0.0.0.0:5000
2026-10-08 12:20:58,053 | INFO | CRM backend ready on http://0.0.0.0:5000
2026-10-08 12:21:01,101 | INFO | CRM backend ready on http://0.0.0.0:5000
2026-10-08 12:21:05,160 | INFO | CRM backend ready on http://0.0.0.0:5000
2026-10-08 12:21:08,509 | INFO | CRM backend ready on http://0.0.0.0:5000
2026-10-08 12:21:13,436 | INFO | CRM backend ready on http://0.0.0.0:5000
2026-10-08 12:21:18,590 | INFO | CRM backend ready on http://0.0.0.0:5000
2026-10-08 12:21:23,568 | INFO | CRM backend ready on http://0.0.0.0:5000
2026-10-08 12:21:28,700 | INFO | CRM backend ready on http://0.0.0.0:5000
2026-10-08 12:21:33,757 | INFO | CRM backend ready on http://0.0.0.0:5000
2026-10-08 12:21:38,954 | INFO | CRM backend ready on http://0.0.0.0:5000
2026-10-08 12:21:44,058 | INFO | CRM backend ready on http://0.0.0.0:5000
2026-10-08 12:21:48,154 | INFO | CRM backend ready on http://0.0.0.0:5000
2026-10-08 12:21:53,343 | INFO | CRM backend ready on http://0.0.0.0:5000
2026-10-08 12:21:55,387 | INFO | CRM backend ready on http://0.0.0.0:5000
2026-10-08 12:21:58,485 | INFO | CRM backend ready on http://0.0.0.0:5000
2026-10-08 12:22:01,601 | INFO | CRM backend ready on http://0.0.0.0:5000
2026-10-08 12:22:04,747 | INFO | CRM backend ready on http://0.0.0.0:5000
2026-10-08 12:22:08,955 | INFO | CRM backend ready on http://0.0.0.0:5000
2026-10-08 12:22:14,044 | INFO | CRM backend ready on http://0.0.0.0:5000
2026-10-08 12:22:19,259 | INFO | CRM backend ready on http://0.0.0.0:5000
2026-10-08 12:22:24,354 | INFO | CRM backend ready on http://0.0.0.0:5000
2026-10-08 12:22:29,616 | INFO | CRM backend ready on http://0.0.0.0:5000
2026-10-08 12:22:34,855 | INFO | CRM backend ready on http://0.0.0.0:5000
2026-10-08 12:22:39,834 | INFO | CRM backend ready on http://0.0.0.0:5000
2026-10-08 12:22:45,035 | INFO | CRM backend ready on http://0.0.0.0:5000
2026-10-08 12:22:49,983 | INFO | CRM backend ready on http://0.0.0.0:5000
2026-10-08 12:22:55,138 | INFO | CRM backend ready on http://0.0.0.0:5000
2026-10-08 12:23:00,221 | INFO | CRM backend ready on http://0.0.0.0:5000
2026-10-08 12:23:05,472 | INFO | CRM backend ready on http://0.0.0.0:5000
2026-10-08 12:23:09,831 | INFO | CRM backend ready on http://0.0.0.0:5000
2026-10-08 12:23:14,967 | INFO | CRM backend ready on http://0.0.0.0:5000
2026-10-08 12:23:20,537 | INFO | CRM backend ready on http://0.0.0.0:5000
2026-10-08 12:23:25,360 | INFO | CRM backend ready on http://0.0.0.0:5000
2026-10-08 12:23:31,021 | INFO | CRM backend ready on http://0.0.0.0:5000
2026-10-08 12:23:35,649 | INFO | CRM backend ready on http://0.0.0.0:5000
2026-10-08 12:23:41,288 | INFO | CRM backend ready on http://0.0.0.0:5000
2026-10-08 12:23:46,050 | INFO | CRM backend ready on http://0.0.0.0:5000
2026-10-08 12:23:51,734 | INFO | CRM backend ready on http://0.0.0.0:5000
2026-10-08 12:23:56,747 | INFO | CRM backend ready on http://0.0.0.0:5000
2026-10-08 12:24:01,351 | INFO | CRM backend ready on http://0.0.0.0:5000
2026-10-08 12:24:06,371 | INFO | CRM backend ready on http://0.0.0.0:5000
2026-10-08 12:24:11,219 | INFO | CRM backend ready on http://0.0.0.0:5000
2026-10-08 12:24:16,903 | INFO | CRM backend ready on http://0.0.0.0:5000
2026-10-08 12:24:21,637 | INFO | CRM backend ready on http://0.0.0.0:5000
2026-10-08 12:24:27,057 | INFO | CRM backend ready on http://0.0.0.0:5000
2026-10-08 12:24:31,708 | INFO | CRM backend ready on http://0.0.0.0:5000
2026-10-08 12:24:37,277 | INFO | CRM backend ready on http://0.0.0.0:5000
2026-10-08 12:24:42,150 | INFO | CRM backend ready on http://0.0.0.0:5000
2026-10-08 12:24:46,978 | INFO | CRM backend ready on http://0.0.0.0:5000
2026-10-08 12:24:52,978 | INFO | CRM backend ready on http://0.0.0.0:5000
2026-10-08 12:24:57,245 | INFO | CRM backend ready on http://0.0.0.0:5000
2026-10-08 12:25:02,905 | INFO | CRM backend ready on http://0.0.0.0:5000
2026-10-08 12:25:07,347 | INFO | CRM backend ready on http://0.0.0.0:5000
2026-10-08 12:25:12,559 | INFO | CRM backend ready on http://0.0.0.0:5000
2026-10-08 12:25:17,339 | INFO | CRM backend ready on http://0.0.0.0:5000
2026-10-08 12:25:22,217 | INFO | CRM backend ready on http://0.0.0.0:5000
2026-10-08 12:25:27,801 | INFO | CRM backend ready on http://0.0.0.0:5000
2026-10-08 12:25:32,430 | INFO | CRM backend ready on http://0.0.0.0:5000
2026-10-08 12:25:38,132 | INFO | CRM backend ready on http://0.0.0.0:5000
2026-10-08 12:25:42,927 | INFO | CRM backend ready on http://0.0.0.0:5000
2026-10-08 12:25:47,506 | INFO | CRM backend ready on http://0.0.0.0:5000
2026-10-08 12:25:53,104 | INFO | CRM backend ready on http://0.0.0.0:5000
2026-10-08 12:25:57,749 | INFO | CRM backend ready on http://0.0.0.0:5000
2026-10-08 12:26:02,599 | INFO | CRM backend ready on http://0.0.0.0:5000
2026-10-08 12:26:07,429 | INFO | CRM backend ready on http://0.0.0.0:5000
2026-10-08 12:26:13,253 | INFO | CRM backend ready on http://0.0.0.0:5000
2026-10-08 12:26:18,355 | INFO | CRM backend ready on http://0.0.0.0:5000
2026-10-08 12:26:23,396 | INFO | CRM backend ready on http://0.0.0.0:5000
2026-10-08 12:26:28,130 | INFO | CRM backend ready on http://0.0.0.0:5000
2026-10-08 12:26:33,026 | INFO | CRM backend ready on http://0.0.0.0:5000
2026-10-08 12:26:38,135 | INFO | CRM backend ready on http://0.0.0.0:5000
2026-10-08 12:26:42,649 | INFO | CRM backend ready on http://0.0.0.0:5000
2026-10-08 12:26:48,608 | INFO | CRM backend ready on http://0.0.0.0:5000
2026-10-08 12:26:53,163 | INFO | CRM backend ready on http://0.0.0.0:5000
2026-10-08 12:26:58,312 | INFO | CRM backend ready on http://0.0.0.0:5000
2026-10-08 12:27:01,983 | INFO | CRM backend ready on http://0.0.0.0:5000
2026-10-08 12:27:06,472 | INFO | CRM backend ready on http://0.0.0.0:5000
2026-10-08 12:27:11,537 | INFO | CRM backend ready on http://0.0.0.0:5000
2026-10-08 12:27:16,545 | INFO | CRM backend ready on http://0.0.0.0:5000
2026-10-08 12:27:22,411 | INFO | CRM backend ready on http://0.0.0.0:5000
2026-10-08 12:27:27,202 | INFO | CRM backend ready on http://0.0.0.0:5000
2026-10-08 12:27:31,875 | INFO | CRM backend ready on http://0.0.0.0:5000
2026-10-08 12:27:37,477 | INFO | CRM backend ready on http://0.0.0.0:5000
2026-10-08 12:27:42,219 | INFO | CRM backend ready on http://0.0.0.0:5000
2026-10-08 12:27:48,105 | INFO | CRM backend ready on http://0.0.0.0:5000
2026-10-08 12:27:52,809 | INFO | CRM backend ready on http://0.0.0.0:5000
2026-10-08 12:27:57,826 | INFO | CRM backend ready on http://0.0.0.0:5000
2026-10-08 12:28:02,929 | INFO | CRM backend ready on http://0.0.0.0:5000
2026-10-08 12:28:07,909 | INFO | CRM backend ready on http://0.0.0.0:5000
2026-10-08 12:28:13,023 | INFO | CRM backend ready on http://0.0.0.0:5000
2026-10-08 12:28:18,199 | INFO | CRM backend ready on http://0.0.0.0:5000
2026-10-08 12:28:23,312 | INFO | CRM backend ready on http://0.0.0.0:5000
2026-10-08 12:28:28,553 | INFO | CRM backend ready on http://0.0.0.0:5000
2026-10-08 12:28:33,660 | INFO | CRM backend ready on http://0.0.0.0:5000
2026-10-08 12:28:38,495 | INFO | CRM backend ready on http://0.0.0.0:5000
2026-10-08 12:28:44,321 | INFO | CRM backend ready on http://0.0.0.0:5000
2026-10-08 12:28:48,951 | INFO | CRM backend ready on http://0.0.0.0:5000
2026-10-08 12:28:53,699 | INFO | CRM backend ready on http://0.0.0.0:5000
2026-10-08 12:28:59,516 | INFO | CRM backend ready on http://0.0.0.0:5000
2026-10-08 12:29:04,210 | INFO | CRM backend ready on http://0.0.0.0:5000
2026-10-08 12:29:09,032 | INFO | CRM backend ready on http://0.0.0.0:5000
2026-10-08 12:29:13,876 | INFO | CRM backend ready on http://0.0.0.0:5000
2026-10-08 12:29:19,470 | INFO | CRM backend ready on http://0.0.0.0:5000
2026-10-08 12:29:23,928 | INFO | CRM backend ready on http://0.0.0.0:5000
2026-10-08 12:29:29,583 | INFO | CRM backend ready on http://0.0.0.0:5000
2026-10-08 12:29:34,002 | INFO | CRM backend ready on http://0.0.0.0:5000
2026-10-08 12:29:39,817 | INFO | CRM backend ready on http://0.0.0.0:5000
2026-10-08 12:29:44,244 | INFO | CRM backend ready on http://0.0.0.0:5000
2026-10-08 12:29:49,942 | INFO | CRM backend ready on http://0.0.0.0:5000
2026-10-08 12:29:54,525 | INFO | CRM backend ready on http://0.0.0.0:5000
2026-10-08 12:30:00,106 | INFO | CRM backend ready on http://0.0.0.0:5000
2026-10-08 12:30:04,713 | INFO | CRM backend ready on http://0.0.0.0:5000
2026-10-08 12:30:09,203 | INFO | CRM backend ready on http://0.0.0.0:5000
2026-10-08 12:30:14,847 | INFO | CRM backend ready on http://0.0.0.0:5000
2026-10-08 12:30:19,540 | INFO | CRM backend ready on http://0.0.0.0:5000
2026-10-08 12:30:24,341 | INFO | CRM backend ready on http://0.0.0.0:5000
2026-10-08 12:30:30,043 | INFO | CRM backend ready on http://0.0.0.0:5000
2026-10-08 12:30:34,645 | INFO | CRM backend ready on http://0.0.0.0:5000
2026-10-08 12:30:39,398 | INFO | CRM backend ready on http://0.0.0.0:5000
2026-10-08 12:30:45,183 | INFO | CRM backend ready on http://0.0.0.0:5000
2026-10-08 12:30:50,094 | INFO | CRM backend ready on http://0.0.0.0:5000
2026-10-08 12:30:54,925 | INFO | CRM backend ready on http://0.0.0.0:5000
2026-10-08 12:31:00,304 | INFO | CRM backend ready on http://0.0.0.0:5000
2026-10-08 12:31:04,945 | INFO | CRM backend ready on http://0.0.0.0:5000
2026-10-08 12:31:09,360 | INFO | CRM backend ready on http://0.0.0.0:5000
2026-10-08 12:31:14,980 | INFO | CRM backend ready on http://0.0.0.0:5000
2026-10-08 12:31:19,510 | INFO | CRM backend ready on http://0.0.0.0:5000
2026-10-08 12:31:23,020 | INFO | CRM backend ready on http://0.0.0.0:5000
2026-10-08 12:31:26,515 | INFO | CRM backend ready on http://0.0.0.0:5000
2026-10-08 12:31:29,961 | INFO | CRM backend ready on http://0.0.0.0:5000
2026-10-08 12:31:34,573 | INFO | CRM backend ready on http://0.0.0.0:5000
2026-10-08 12:31:38,144 | INFO | CRM backend ready on http://0.0.0.0:5000
2026-10-08 12:31:42,863 | INFO | CRM backend ready on http://0.0.0.0:5000
2026-10-08 12:31:48,432 | INFO | CRM backend ready on http://0.0.0.0:5000
2026-10-08 12:31:53,463 | INFO | CRM backend ready on http://0.0.0.0:5000
2026-10-08 12:31:58,510 | INFO | CRM backend ready on http://0.0.0.0:5000
2026-10-08 12:32:03,360 | INFO | CRM backend ready on http://0.0.0.0:5000
2026-10-08 12:32:06,030 | INFO | CRM backend ready on http://0.0.0.0:5000
2026-10-08 12:32:09,532 | INFO | CRM backend ready on http://0.0.0.0:5000
2026-10-08 12:32:13,588 | INFO | CRM backend ready on http://0.0.0.0:5000
2026-10-08 12:32:18,788 | INFO | CRM backend ready on http://0.0.0.0:5000
2026-10-08 12:32:21,483 | INFO | CRM backend ready on http://0.0.0.0:5000
2026-10-08 12:32:25,334 | INFO | CRM backend ready on http://0.0.0.0:5000
2026-10-08 12:32:29,187 | INFO | CRM backend ready on http://0.0.0.0:5000
2026-10-08 12:32:34,190 | INFO | CRM backend ready on http://0.0.0.0:5000
2026-10-08 12:32:39,358 | INFO | CRM backend ready on http://0.0.0.0:5000
2026-10-08 12:32:44,267 | INFO | CRM backend ready on http://0.0.0.0:5000
2026-10-08 12:32:49,175 | INFO | CRM backend ready on http://0.0.0.0:5000
2026-10-08 12:32:52,968 | INFO | CRM backend ready on http://0.0.0.0:5000
2026-10-08 12:32:55,671 | INFO | CRM backend ready on http://0.0.0.0:5000
2026-10-08 12:32:59,774 | INFO | CRM backend ready on http://0.0.0.0:5000
2026-10-08 12:33:05,181 | INFO | CRM backend ready on http://0.0.0.0:5000
2026-10-08 12:33:09,915 | INFO | CRM backend ready on http://0.0.0.0:5000
2026-10-08 12:33:15,977 | INFO | CRM backend ready on http://0.0.0.0:5000
2026-10-08 12:33:20,559 | INFO | CRM backend ready on http://0.0.0.0:5000
2026-10-08 12:33:25,187 | INFO | CRM backend ready on http://0.0.0.0:5000
2026-10-08 12:33:30,363 | INFO | CRM backend ready on http://0.0.0.0:5000
2026-10-08 12:33:35,887 | INFO | CRM backend ready on http://0.0.0.0:5000
2026-10-08 12:33:40,845 | INFO | CRM backend ready on http://0.0.0.0:5000
2026-10-08 12:33:45,820 | INFO | CRM backend ready on http://0.0.0.0:5000
2026-10-08 12:33:50,855 | INFO | CRM backend ready on http://0.0.0.0:5000
2026-10-08 12:33:56,279 | INFO | CRM backend ready on http://0.0.0.0:5000
2026-10-08 12:34:01,487 | INFO | CRM backend ready on http://0.0.0.0:5000
2026-10-08 12:34:05,862 | INFO | CRM backend ready on http://0.0.0.0:5000
2026-10-08 12:34:11,700 | INFO | CRM backend ready on http://0.0.0.0:5000
2026-10-08 12:34:16,575 | INFO | CRM backend ready on http://0.0.0.0:5000
2026-10-08 12:34:21,116 | INFO | CRM backend ready on http://0.0.0.0:5000
2026-10-08 12:34:25,902 | INFO | CRM backend ready on http://0.0.0.0:5000
2026-10-08 12:34:31,208 | INFO | CRM backend ready on http://0.0.0.0:5000
2026-10-08 12:34:36,671 | INFO | CRM backend ready on http://0.0.0.0:5000
2026-10-08 12:34:41,258 | INFO | CRM backend ready on http://0.0.0.0:5000
2026-10-08 12:34:45,996 | INFO | CRM backend ready on http://0.0.0.0:5000
2026-10-08 12:34:51,614 | INFO | CRM backend ready on http://0.0.0.0:5000
2026-10-08 12:34:56,233 | INFO | CRM backend ready on http://0.0.0.0:5000
2026-10-08 12:35:01,730 | INFO | CRM backend ready on http://0.0.0.0:5000
2026-10-08 12:35:06,817 | INFO | CRM backend ready on http://0.0.0.0:5000
2026-10-08 12:35:11,564 | INFO | CRM backend ready on http://0.0.0.0:5000
2026-10-08 12:35:16,248 | INFO | CRM backend ready on http://0.0.0.0:5000
2026-10-08 12:35:21,585 | INFO | CRM backend ready on http://0.0.0.0:5000
2026-10-08 12:35:27,138 | INFO | CRM backend ready on http://0.0.0.0:5000
2026-10-08 12:35:32,042 | INFO | CRM backend ready on http://0.0.0.0:5000
2026-10-08 12:35:36,828 | INFO | CRM backend ready on http://0.0.0.0:5000
2026-10-08 12:35:41,343 | INFO | CRM backend ready on http://0.0.0.0:5000
2026-10-08 12:35:45,061 | INFO | CRM backend ready on http://0.0.0.0:5000
2026-10-08 12:35:48,715 | INFO | CRM backend ready on http://0.0.0.0:5000
2026-10-08 12:35:52,491 | INFO | CRM backend ready on http://0.0.0.0:5000
2026-10-08 12:35:57,131 | INFO | CRM backend ready on http://0.0.0.0:5000
2026-10-08 12:36:01,812 | INFO | CRM backend ready on http://0.0.0.0:5000
2026-10-08 12:36:07,437 | INFO | CRM backend ready on http://0.0.0.0:5000
2026-10-08 12:36:12,278 | INFO | CRM backend ready on http://0.0.0.0:5000
2026-10-08 12:36:17,560 | INFO | CRM backend ready on http://0.0.0.0:5000
2026-10-08 12:36:22,178 | INFO | CRM backend ready on http://0.0.0.0:5000
2026-10-08 12:36:25,897 | INFO | CRM backend ready on http://0.0.0.0:5000
2026-10-08 12:36:29,657 | INFO | CRM backend ready on http://0.0.0.0:5000
2026-10-08 12:36:33,368 | INFO | CRM backend ready on http://0.0.0.0:5000
2026-10-08 12:36:37,226 | INFO | CRM backend ready on http://0.0.0.0:5000
2026-10-08 12:36:42,075 | INFO | CRM backend ready on http://0.0.0.0:5000
2026-10-08 12:36:46,764 | INFO | CRM backend ready on http://0.0.0.0:5000
2026-10-08 12:36:50,237 | INFO | CRM backend ready on http://0.0.0.0:5000
2026-10-08 12:36:53,791 | INFO | CRM backend ready on http://0.0.0.0:5000
2026-10-08 12:36:57,447 | INFO | CRM backend ready on http://0.0.0.0:5000
2026-10-08 12:37:02,194 | INFO | CRM backend ready on http://0.0.0.0:5000
2026-10-08 12:37:06,171 | INFO | CRM backend ready on http://0.0.0.0:5000
2026-10-08 12:37:09,925 | INFO | CRM backend ready on http://0.0.0.0:5000
2026-10-08 12:37:13,660 | INFO | CRM backend ready on http://0.0.0.0:5000
2026-10-08 12:37:17,315 | INFO | CRM backend ready on http://0.0.0.0:5000
2026-10-08 12:37:21,040 | INFO | CRM backend ready on http://0.0.0.0:5000
2026-10-08 12:37:25,843 | INFO | CRM backend ready on http://0.0.0.0:5000
2026-10-08 12:37:30,591 | INFO | CRM backend ready on http://0.0.0.0:5000
2026-10-08 12:37:34,460 | INFO | CRM backend ready on http://0.0.0.0:5000
2026-10-08 12:37:38,130 | INFO | CRM backend ready on http://0.0.0.0:5000
2026-10-08 12:37:42,997 | INFO | CRM backend ready on http://0.0.0.0:5000
2026-10-08 12:37:47,861 | INFO | CRM backend ready on http://0.0.0.0:5000
2026-10-08 12:37:51,840 | INFO | CRM backend ready on http://0.0.0.0:5000
2026-10-08 12:37:56,448 | INFO | CRM backend ready on http://0.0.0.0:5000
2026-10-08 12:38:00,210 | INFO | CRM backend ready on http://0.0.0.0:5000
2026-10-08 12:38:04,047 | INFO | CRM backend ready on http://0.0.0.0:5000
2026-10-08 12:38:08,146 | INFO | CRM backend ready on http://0.0.0.0:5000
2026-10-08 12:38:11,992 | INFO | CRM backend ready on http://0.0.0.0:5000
2026-10-08 12:38:17,360 | INFO | CRM backend ready on http://0.0.0.0:5000
2026-10-08 12:38:22,192 | INFO | CRM backend ready on http://0.0.0.0:5000
2026-10-08 12:38:26,858 | INFO | CRM backend ready on http://0.0.0.0:5000
2026-10-08 12:38:29,672 | INFO | CRM backend ready on http://0.0.0.0:5000
2026-10-08 12:38:33,551 | INFO | CRM backend ready on http://0.0.0.0:5000
2026-10-08 12:38:37,473 | INFO | CRM backend ready on http://0.0.0.0:5000
2026-10-08 12:38:42,014 | INFO | CRM backend ready on http://0.0.0.0:5000
2026-10-08 12:38:45,644 | INFO | CRM backend ready on http://0.0.0.0:5000
2026-10-08 12:38:49,394 | INFO | CRM backend ready on http://0.0.0.0:5000
2026-10-08 12:38:52,881 | INFO | CRM backend ready on http://0.0.0.0:5000
2026-10-08 12:38:57,554 | INFO | CRM backend ready on http://0.0.0.0:5000
2026-10-08 12:39:02,267 | INFO | CRM backend ready on http://0.0.0.0:5000
2026-10-08 12:39:08,329 | INFO | CRM backend ready on http://0.0.0.0:5000
2026-10-08 12:39:12,865 | INFO | CRM backend ready on http://0.0.0.0:5000
2026-10-08 12:39:17,552 | INFO | CRM backend ready on http://0.0.0.0:5000
2026-10-08 12:39:23,123 | INFO | CRM backend ready on http://0.0.0.0:5000
2026-10-08 12:39:27,792 | INFO | CRM backend ready on http://0.0.0.0:5000
2026-10-08 12:39:33,270 | INFO | CRM backend ready on http://0.0.0.0:5000
2026-10-08 12:39:37,970 | INFO | CRM backend ready on http://0.0.0.0:5000
2026-10-08 12:39:43,466 | INFO | CRM backend ready on http://0.0.0.0:5000
2026-10-08 12:39:48,261 | INFO | CRM backend ready on http://0.0.0.0:5000
2026-10-08 12:39:53,062 | INFO | CRM backend ready on http://0.0.0.0:5000
2026-10-08 12:39:58,763 | INFO | CRM backend ready on http://0.0.0.0:5000
2026-10-08 12:40:03,330 | INFO | CRM backend ready on http://0.0.0.0:5000
2026-10-08 12:40:08,629 | INFO | CRM backend ready on http://0.0.0.0:5000
2026-10-08 12:40:13,297 | INFO | CRM backend ready on http://0.0.0.0:5000
2026-10-08 12:40:18,295 | INFO | CRM backend ready on http://0.0.0.0:5000
2026-10-08 12:40:24,152 | INFO | CRM backend ready on http://0.0.0.0:5000
2026-10-08 12:40:29,014 | INFO | CRM backend ready on http://0.0.0.0:5000
2026-10-08 12:40:33,837 | INFO | CRM backend ready on http://0.0.0.0:5000
2026-10-08 12:40:38,333 | INFO | CRM backend ready on http://0.0.0.0:5000
2026-10-08 12:40:43,842 | INFO | CRM backend ready on http://0.0.0.0:5000
2026-10-08 12:40:48,309 | INFO | CRM backend ready on http://0.0.0.0:5000
2026-10-08 12:40:53,993 | INFO | CRM backend ready on http://0.0.0.0:5000
2026-10-08 12:40:58,735 | INFO | CRM backend ready on http://0.0.0.0:5000
2026-10-08 12:41:03,475 | INFO | CRM backend ready on http://0.0.0.0:5000
2026-10-08 12:41:09,614 | INFO | CRM backend ready on http://0.0.0.0:5000
2026-10-08 12:41:14,301 | INFO | CRM backend ready on http://0.0.0.0:5000
2026-10-08 12:41:19,286 | INFO | CRM backend ready on http://0.0.0.0:5000
2026-10-08 12:41:24,007 | INFO | CRM backend ready on http://0.0.0.0:5000
2026-10-08 12:41:28,962 | INFO | CRM backend ready on http://0.0.0.0:5000
2026-10-08 12:41:34,815 | INFO | CRM backend ready on http://0.0.0.0:5000
2026-10-08 12:41:39,576 | INFO | CRM backend ready on http://0.0.0.0:5000
2026-10-08 12:41:44,463 | INFO | CRM backend ready on http://0.0.0.0:5000
2026-10-08 12:41:49,014 | INFO | CRM backend ready on http://0.0.0.0:5000
2026-10-08 12:41:54,025 | INFO | CRM backend ready on http://0.0.0.0:5000
2026-10-08 12:41:59,121 | INFO | CRM backend ready on http://0.0.0.0:5000
2026-10-08 12:42:02,936 | INFO | CRM backend ready on http://0.0.0.0:5000
2026-10-08 12:42:06,690 | INFO | CRM backend ready on http://0.0.0.0:5000
2026-10-08 12:42:11,055 | INFO | CRM backend ready on http://0.0.0.0:5000
2026-10-08 12:42:14,862 | INFO | CRM backend ready on http://0.0.0.0:5000
2026-10-08 12:42:18,970 | INFO | CRM backend ready on http://0.0.0.0:5000
2026-10-08 12:42:23,032 | INFO | CRM backend ready on http://0.0.0.0:5000
2026-10-08 12:42:27,076 | INFO | CRM backend ready on http://0.0.0.0:5000
2026-10-08 12:42:31,197 | INFO | CRM backend ready on http://0.0.0.0:5000
2026-10-08 12:42:35,211 | INFO | CRM backend ready on http://0.0.0.0:5000
2026-10-08 12:42:39,098 | INFO | CRM backend ready on http://0.0.0.0:5000
2026-10-08 12:42:43,292 | INFO | CRM backend ready on http://0.0.0.0:5000
2026-10-08 12:42:48,338 | INFO | CRM backend ready on http://0.0.0.0:5000
2026-10-08 12:42:53,228 | INFO | CRM backend ready on http://0.0.0.0:5000
2026-10-08 12:42:58,234 | INFO | CRM backend ready on http://0.0.0.0:5000
2026-10-08 12:43:02,515 | INFO | CRM backend ready on http://0.0.0.0:5000
2026-10-08 12:43:06,411 | INFO | CRM backend ready on http://0.0.0.0:5000
2026-10-08 12:43:10,208 | INFO | CRM backend ready on http://0.0.0.0:5000
2026-10-08 12:43:14,517 | INFO | CRM backend ready on http://0.0.0.0:5000
2026-10-08 12:43:18,534 | INFO | CRM backend ready on http://0.0.0.0:5000
2026-10-08 12:43:23,104 | INFO | CRM backend ready on http://0.0.0.0:5000
2026-10-08 12:43:26,579 | INFO | CRM backend ready on http://0.0.0.0:5000
2026-10-08 12:43:30,136 | INFO | CRM backend ready on http://0.0.0.0:5000
2026-10-08 12:43:34,023 | INFO | CRM backend ready on http://0.0.0.0:5000
2026-10-08 12:43:38,567 | INFO | CRM backend ready on http://0.0.0.0:5000
2026-10-08 12:43:42,098 | INFO | CRM backend ready on http://0.0.0.0:5000
2026-10-08 12:43:45,702 | INFO | CRM backend ready on http://0.0.0.0:5000
2026-10-08 12:43:49,512 | INFO | CRM backend ready on http://0.0.0.0:5000
2026-10-08 12:43:54,458 | INFO | CRM backend ready on http://0.0.0.0:5000
2026-10-08 12:43:59,452 | INFO | CRM backend ready on http://0.0.0.0:5000
2026-10-08 12:44:04,206 | INFO | CRM backend ready on http://0.0.0.0:5000
2026-10-08 12:44:08,867 | INFO | CRM backend ready on http://0.0.0.0:5000
2026-10-08 12:44:12,065 | INFO | CRM backend ready on http://0.0.0.0:5000
2026-10-08 12:44:15,922 | INFO | CRM backend ready on http://0.0.0.0:5000
2026-10-08 12:44:19,955 | INFO | CRM backend ready on http://0.0.0.0:5000
2026-10-08 12:44:24,731 | INFO | CRM backend ready on http://0.0.0.0:5000
2026-10-08 12:44:29,427 | INFO | CRM backend ready on http://0.0.0.0:5000
2026-10-08 12:44:35,253 | INFO | CRM backend ready on http://0.0.0.0:5000
2026-10-08 12:44:40,259 | INFO | CRM backend ready on http://0.0.0.0:5000
2026-10-08 12:44:45,081 | INFO | CRM backend ready on http://0.0.0.0:5000
2026-10-08 12:44:50,048 | INFO | CRM backend ready on http://0.0.0.0:5000
2026-10-08 12:44:55,326 | INFO | CRM backend ready on http://0.0.0.0:5000
2026-10-08 12:45:00,720 | INFO | CRM backend ready on http://0.0.0.0:5000
2026-10-08 12:45:06,544 | INFO | CRM backend ready on http://0.0.0.0:5000
2026-10-08 12:45:10,617 | INFO | CRM backend ready on http://0.0.0.0:5000
2026-10-08 12:45:15,708 | INFO | CRM backend ready on http://0.0.0.0:5000
2026-10-08 12:45:20,910 | INFO | CRM backend ready on http://0.0.0.0:5000
2026-10-08 12:45:25,809 | INFO | CRM backend ready on http://0.0.0.0:5000
2026-10-08 12:45:31,542 | INFO | CRM backend ready on http://0.0.0.0:5000
2026-10-08 12:45:36,699 | INFO | CRM backend ready on http://0.0.0.0:5000
2026-10-08 12:45:41,286 | INFO | CRM backend ready on http://0.0.0.0:5000
2026-10-08 12:45:42,309 | INFO | GET /pages/employee-dashboard.html -> 304 (14ms) [anonymous]
2026-10-08 12:45:42,383 | INFO | GET /css/dashboard.css -> 304 (0ms) [anonymous]
2026-10-08 12:45:42,406 | INFO | GET /css/style.css -> 304 (0ms) [anonymous]
2026-10-08 12:45:42,468 | INFO | GET /js/auth.js -> 304 (8ms) [anonymous]
2026-10-08 12:45:42,479 | INFO | GET /css/responsive.css -> 304 (60ms) [anonymous]
2026-10-08 12:45:42,513 | INFO | GET /js/dashboard.js -> 304 (32ms) [anonymous]
2026-10-08 12:45:42,602 | INFO | GET /components/sidebar.html -> 304 (31ms) [anonymous]
2026-10-08 12:45:42,605 | INFO | GET /components/navbar.html -> 304 (0ms) [anonymous]
2026-10-08 12:45:42,665 | INFO | GET /components/modals.html -> 304 (22ms) [anonymous]
2026-10-08 12:45:42,664 | INFO | GET /components/footer.html -> 304 (24ms) [anonymous]
2026-10-08 12:45:42,767 | INFO | GET /api/reports/dashboard -> 200 (23ms) [jeeva]
2026-10-08 12:45:42,801 | INFO | GET /api/followups -> 200 (10ms) [jeeva]
2026-10-08 12:45:42,809 | INFO | GET /api/auth/notifications -> 200 (59ms) [jeeva]
2026-10-08 12:45:42,808 | INFO | GET /api/leads -> 200 (25ms) [jeeva]
2026-10-08 12:45:46,356 | INFO | CRM backend ready on http://0.0.0.0:5000
2026-10-08 12:45:50,745 | INFO | CRM backend ready on http://0.0.0.0:5000
2026-10-08 12:45:56,122 | INFO | CRM backend ready on http://0.0.0.0:5000
2026-10-08 12:46:01,432 | INFO | CRM backend ready on http://0.0.0.0:5000
2026-10-08 12:46:06,535 | INFO | CRM backend ready on http://0.0.0.0:5000
2026-10-08 12:46:10,916 | INFO | CRM backend ready on http://0.0.0.0:5000
2026-10-08 12:46:12,221 | INFO | GET /pages/companies.html -> 304 (1ms) [anonymous]
2026-10-08 12:46:12,261 | INFO | GET /css/style.css -> 304 (3ms) [anonymous]
2026-10-08 12:46:12,288 | INFO | GET /css/dashboard.css -> 304 (5ms) [anonymous]
2026-10-08 12:46:12,298 | INFO | GET /css/responsive.css -> 304 (8ms) [anonymous]
2026-10-08 12:46:12,299 | INFO | GET /js/auth.js -> 304 (7ms) [anonymous]
2026-10-08 12:46:12,308 | INFO | GET /js/leads.js -> 200 (10ms) [anonymous]
2026-10-08 12:46:12,370 | INFO | GET /components/sidebar.html -> 304 (1ms) [anonymous]
2026-10-08 12:46:12,386 | INFO | GET /components/navbar.html -> 304 (10ms) [anonymous]
2026-10-08 12:46:12,404 | INFO | GET /components/modals.html -> 304 (16ms) [anonymous]
2026-10-08 12:46:12,406 | INFO | GET /components/footer.html -> 304 (12ms) [anonymous]
2026-10-08 12:46:12,489 | INFO | GET /api/auth/notifications -> 200 (3ms) [jeeva]
2026-10-08 12:46:12,510 | INFO | GET /api/companies -> 200 (0ms) [jeeva]
2026-10-08 12:46:16,536 | INFO | CRM backend ready on http://0.0.0.0:5000
2026-10-08 12:46:21,041 | INFO | CRM backend ready on http://0.0.0.0:5000
2026-10-08 12:46:22,086 | INFO | GET /pages/leads.html -> 304 (62ms) [anonymous]
2026-10-08 12:46:22,131 | INFO | GET /css/dashboard.css -> 304 (0ms) [anonymous]
2026-10-08 12:46:22,134 | INFO | GET /css/style.css -> 304 (9ms) [anonymous]
2026-10-08 12:46:22,174 | INFO | GET /css/responsive.css -> 304 (34ms) [anonymous]
2026-10-08 12:46:22,182 | INFO | GET /js/auth.js -> 304 (0ms) [anonymous]
2026-10-08 12:46:22,208 | INFO | GET /js/leads.js -> 304 (0ms) [anonymous]
2026-10-08 12:46:22,290 | INFO | GET /components/sidebar.html -> 304 (0ms) [anonymous]
2026-10-08 12:46:22,361 | INFO | GET /components/navbar.html -> 304 (26ms) [anonymous]
2026-10-08 12:46:22,428 | INFO | GET /components/footer.html -> 304 (86ms) [anonymous]
2026-10-08 12:46:22,430 | INFO | GET /components/modals.html -> 304 (49ms) [anonymous]
2026-10-08 12:46:22,475 | INFO | GET /api/auth/notifications -> 200 (1ms) [jeeva]
2026-10-08 12:46:22,479 | INFO | GET /api/leads -> 200 (1ms) [jeeva]
2026-10-08 12:46:22,715 | INFO | GET /pages/followups.html -> 304 (1ms) [anonymous]
2026-10-08 12:46:22,764 | INFO | GET /css/dashboard.css -> 304 (3ms) [anonymous]
2026-10-08 12:46:22,772 | INFO | GET /css/style.css -> 304 (0ms) [anonymous]
2026-10-08 12:46:22,773 | INFO | GET /css/responsive.css -> 304 (6ms) [anonymous]
2026-10-08 12:46:22,781 | INFO | GET /js/leads.js -> 304 (1ms) [anonymous]
2026-10-08 12:46:22,778 | INFO | GET /js/auth.js -> 304 (15ms) [anonymous]
2026-10-08 12:46:22,836 | INFO | GET /components/sidebar.html -> 304 (7ms) [anonymous]
2026-10-08 12:46:22,838 | INFO | GET /components/footer.html -> 304 (7ms) [anonymous]
2026-10-08 12:46:22,841 | INFO | GET /components/modals.html -> 304 (2ms) [anonymous]
2026-10-08 12:46:22,845 | INFO | GET /components/navbar.html -> 304 (9ms) [anonymous]
2026-10-08 12:46:22,912 | INFO | GET /api/auth/notifications -> 200 (17ms) [jeeva]
2026-10-08 12:46:22,933 | INFO | GET /api/employees -> 200 (0ms) [jeeva]
2026-10-08 12:46:22,943 | INFO | GET /api/followups -> 200 (0ms) [jeeva]
2026-10-08 12:46:24,904 | INFO | GET /pages/projects.html -> 304 (0ms) [anonymous]
2026-10-08 12:46:24,965 | INFO | GET /css/style.css -> 304 (3ms) [anonymous]
2026-10-08 12:46:24,970 | INFO | GET /js/projects.js -> 304 (0ms) [anonymous]
2026-10-08 12:46:24,972 | INFO | GET /css/responsive.css -> 304 (14ms) [anonymous]
2026-10-08 12:46:24,975 | INFO | GET /css/dashboard.css -> 304 (15ms) [anonymous]
2026-10-08 12:46:24,978 | INFO | GET /js/auth.js -> 304 (19ms) [anonymous]
2026-10-08 12:46:25,046 | INFO | GET /components/navbar.html -> 304 (0ms) [anonymous]
2026-10-08 12:46:25,055 | INFO | GET /components/sidebar.html -> 304 (0ms) [anonymous]
2026-10-08 12:46:25,056 | INFO | GET /components/modals.html -> 304 (4ms) [anonymous]
2026-10-08 12:46:25,057 | INFO | GET /components/footer.html -> 304 (15ms) [anonymous]
2026-10-08 12:46:25,069 | INFO | GET /css/style.css -> 304 (2ms) [anonymous]
2026-10-08 12:46:25,078 | INFO | GET /css/responsive.css -> 304 (2ms) [anonymous]
2026-10-08 12:46:26,805 | INFO | CRM backend ready on http://0.0.0.0:5000
2026-10-08 12:46:28,099 | INFO | GET /api/auth/notifications -> 200 (1ms) [jeeva]
2026-10-08 12:46:28,110 | INFO | GET /api/companies -> 200 (0ms) [jeeva]
2026-10-08 12:46:28,139 | INFO | GET /api/employees -> 200 (0ms) [jeeva]
2026-10-08 12:46:28,145 | INFO | GET /api/developers -> 200 (0ms) [jeeva]
2026-10-08 12:46:28,158 | INFO | GET /pages/settings.html -> 200 (1ms) [anonymous]
2026-10-08 12:46:28,172 | INFO | GET /api/projects -> 200 (0ms) [jeeva]
2026-10-08 12:46:28,201 | INFO | GET /css/style.css -> 304 (0ms) [anonymous]
2026-10-08 12:46:28,210 | INFO | GET /js/auth.js -> 304 (0ms) [anonymous]
2026-10-08 12:46:28,220 | INFO | GET /css/responsive.css -> 304 (6ms) [anonymous]
2026-10-08 12:46:28,226 | INFO | GET /js/dashboard.js -> 304 (6ms) [anonymous]
2026-10-08 12:46:28,221 | INFO | GET /css/dashboard.css -> 304 (8ms) [anonymous]
2026-10-08 12:46:28,321 | INFO | GET /components/footer.html -> 304 (1ms) [anonymous]
2026-10-08 12:46:28,324 | INFO | GET /components/navbar.html -> 304 (0ms) [anonymous]
2026-10-08 12:46:28,326 | INFO | GET /components/modals.html -> 304 (9ms) [anonymous]
2026-10-08 12:46:28,328 | INFO | GET /components/sidebar.html -> 304 (0ms) [anonymous]
2026-10-08 12:46:28,411 | INFO | GET /api/auth/notifications -> 200 (1ms) [jeeva]
2026-10-08 12:46:28,425 | INFO | GET /api/auth/me -> 200 (0ms) [jeeva]
2026-10-08 12:46:28,463 | INFO | GET /api/employees/emp_3dbe82c7aa1d -> 200 (4ms) [jeeva]
2026-10-08 12:46:31,383 | INFO | CRM backend ready on http://0.0.0.0:5000
2026-10-08 12:46:36,659 | INFO | CRM backend ready on http://0.0.0.0:5000
2026-10-08 12:46:41,186 | INFO | CRM backend ready on http://0.0.0.0:5000
2026-10-08 12:46:46,570 | INFO | CRM backend ready on http://0.0.0.0:5000
2026-10-08 12:46:51,974 | INFO | CRM backend ready on http://0.0.0.0:5000
2026-10-08 12:46:56,728 | INFO | CRM backend ready on http://0.0.0.0:5000
2026-10-08 12:47:01,520 | INFO | CRM backend ready on http://0.0.0.0:5000
2026-10-08 12:47:07,932 | INFO | CRM backend ready on http://0.0.0.0:5000
2026-10-08 12:47:12,292 | INFO | CRM backend ready on http://0.0.0.0:5000
2026-10-08 12:47:17,164 | INFO | CRM backend ready on http://0.0.0.0:5000
2026-10-08 12:47:22,140 | INFO | CRM backend ready on http://0.0.0.0:5000
2026-10-08 12:47:27,010 | INFO | CRM backend ready on http://0.0.0.0:5000
2026-10-08 12:47:31,329 | INFO | CRM backend ready on http://0.0.0.0:5000
2026-10-08 12:47:36,359 | INFO | CRM backend ready on http://0.0.0.0:5000
2026-10-08 12:47:41,342 | INFO | CRM backend ready on http://0.0.0.0:5000
2026-10-08 12:47:46,661 | INFO | CRM backend ready on http://0.0.0.0:5000
2026-10-08 12:47:52,043 | INFO | CRM backend ready on http://0.0.0.0:5000
2026-10-08 12:47:57,280 | INFO | CRM backend ready on http://0.0.0.0:5000
2026-10-08 12:48:02,378 | INFO | CRM backend ready on http://0.0.0.0:5000
2026-10-08 12:48:08,001 | INFO | CRM backend ready on http://0.0.0.0:5000
2026-10-08 12:48:11,852 | INFO | CRM backend ready on http://0.0.0.0:5000
2026-10-08 12:48:17,189 | INFO | CRM backend ready on http://0.0.0.0:5000
2026-10-08 12:48:22,484 | INFO | CRM backend ready on http://0.0.0.0:5000
2026-10-08 12:48:27,679 | INFO | CRM backend ready on http://0.0.0.0:5000
2026-10-08 12:48:31,883 | INFO | CRM backend ready on http://0.0.0.0:5000
2026-10-08 12:48:36,933 | INFO | CRM backend ready on http://0.0.0.0:5000
2026-10-08 12:48:42,123 | INFO | CRM backend ready on http://0.0.0.0:5000
2026-10-08 12:48:47,837 | INFO | CRM backend ready on http://0.0.0.0:5000
2026-10-08 12:48:52,758 | INFO | CRM backend ready on http://0.0.0.0:5000
2026-10-08 12:48:57,008 | INFO | CRM backend ready on http://0.0.0.0:5000
2026-10-08 12:49:02,845 | INFO | CRM backend ready on http://0.0.0.0:5000
2026-10-08 12:49:07,253 | INFO | CRM backend ready on http://0.0.0.0:5000
2026-10-08 12:49:12,482 | INFO | CRM backend ready on http://0.0.0.0:5000
2026-10-08 12:49:18,105 | INFO | CRM backend ready on http://0.0.0.0:5000
2026-10-08 12:49:23,410 | INFO | CRM backend ready on http://0.0.0.0:5000
2026-10-08 12:49:27,899 | INFO | CRM backend ready on http://0.0.0.0:5000
2026-10-08 12:49:32,434 | INFO | CRM backend ready on http://0.0.0.0:5000
2026-10-08 12:49:37,846 | INFO | CRM backend ready on http://0.0.0.0:5000
2026-10-08 12:49:43,316 | INFO | CRM backend ready on http://0.0.0.0:5000
2026-10-08 12:49:48,087 | INFO | CRM backend ready on http://0.0.0.0:5000
2026-10-08 12:49:53,002 | INFO | CRM backend ready on http://0.0.0.0:5000
2026-10-08 12:49:58,399 | INFO | CRM backend ready on http://0.0.0.0:5000
2026-10-08 12:50:03,147 | INFO | CRM backend ready on http://0.0.0.0:5000
2026-10-08 12:50:07,692 | INFO | CRM backend ready on http://0.0.0.0:5000
2026-10-08 12:50:13,460 | INFO | CRM backend ready on http://0.0.0.0:5000
2026-10-08 12:50:17,970 | INFO | CRM backend ready on http://0.0.0.0:5000
2026-10-08 12:50:23,489 | INFO | CRM backend ready on http://0.0.0.0:5000
2026-10-08 12:50:28,594 | INFO | CRM backend ready on http://0.0.0.0:5000
2026-10-08 12:50:33,098 | INFO | CRM backend ready on http://0.0.0.0:5000
2026-10-08 12:50:37,831 | INFO | CRM backend ready on http://0.0.0.0:5000
2026-10-08 12:50:43,355 | INFO | CRM backend ready on http://0.0.0.0:5000
2026-10-08 12:50:48,870 | INFO | CRM backend ready on http://0.0.0.0:5000
2026-10-08 12:50:53,358 | INFO | CRM backend ready on http://0.0.0.0:5000
2026-10-08 12:50:58,775 | INFO | CRM backend ready on http://0.0.0.0:5000
2026-10-08 12:51:04,040 | INFO | CRM backend ready on http://0.0.0.0:5000
2026-10-08 12:51:08,461 | INFO | CRM backend ready on http://0.0.0.0:5000
2026-10-08 12:51:13,593 | INFO | CRM backend ready on http://0.0.0.0:5000
2026-10-08 12:51:18,958 | INFO | CRM backend ready on http://0.0.0.0:5000
2026-10-08 12:51:23,899 | INFO | CRM backend ready on http://0.0.0.0:5000
2026-10-08 12:51:28,414 | INFO | CRM backend ready on http://0.0.0.0:5000
2026-10-08 12:51:33,490 | INFO | CRM backend ready on http://0.0.0.0:5000
2026-10-08 12:51:38,832 | INFO | CRM backend ready on http://0.0.0.0:5000
2026-10-08 12:51:44,107 | INFO | CRM backend ready on http://0.0.0.0:5000
2026-10-08 12:51:49,489 | INFO | CRM backend ready on http://0.0.0.0:5000
2026-10-08 12:51:54,114 | INFO | CRM backend ready on http://0.0.0.0:5000
2026-10-08 12:51:58,488 | INFO | CRM backend ready on http://0.0.0.0:5000
2026-10-08 12:52:03,455 | INFO | CRM backend ready on http://0.0.0.0:5000
2026-10-08 12:52:08,521 | INFO | CRM backend ready on http://0.0.0.0:5000
2026-10-08 12:52:14,018 | INFO | CRM backend ready on http://0.0.0.0:5000
2026-10-08 12:52:20,550 | INFO | CRM backend ready on http://0.0.0.0:5000
2026-10-08 12:52:24,013 | INFO | CRM backend ready on http://0.0.0.0:5000
2026-10-08 12:52:27,177 | INFO | CRM backend ready on http://0.0.0.0:5000
2026-10-08 12:52:30,089 | INFO | CRM backend ready on http://0.0.0.0:5000
2026-10-08 12:52:33,942 | INFO | CRM backend ready on http://0.0.0.0:5000
2026-10-08 12:52:37,179 | INFO | CRM backend ready on http://0.0.0.0:5000
2026-10-08 12:52:40,263 | INFO | CRM backend ready on http://0.0.0.0:5000
2026-10-08 12:52:44,182 | INFO | CRM backend ready on http://0.0.0.0:5000
2026-10-08 12:52:49,054 | INFO | CRM backend ready on http://0.0.0.0:5000
2026-10-08 12:52:53,930 | INFO | CRM backend ready on http://0.0.0.0:5000
2026-10-08 12:52:58,809 | INFO | CRM backend ready on http://0.0.0.0:5000
2026-10-08 12:53:03,693 | INFO | CRM backend ready on http://0.0.0.0:5000
2026-10-08 12:53:09,667 | INFO | CRM backend ready on http://0.0.0.0:5000
2026-10-08 12:53:14,551 | INFO | CRM backend ready on http://0.0.0.0:5000
2026-10-08 12:53:19,443 | INFO | CRM backend ready on http://0.0.0.0:5000
2026-10-08 12:53:24,331 | INFO | CRM backend ready on http://0.0.0.0:5000
2026-10-08 12:53:29,309 | INFO | CRM backend ready on http://0.0.0.0:5000
2026-10-08 12:53:34,424 | INFO | CRM backend ready on http://0.0.0.0:5000
2026-10-08 12:53:39,575 | INFO | CRM backend ready on http://0.0.0.0:5000
2026-10-08 12:53:44,706 | INFO | CRM backend ready on http://0.0.0.0:5000
2026-10-08 12:53:49,848 | INFO | CRM backend ready on http://0.0.0.0:5000
2026-10-08 12:53:54,913 | INFO | CRM backend ready on http://0.0.0.0:5000
2026-10-08 12:53:59,929 | INFO | CRM backend ready on http://0.0.0.0:5000
2026-10-08 12:54:05,054 | INFO | CRM backend ready on http://0.0.0.0:5000
2026-10-08 12:54:10,013 | INFO | CRM backend ready on http://0.0.0.0:5000
2026-10-08 12:54:15,137 | INFO | CRM backend ready on http://0.0.0.0:5000
2026-10-08 12:54:20,136 | INFO | CRM backend ready on http://0.0.0.0:5000
2026-10-08 12:54:25,109 | INFO | CRM backend ready on http://0.0.0.0:5000
2026-10-08 12:54:30,131 | INFO | CRM backend ready on http://0.0.0.0:5000
2026-10-08 12:54:35,230 | INFO | CRM backend ready on http://0.0.0.0:5000
2026-10-08 12:54:39,358 | INFO | CRM backend ready on http://0.0.0.0:5000
2026-10-08 12:54:44,664 | INFO | CRM backend ready on http://0.0.0.0:5000
2026-10-08 12:54:49,634 | INFO | CRM backend ready on http://0.0.0.0:5000
2026-10-08 12:54:54,692 | INFO | CRM backend ready on http://0.0.0.0:5000
2026-10-08 12:55:00,048 | INFO | CRM backend ready on http://0.0.0.0:5000
2026-10-08 12:55:05,295 | INFO | CRM backend ready on http://0.0.0.0:5000
2026-10-08 12:55:10,358 | INFO | CRM backend ready on http://0.0.0.0:5000
2026-10-08 12:55:15,565 | INFO | CRM backend ready on http://0.0.0.0:5000
2026-10-08 12:55:20,773 | INFO | CRM backend ready on http://0.0.0.0:5000
2026-10-08 12:55:25,481 | INFO | CRM backend ready on http://0.0.0.0:5000
2026-10-08 12:55:29,359 | INFO | CRM backend ready on http://0.0.0.0:5000
2026-10-08 12:55:35,346 | INFO | CRM backend ready on http://0.0.0.0:5000
2026-10-08 12:55:38,811 | INFO | CRM backend ready on http://0.0.0.0:5000
2026-10-08 12:55:44,440 | INFO | CRM backend ready on http://0.0.0.0:5000
2026-10-08 12:55:48,765 | INFO | CRM backend ready on http://0.0.0.0:5000
2026-10-08 12:55:56,171 | INFO | CRM backend ready on http://0.0.0.0:5000
2026-10-08 12:56:01,428 | INFO | CRM backend ready on http://0.0.0.0:5000
2026-10-08 12:56:06,324 | INFO | CRM backend ready on http://0.0.0.0:5000
2026-10-08 12:56:11,112 | INFO | CRM backend ready on http://0.0.0.0:5000
2026-10-08 12:56:15,291 | INFO | CRM backend ready on http://0.0.0.0:5000
2026-10-08 12:56:20,598 | INFO | CRM backend ready on http://0.0.0.0:5000
2026-10-08 12:56:26,769 | INFO | CRM backend ready on http://0.0.0.0:5000
2026-10-08 12:56:31,704 | INFO | CRM backend ready on http://0.0.0.0:5000
2026-10-08 12:56:35,895 | INFO | CRM backend ready on http://0.0.0.0:5000
2026-10-08 12:56:41,098 | INFO | CRM backend ready on http://0.0.0.0:5000
2026-10-08 12:56:46,399 | INFO | CRM backend ready on http://0.0.0.0:5000
2026-10-08 12:56:51,463 | INFO | CRM backend ready on http://0.0.0.0:5000
2026-10-08 12:56:55,989 | INFO | CRM backend ready on http://0.0.0.0:5000
2026-10-08 12:57:01,078 | INFO | CRM backend ready on http://0.0.0.0:5000
2026-10-08 12:57:06,444 | INFO | CRM backend ready on http://0.0.0.0:5000
2026-10-08 12:57:11,578 | INFO | CRM backend ready on http://0.0.0.0:5000
2026-10-08 12:57:15,882 | INFO | CRM backend ready on http://0.0.0.0:5000
2026-10-08 12:57:22,219 | INFO | CRM backend ready on http://0.0.0.0:5000
2026-10-08 12:57:26,377 | INFO | CRM backend ready on http://0.0.0.0:5000
2026-10-08 12:57:31,402 | INFO | CRM backend ready on http://0.0.0.0:5000
2026-10-08 12:57:36,948 | INFO | CRM backend ready on http://0.0.0.0:5000
2026-10-08 12:57:41,351 | INFO | CRM backend ready on http://0.0.0.0:5000
2026-10-08 12:57:46,976 | INFO | CRM backend ready on http://0.0.0.0:5000
2026-10-08 12:57:51,682 | INFO | CRM backend ready on http://0.0.0.0:5000
2026-10-08 12:57:56,667 | INFO | CRM backend ready on http://0.0.0.0:5000
2026-10-08 12:58:01,452 | INFO | CRM backend ready on http://0.0.0.0:5000
2026-10-08 12:58:07,053 | INFO | CRM backend ready on http://0.0.0.0:5000
2026-10-08 12:58:11,676 | INFO | CRM backend ready on http://0.0.0.0:5000
2026-10-08 12:58:17,353 | INFO | CRM backend ready on http://0.0.0.0:5000
2026-10-08 12:58:21,890 | INFO | CRM backend ready on http://0.0.0.0:5000
2026-10-08 12:58:26,711 | INFO | CRM backend ready on http://0.0.0.0:5000
2026-10-08 12:58:31,666 | INFO | CRM backend ready on http://0.0.0.0:5000
2026-10-08 12:58:37,164 | INFO | CRM backend ready on http://0.0.0.0:5000
2026-10-08 12:58:42,340 | INFO | CRM backend ready on http://0.0.0.0:5000
2026-10-08 12:58:47,445 | INFO | CRM backend ready on http://0.0.0.0:5000
2026-10-08 12:58:52,305 | INFO | CRM backend ready on http://0.0.0.0:5000
2026-10-08 12:58:57,247 | INFO | CRM backend ready on http://0.0.0.0:5000
2026-10-08 12:59:01,782 | INFO | CRM backend ready on http://0.0.0.0:5000
2026-10-08 12:59:07,461 | INFO | CRM backend ready on http://0.0.0.0:5000
2026-10-08 12:59:12,185 | INFO | CRM backend ready on http://0.0.0.0:5000
2026-10-08 12:59:17,152 | INFO | CRM backend ready on http://0.0.0.0:5000
2026-10-08 12:59:22,638 | INFO | CRM backend ready on http://0.0.0.0:5000
2026-10-08 12:59:28,187 | INFO | CRM backend ready on http://0.0.0.0:5000
2026-10-08 12:59:32,306 | INFO | CRM backend ready on http://0.0.0.0:5000
2026-10-08 12:59:37,097 | INFO | CRM backend ready on http://0.0.0.0:5000
2026-10-08 12:59:42,951 | INFO | CRM backend ready on http://0.0.0.0:5000
2026-10-08 12:59:47,932 | INFO | CRM backend ready on http://0.0.0.0:5000
2026-10-08 12:59:52,793 | INFO | CRM backend ready on http://0.0.0.0:5000
2026-10-08 12:59:57,699 | INFO | CRM backend ready on http://0.0.0.0:5000
2026-10-08 13:00:02,853 | INFO | CRM backend ready on http://0.0.0.0:5000
2026-10-08 13:00:07,506 | INFO | CRM backend ready on http://0.0.0.0:5000
2026-10-08 13:00:12,424 | INFO | CRM backend ready on http://0.0.0.0:5000
2026-10-08 13:00:18,624 | INFO | CRM backend ready on http://0.0.0.0:5000
2026-10-08 13:00:22,566 | INFO | CRM backend ready on http://0.0.0.0:5000
2026-10-08 13:00:28,190 | INFO | CRM backend ready on http://0.0.0.0:5000
2026-10-08 13:00:32,544 | INFO | CRM backend ready on http://0.0.0.0:5000
2026-10-08 13:00:37,537 | INFO | CRM backend ready on http://0.0.0.0:5000
2026-10-08 13:00:42,379 | INFO | CRM backend ready on http://0.0.0.0:5000
2026-10-08 13:00:48,520 | INFO | CRM backend ready on http://0.0.0.0:5000
2026-10-08 13:00:53,247 | INFO | CRM backend ready on http://0.0.0.0:5000
2026-10-08 13:00:57,383 | INFO | CRM backend ready on http://0.0.0.0:5000
2026-10-08 13:01:02,714 | INFO | CRM backend ready on http://0.0.0.0:5000
2026-10-08 13:01:07,783 | INFO | CRM backend ready on http://0.0.0.0:5000
2026-10-08 13:01:12,987 | INFO | CRM backend ready on http://0.0.0.0:5000
2026-10-08 13:01:18,298 | INFO | CRM backend ready on http://0.0.0.0:5000
2026-10-08 13:01:22,830 | INFO | CRM backend ready on http://0.0.0.0:5000
2026-10-08 13:01:28,363 | INFO | CRM backend ready on http://0.0.0.0:5000
2026-10-08 13:01:33,402 | INFO | CRM backend ready on http://0.0.0.0:5000
2026-10-08 13:01:37,621 | INFO | CRM backend ready on http://0.0.0.0:5000
2026-10-08 13:01:42,838 | INFO | CRM backend ready on http://0.0.0.0:5000
2026-10-08 13:01:47,984 | INFO | CRM backend ready on http://0.0.0.0:5000
2026-10-08 13:01:53,258 | INFO | CRM backend ready on http://0.0.0.0:5000
2026-10-08 13:01:58,291 | INFO | CRM backend ready on http://0.0.0.0:5000
2026-10-08 13:02:03,521 | INFO | CRM backend ready on http://0.0.0.0:5000
2026-10-08 13:02:08,574 | INFO | CRM backend ready on http://0.0.0.0:5000
2026-10-08 13:02:12,993 | INFO | CRM backend ready on http://0.0.0.0:5000
2026-10-08 13:02:18,184 | INFO | CRM backend ready on http://0.0.0.0:5000
2026-10-08 13:02:25,690 | INFO | CRM backend ready on http://0.0.0.0:5000
2026-10-08 13:02:29,372 | INFO | CRM backend ready on http://0.0.0.0:5000
2026-10-08 13:02:34,582 | INFO | CRM backend ready on http://0.0.0.0:5000
2026-10-08 13:02:38,857 | INFO | CRM backend ready on http://0.0.0.0:5000
2026-10-08 13:02:44,048 | INFO | CRM backend ready on http://0.0.0.0:5000
2026-10-08 13:02:49,561 | INFO | CRM backend ready on http://0.0.0.0:5000
2026-10-08 13:02:54,229 | INFO | CRM backend ready on http://0.0.0.0:5000
2026-10-08 13:02:59,811 | INFO | CRM backend ready on http://0.0.0.0:5000
2026-10-08 13:03:05,063 | INFO | CRM backend ready on http://0.0.0.0:5000
2026-10-08 13:03:09,659 | INFO | CRM backend ready on http://0.0.0.0:5000
2026-10-08 13:03:15,092 | INFO | CRM backend ready on http://0.0.0.0:5000
2026-10-08 13:03:20,388 | INFO | CRM backend ready on http://0.0.0.0:5000
2026-10-08 13:03:24,584 | INFO | CRM backend ready on http://0.0.0.0:5000
2026-10-08 13:03:29,952 | INFO | CRM backend ready on http://0.0.0.0:5000
2026-10-08 13:03:35,493 | INFO | CRM backend ready on http://0.0.0.0:5000
2026-10-08 13:03:40,400 | INFO | CRM backend ready on http://0.0.0.0:5000
2026-10-08 13:03:45,505 | INFO | CRM backend ready on http://0.0.0.0:5000
2026-10-08 13:03:49,916 | INFO | CRM backend ready on http://0.0.0.0:5000
2026-10-08 13:03:56,055 | INFO | CRM backend ready on http://0.0.0.0:5000
2026-10-08 13:04:01,167 | INFO | CRM backend ready on http://0.0.0.0:5000
2026-10-08 13:04:05,730 | INFO | CRM backend ready on http://0.0.0.0:5000
2026-10-08 13:04:10,173 | INFO | CRM backend ready on http://0.0.0.0:5000
2026-10-08 13:04:15,583 | INFO | CRM backend ready on http://0.0.0.0:5000
2026-10-08 13:04:20,682 | INFO | CRM backend ready on http://0.0.0.0:5000
2026-10-08 13:04:26,384 | INFO | CRM backend ready on http://0.0.0.0:5000
2026-10-08 13:04:31,883 | INFO | CRM backend ready on http://0.0.0.0:5000
2026-10-08 13:04:38,098 | INFO | CRM backend ready on http://0.0.0.0:5000
2026-10-08 13:24:11,500 | INFO | CRM backend ready on http://0.0.0.0:5000
2026-10-08 13:24:21,422 | INFO | GET /pages/leads.html -> 304 (30ms) [anonymous]
2026-10-08 13:24:21,437 | INFO | GET /pages/leads.html -> 200 (31ms) [anonymous]
2026-10-08 13:24:21,427 | INFO | GET /pages/leads.html -> 200 (0ms) [anonymous]
2026-10-08 13:24:22,056 | INFO | GET /css/style.css -> 200 (2ms) [anonymous]
2026-10-08 13:24:22,076 | INFO | GET /css/responsive.css -> 304 (10ms) [anonymous]
2026-10-08 13:24:22,131 | INFO | GET /js/leads.js -> 304 (0ms) [anonymous]
2026-10-08 13:24:22,082 | INFO | GET /css/dashboard.css -> 304 (18ms) [anonymous]
2026-10-08 13:24:22,136 | INFO | GET /js/auth.js -> 304 (67ms) [anonymous]
2026-10-08 13:24:22,899 | INFO | GET /components/navbar.html -> 304 (0ms) [anonymous]
2026-10-08 13:24:22,909 | INFO | GET /components/sidebar.html -> 304 (14ms) [anonymous]
2026-10-08 13:24:22,942 | INFO | GET /components/footer.html -> 304 (35ms) [anonymous]
2026-10-08 13:24:22,932 | INFO | GET /components/modals.html -> 304 (1ms) [anonymous]
2026-10-08 13:24:23,107 | INFO | GET /api/auth/notifications -> 200 (29ms) [jeeva]
2026-10-08 13:24:23,120 | INFO | GET /api/leads -> 200 (34ms) [jeeva]
2026-10-08 13:24:27,859 | INFO | CRM backend ready on http://0.0.0.0:5000
2026-10-08 13:24:30,698 | INFO | GET /api/leads/lead_2f8d3eba4432 -> 200 (1ms) [jeeva]
2026-10-08 13:24:37,897 | INFO | CRM backend ready on http://0.0.0.0:5000
2026-10-08 13:24:45,348 | INFO | CRM backend ready on http://0.0.0.0:5000
2026-10-08 13:59:30,841 | INFO | GET /pages/employee-dashboard.html -> 304 (4ms) [anonymous]
2026-10-08 13:59:31,102 | INFO | GET /css/dashboard.css -> 304 (7ms) [anonymous]
2026-10-08 13:59:31,110 | INFO | GET /css/responsive.css -> 304 (13ms) [anonymous]
2026-10-08 13:59:31,168 | INFO | GET /js/auth.js -> 304 (13ms) [anonymous]
2026-10-08 13:59:31,171 | INFO | GET /css/style.css -> 304 (33ms) [anonymous]
2026-10-08 13:59:31,235 | INFO | GET /js/dashboard.js -> 304 (41ms) [anonymous]
2026-10-08 13:59:31,420 | INFO | GET /components/footer.html -> 304 (12ms) [anonymous]
2026-10-08 13:59:31,422 | INFO | GET /components/sidebar.html -> 304 (16ms) [anonymous]
2026-10-08 13:59:31,424 | INFO | GET /components/navbar.html -> 304 (1ms) [anonymous]
2026-10-08 13:59:31,426 | INFO | GET /components/modals.html -> 304 (7ms) [anonymous]
2026-10-08 13:59:31,515 | INFO | GET /api/auth/notifications -> 200 (9ms) [jeeva]
2026-10-08 13:59:31,531 | INFO | GET /api/leads -> 200 (4ms) [jeeva]
2026-10-08 13:59:31,548 | INFO | GET /api/followups -> 200 (14ms) [jeeva]
2026-10-08 13:59:31,547 | INFO | GET /api/reports/dashboard -> 200 (1ms) [jeeva]
2026-10-08 13:59:34,798 | INFO | CRM backend ready on http://0.0.0.0:5000
2026-10-08 13:59:37,563 | INFO | GET /pages/followups.html -> 304 (4ms) [anonymous]
2026-10-08 13:59:37,793 | INFO | GET /css/dashboard.css -> 304 (1ms) [anonymous]
2026-10-08 13:59:37,798 | INFO | GET /css/style.css -> 304 (51ms) [anonymous]
2026-10-08 13:59:37,794 | INFO | GET /css/responsive.css -> 304 (34ms) [anonymous]
2026-10-08 13:59:37,916 | INFO | GET /js/leads.js -> 304 (7ms) [anonymous]
2026-10-08 13:59:37,927 | INFO | GET /js/auth.js -> 304 (138ms) [anonymous]
2026-10-08 13:59:38,092 | INFO | GET /components/sidebar.html -> 304 (13ms) [anonymous]
2026-10-08 13:59:38,096 | INFO | GET /components/navbar.html -> 304 (6ms) [anonymous]
2026-10-08 13:59:38,127 | INFO | GET /components/footer.html -> 304 (26ms) [anonymous]
2026-10-08 13:59:38,128 | INFO | GET /components/modals.html -> 304 (15ms) [anonymous]
2026-10-08 13:59:38,182 | INFO | GET /api/auth/notifications -> 200 (3ms) [jeeva]
2026-10-08 13:59:38,204 | INFO | GET /api/followups -> 200 (0ms) [jeeva]
2026-10-08 13:59:38,205 | INFO | GET /api/employees -> 200 (10ms) [jeeva]
2026-10-08 13:59:40,164 | INFO | CRM backend ready on http://0.0.0.0:5000
2026-10-08 13:59:45,007 | INFO | CRM backend ready on http://0.0.0.0:5000
2026-10-08 13:59:50,597 | INFO | CRM backend ready on http://0.0.0.0:5000
2026-10-08 13:59:51,685 | INFO | GET /api/followups -> 200 (1ms) [jeeva]
2026-10-08 13:59:52,007 | INFO | GET /api/followups -> 200 (1ms) [jeeva]
2026-10-08 13:59:52,388 | INFO | GET /api/followups -> 200 (1ms) [jeeva]
2026-10-08 13:59:55,584 | INFO | CRM backend ready on http://0.0.0.0:5000
2026-10-08 13:59:56,962 | INFO | GET /api/followups -> 200 (1ms) [jeeva]
2026-10-08 13:59:56,998 | INFO | GET /api/followups -> 200 (0ms) [jeeva]
2026-10-08 13:59:57,023 | INFO | GET /api/followups -> 200 (0ms) [jeeva]
2026-10-08 13:59:57,055 | INFO | GET /api/followups -> 200 (0ms) [jeeva]
2026-10-08 14:00:00,995 | INFO | CRM backend ready on http://0.0.0.0:5000
2026-10-08 14:00:02,960 | INFO | GET /pages/companies.html -> 304 (32ms) [anonymous]
2026-10-08 14:00:02,976 | INFO | GET /pages/companies.html -> 200 (41ms) [anonymous]
2026-10-08 14:00:03,011 | INFO | GET /pages/companies.html -> 200 (35ms) [anonymous]
2026-10-08 14:00:03,034 | INFO | GET /pages/companies.html -> 200 (41ms) [anonymous]
2026-10-08 14:00:03,201 | INFO | GET /css/style.css -> 304 (30ms) [anonymous]
2026-10-08 14:00:03,243 | INFO | GET /js/auth.js -> 304 (1ms) [anonymous]
2026-10-08 14:00:03,263 | INFO | GET /css/responsive.css -> 304 (34ms) [anonymous]
2026-10-08 14:00:03,280 | INFO | GET /css/dashboard.css -> 304 (82ms) [anonymous]
2026-10-08 14:00:03,296 | INFO | GET /js/leads.js -> 304 (25ms) [anonymous]
2026-10-08 14:00:03,507 | INFO | GET /components/sidebar.html -> 304 (13ms) [anonymous]
2026-10-08 14:00:03,508 | INFO | GET /components/navbar.html -> 304 (12ms) [anonymous]
2026-10-08 14:00:03,512 | INFO | GET /components/footer.html -> 304 (12ms) [anonymous]
2026-10-08 14:00:03,576 | INFO | GET /components/modals.html -> 304 (40ms) [anonymous]
2026-10-08 14:00:03,706 | INFO | GET /api/companies -> 200 (1ms) [jeeva]
2026-10-08 14:00:03,714 | INFO | GET /api/auth/notifications -> 200 (3ms) [jeeva]
2026-10-08 14:00:05,798 | INFO | CRM backend ready on http://0.0.0.0:5000
2026-10-08 14:00:11,276 | INFO | CRM backend ready on http://0.0.0.0:5000
2026-10-08 14:00:16,241 | INFO | CRM backend ready on http://0.0.0.0:5000
2026-10-08 14:00:17,551 | INFO | GET /pages/followups.html -> 304 (36ms) [anonymous]
2026-10-08 14:00:17,654 | INFO | GET /css/dashboard.css -> 304 (1ms) [anonymous]
2026-10-08 14:00:17,655 | INFO | GET /css/style.css -> 304 (15ms) [anonymous]
2026-10-08 14:00:17,713 | INFO | GET /css/responsive.css -> 304 (55ms) [anonymous]
2026-10-08 14:00:17,757 | INFO | GET /js/auth.js -> 304 (46ms) [anonymous]
2026-10-08 14:00:17,801 | INFO | GET /js/leads.js -> 304 (24ms) [anonymous]
2026-10-08 14:00:17,953 | INFO | GET /components/navbar.html -> 304 (37ms) [anonymous]
2026-10-08 14:00:17,973 | INFO | GET /components/sidebar.html -> 304 (89ms) [anonymous]
2026-10-08 14:00:18,056 | INFO | GET /components/footer.html -> 304 (58ms) [anonymous]
2026-10-08 14:00:18,092 | INFO | GET /components/modals.html -> 304 (56ms) [anonymous]
2026-10-08 14:00:18,166 | INFO | GET /api/auth/notifications -> 200 (1ms) [jeeva]
2026-10-08 14:00:18,170 | INFO | GET /api/employees -> 200 (1ms) [jeeva]
2026-10-08 14:00:18,194 | INFO | GET /api/followups -> 200 (1ms) [jeeva]
2026-10-08 14:00:21,447 | INFO | CRM backend ready on http://0.0.0.0:5000
2026-10-08 14:00:22,779 | INFO | GET /pages/leads.html -> 200 (6ms) [anonymous]
2026-10-08 14:00:22,796 | INFO | GET /pages/leads.html -> 304 (30ms) [anonymous]
2026-10-08 14:00:22,919 | INFO | GET /css/style.css -> 304 (1ms) [anonymous]
2026-10-08 14:00:22,967 | INFO | GET /css/responsive.css -> 304 (22ms) [anonymous]
2026-10-08 14:00:22,973 | INFO | GET /js/auth.js -> 304 (8ms) [anonymous]
2026-10-08 14:00:22,989 | INFO | GET /css/dashboard.css -> 304 (62ms) [anonymous]
2026-10-08 14:00:23,039 | INFO | GET /js/leads.js -> 304 (27ms) [anonymous]
2026-10-08 14:00:23,106 | INFO | GET /components/sidebar.html -> 304 (23ms) [anonymous]
2026-10-08 14:00:23,108 | INFO | GET /components/navbar.html -> 304 (10ms) [anonymous]
2026-10-08 14:00:23,151 | INFO | GET /components/footer.html -> 304 (21ms) [anonymous]
2026-10-08 14:00:23,170 | INFO | GET /components/modals.html -> 304 (9ms) [anonymous]
2026-10-08 14:00:23,212 | INFO | GET /api/auth/notifications -> 200 (8ms) [jeeva]
2026-10-08 14:00:23,230 | INFO | GET /api/leads -> 200 (5ms) [jeeva]
2026-10-08 14:00:26,484 | INFO | CRM backend ready on http://0.0.0.0:5000
2026-10-08 14:00:32,122 | INFO | CRM backend ready on http://0.0.0.0:5000
2026-10-08 14:00:36,159 | INFO | CRM backend ready on http://0.0.0.0:5000
2026-10-08 14:00:41,584 | INFO | CRM backend ready on http://0.0.0.0:5000
2026-10-08 14:00:42,939 | INFO | GET /pages/projects.html -> 200 (21ms) [anonymous]
2026-10-08 14:00:42,972 | INFO | GET /pages/projects.html -> 304 (61ms) [anonymous]
2026-10-08 14:00:43,052 | INFO | GET /css/style.css -> 304 (1ms) [anonymous]
2026-10-08 14:00:43,098 | INFO | GET /css/dashboard.css -> 304 (31ms) [anonymous]
2026-10-08 14:00:43,122 | INFO | GET /css/responsive.css -> 304 (25ms) [anonymous]
2026-10-08 14:00:43,164 | INFO | GET /js/auth.js -> 304 (31ms) [anonymous]
2026-10-08 14:00:43,186 | INFO | GET /js/projects.js -> 304 (41ms) [anonymous]
2026-10-08 14:00:43,234 | INFO | GET /components/sidebar.html -> 304 (3ms) [anonymous]
2026-10-08 14:00:43,245 | INFO | GET /components/navbar.html -> 304 (7ms) [anonymous]
2026-10-08 14:00:43,296 | INFO | GET /components/footer.html -> 304 (27ms) [anonymous]
2026-10-08 14:00:43,305 | INFO | GET /components/modals.html -> 304 (29ms) [anonymous]
2026-10-08 14:00:43,382 | INFO | GET /api/auth/notifications -> 200 (12ms) [jeeva]
2026-10-08 14:00:43,408 | INFO | GET /api/companies -> 200 (0ms) [jeeva]
2026-10-08 14:00:43,431 | INFO | GET /api/employees -> 200 (1ms) [jeeva]
2026-10-08 14:00:43,440 | INFO | GET /api/developers -> 200 (2ms) [jeeva]
2026-10-08 14:00:43,519 | INFO | GET /api/projects -> 200 (0ms) [jeeva]
2026-10-08 14:00:47,078 | INFO | CRM backend ready on http://0.0.0.0:5000
2026-10-08 14:00:49,289 | INFO | GET /pages/settings.html -> 304 (7ms) [anonymous]
2026-10-08 14:00:49,591 | INFO | GET /css/style.css -> 304 (40ms) [anonymous]
2026-10-08 14:00:49,619 | INFO | GET /css/dashboard.css -> 304 (80ms) [anonymous]
2026-10-08 14:00:49,639 | INFO | GET /css/responsive.css -> 304 (37ms) [anonymous]
2026-10-08 14:00:49,670 | INFO | GET /js/dashboard.js -> 304 (1ms) [anonymous]
2026-10-08 14:00:49,691 | INFO | GET /js/auth.js -> 304 (37ms) [anonymous]
2026-10-08 14:00:49,827 | INFO | GET /components/sidebar.html -> 304 (5ms) [anonymous]
2026-10-08 14:00:49,841 | INFO | GET /components/navbar.html -> 304 (10ms) [anonymous]
2026-10-08 14:00:49,853 | INFO | GET /components/footer.html -> 304 (2ms) [anonymous]
2026-10-08 14:00:49,869 | INFO | GET /components/modals.html -> 304 (1ms) [anonymous]
2026-10-08 14:00:49,965 | INFO | GET /api/auth/me -> 200 (1ms) [jeeva]
2026-10-08 14:00:49,970 | INFO | GET /api/auth/notifications -> 200 (2ms) [jeeva]
2026-10-08 14:00:50,030 | INFO | GET /api/employees/emp_3dbe82c7aa1d -> 200 (1ms) [jeeva]
2026-10-08 14:00:52,208 | INFO | CRM backend ready on http://0.0.0.0:5000
2026-10-08 14:00:57,375 | INFO | CRM backend ready on http://0.0.0.0:5000
2026-10-08 14:01:01,672 | INFO | CRM backend ready on http://0.0.0.0:5000
2026-10-08 14:01:07,480 | INFO | CRM backend ready on http://0.0.0.0:5000
2026-10-08 14:01:12,790 | INFO | CRM backend ready on http://0.0.0.0:5000
2026-10-08 14:01:17,640 | INFO | CRM backend ready on http://0.0.0.0:5000
2026-10-08 14:01:21,859 | INFO | CRM backend ready on http://0.0.0.0:5000
2026-10-08 14:01:27,345 | INFO | CRM backend ready on http://0.0.0.0:5000
2026-10-08 14:01:28,936 | INFO | GET /pages/leads.html -> 304 (1ms) [anonymous]
2026-10-08 14:01:28,947 | INFO | GET /pages/leads.html -> 200 (2ms) [anonymous]
2026-10-08 14:01:28,959 | INFO | GET /pages/leads.html -> 200 (8ms) [anonymous]
2026-10-08 14:01:29,009 | INFO | GET /css/style.css -> 304 (1ms) [anonymous]
2026-10-08 14:01:29,023 | INFO | GET /css/dashboard.css -> 304 (1ms) [anonymous]
2026-10-08 14:01:29,032 | INFO | GET /css/responsive.css -> 304 (4ms) [anonymous]
2026-10-08 14:01:29,038 | INFO | GET /js/auth.js -> 304 (2ms) [anonymous]
2026-10-08 14:01:29,055 | INFO | GET /js/leads.js -> 304 (5ms) [anonymous]
2026-10-08 14:01:29,114 | INFO | GET /components/footer.html -> 304 (4ms) [anonymous]
2026-10-08 14:01:29,115 | INFO | GET /components/sidebar.html -> 304 (10ms) [anonymous]
2026-10-08 14:01:29,118 | INFO | GET /components/modals.html -> 304 (1ms) [anonymous]
2026-10-08 14:01:29,125 | INFO | GET /components/navbar.html -> 304 (17ms) [anonymous]
2026-10-08 14:01:29,204 | INFO | GET /api/auth/notifications -> 200 (2ms) [jeeva]
2026-10-08 14:01:29,218 | INFO | GET /api/leads -> 200 (2ms) [jeeva]
2026-10-08 14:01:32,906 | INFO | CRM backend ready on http://0.0.0.0:5000
2026-10-08 14:01:34,582 | INFO | GET /pages/employee-dashboard.html -> 304 (1ms) [anonymous]
2026-10-08 14:01:34,629 | INFO | GET /css/style.css -> 304 (8ms) [anonymous]
2026-10-08 14:01:34,641 | INFO | GET /css/dashboard.css -> 304 (9ms) [anonymous]
2026-10-08 14:01:34,648 | INFO | GET /css/responsive.css -> 304 (3ms) [anonymous]
2026-10-08 14:01:34,691 | INFO | GET /js/auth.js -> 304 (18ms) [anonymous]
2026-10-08 14:01:34,692 | INFO | GET /js/dashboard.js -> 304 (4ms) [anonymous]
2026-10-08 14:01:34,724 | INFO | GET /components/sidebar.html -> 304 (3ms) [anonymous]
2026-10-08 14:01:34,738 | INFO | GET /components/navbar.html -> 304 (15ms) [anonymous]
2026-10-08 14:01:34,735 | INFO | GET /components/footer.html -> 304 (8ms) [anonymous]
2026-10-08 14:01:34,756 | INFO | GET /components/modals.html -> 304 (6ms) [anonymous]
2026-10-08 14:01:34,814 | INFO | GET /api/auth/notifications -> 200 (1ms) [jeeva]
2026-10-08 14:01:34,848 | INFO | GET /api/followups -> 200 (2ms) [jeeva]
2026-10-08 14:01:34,850 | INFO | GET /api/reports/dashboard -> 200 (16ms) [jeeva]
2026-10-08 14:01:34,858 | INFO | GET /api/leads -> 200 (5ms) [jeeva]
2026-10-08 14:01:37,404 | INFO | CRM backend ready on http://0.0.0.0:5000
2026-10-08 14:01:42,755 | INFO | CRM backend ready on http://0.0.0.0:5000
2026-10-08 14:01:46,944 | INFO | CRM backend ready on http://0.0.0.0:5000
2026-10-08 14:01:52,490 | INFO | CRM backend ready on http://0.0.0.0:5000
2026-10-08 14:01:57,377 | INFO | CRM backend ready on http://0.0.0.0:5000
2026-10-08 14:02:02,201 | INFO | CRM backend ready on http://0.0.0.0:5000
2026-10-08 14:02:03,507 | INFO | GET /pages/companies.html -> 304 (1ms) [anonymous]
2026-10-08 14:02:03,614 | INFO | GET /css/style.css -> 304 (26ms) [anonymous]
2026-10-08 14:02:03,655 | INFO | GET /css/responsive.css -> 304 (1ms) [anonymous]
2026-10-08 14:02:03,692 | INFO | GET /css/dashboard.css -> 304 (50ms) [anonymous]
2026-10-08 14:02:03,727 | INFO | GET /js/leads.js -> 304 (1ms) [anonymous]
2026-10-08 14:02:03,730 | INFO | GET /js/auth.js -> 304 (40ms) [anonymous]
2026-10-08 14:02:03,782 | INFO | GET /components/navbar.html -> 304 (1ms) [anonymous]
2026-10-08 14:02:03,793 | INFO | GET /components/footer.html -> 304 (7ms) [anonymous]
2026-10-08 14:02:03,818 | INFO | GET /components/modals.html -> 304 (1ms) [anonymous]
2026-10-08 14:02:03,821 | INFO | GET /components/sidebar.html -> 304 (42ms) [anonymous]
2026-10-08 14:02:03,918 | INFO | GET /api/auth/notifications -> 200 (2ms) [jeeva]
2026-10-08 14:02:03,922 | INFO | GET /api/companies -> 200 (1ms) [jeeva]
2026-10-08 14:02:09,003 | INFO | CRM backend ready on http://0.0.0.0:5000
2026-10-08 14:02:10,523 | INFO | GET /pages/leads.html -> 304 (25ms) [anonymous]
2026-10-08 14:02:10,533 | INFO | GET /pages/leads.html -> 200 (1ms) [anonymous]
2026-10-08 14:02:10,540 | INFO | GET /pages/leads.html -> 200 (28ms) [anonymous]
2026-10-08 14:02:10,849 | INFO | GET /css/dashboard.css -> 304 (15ms) [anonymous]
2026-10-08 14:02:10,861 | INFO | GET /css/style.css -> 304 (12ms) [anonymous]
2026-10-08 14:02:10,897 | INFO | GET /css/responsive.css -> 304 (16ms) [anonymous]
2026-10-08 14:02:10,902 | INFO | GET /js/auth.js -> 304 (17ms) [anonymous]
2026-10-08 14:02:10,931 | INFO | GET /js/leads.js -> 304 (19ms) [anonymous]
2026-10-08 14:02:11,065 | INFO | GET /components/sidebar.html -> 304 (25ms) [anonymous]
2026-10-08 14:02:11,103 | INFO | GET /components/navbar.html -> 304 (3ms) [anonymous]
2026-10-08 14:02:11,132 | INFO | GET /components/footer.html -> 304 (2ms) [anonymous]
2026-10-08 14:02:11,194 | INFO | GET /components/modals.html -> 304 (25ms) [anonymous]
2026-10-08 14:02:11,324 | INFO | GET /api/auth/notifications -> 200 (1ms) [jeeva]
2026-10-08 14:02:11,330 | INFO | GET /api/leads -> 200 (2ms) [jeeva]
2026-10-08 14:02:13,622 | INFO | CRM backend ready on http://0.0.0.0:5000
2026-10-08 14:02:17,492 | INFO | CRM backend ready on http://0.0.0.0:5000
2026-10-08 14:02:20,836 | INFO | CRM backend ready on http://0.0.0.0:5000
2026-10-08 14:02:24,994 | INFO | CRM backend ready on http://0.0.0.0:5000
2026-10-08 14:02:26,625 | INFO | GET /pages/companies.html -> 304 (9ms) [anonymous]
2026-10-08 14:02:26,694 | INFO | GET /css/style.css -> 304 (22ms) [anonymous]
2026-10-08 14:02:26,764 | INFO | GET /css/dashboard.css -> 304 (39ms) [anonymous]
2026-10-08 14:02:26,793 | INFO | GET /css/responsive.css -> 304 (18ms) [anonymous]
2026-10-08 14:02:26,797 | INFO | GET /js/auth.js -> 304 (9ms) [anonymous]
2026-10-08 14:02:26,840 | INFO | GET /js/leads.js -> 304 (23ms) [anonymous]
2026-10-08 14:02:26,890 | INFO | GET /components/footer.html -> 304 (1ms) [anonymous]
2026-10-08 14:02:26,895 | INFO | GET /components/sidebar.html -> 304 (10ms) [anonymous]
2026-10-08 14:02:26,900 | INFO | GET /components/modals.html -> 304 (1ms) [anonymous]
2026-10-08 14:02:26,904 | INFO | GET /components/navbar.html -> 304 (11ms) [anonymous]
2026-10-08 14:02:26,946 | INFO | GET /api/auth/notifications -> 200 (4ms) [jeeva]
2026-10-08 14:02:26,958 | INFO | GET /api/companies -> 200 (1ms) [jeeva]
2026-10-08 14:02:30,148 | INFO | CRM backend ready on http://0.0.0.0:5000
2026-10-08 14:02:34,907 | INFO | CRM backend ready on http://0.0.0.0:5000
2026-10-08 14:02:38,721 | INFO | CRM backend ready on http://0.0.0.0:5000
2026-10-08 14:02:43,405 | INFO | CRM backend ready on http://0.0.0.0:5000
2026-10-08 14:02:47,737 | INFO | CRM backend ready on http://0.0.0.0:5000
2026-10-08 14:02:50,066 | INFO | CRM backend ready on http://0.0.0.0:5000
2026-10-08 14:02:53,704 | INFO | CRM backend ready on http://0.0.0.0:5000
2026-10-08 14:02:58,078 | INFO | CRM backend ready on http://0.0.0.0:5000
2026-10-08 14:03:00,466 | INFO | CRM backend ready on http://0.0.0.0:5000
2026-10-08 14:03:06,209 | INFO | CRM backend ready on http://0.0.0.0:5000
2026-10-08 14:03:10,841 | INFO | CRM backend ready on http://0.0.0.0:5000
2026-10-08 14:03:14,808 | INFO | CRM backend ready on http://0.0.0.0:5000
2026-10-08 14:03:18,342 | INFO | CRM backend ready on http://0.0.0.0:5000
2026-10-08 14:03:23,641 | INFO | CRM backend ready on http://0.0.0.0:5000
2026-10-08 14:03:25,773 | INFO | GET /api/companies/cmp_34d1f236a61f -> 200 (2ms) [jeeva]
2026-10-08 14:03:28,714 | INFO | CRM backend ready on http://0.0.0.0:5000
2026-10-08 14:03:32,695 | INFO | CRM backend ready on http://0.0.0.0:5000
2026-10-08 14:03:36,950 | INFO | CRM backend ready on http://0.0.0.0:5000
2026-10-08 14:03:41,916 | INFO | CRM backend ready on http://0.0.0.0:5000
2026-10-08 14:03:44,302 | INFO | GET /pages/leads.html -> 304 (2ms) [anonymous]
2026-10-08 14:03:44,424 | INFO | GET /css/dashboard.css -> 304 (4ms) [anonymous]
2026-10-08 14:03:44,454 | INFO | GET /css/responsive.css -> 304 (8ms) [anonymous]
2026-10-08 14:03:44,467 | INFO | GET /css/style.css -> 304 (51ms) [anonymous]
2026-10-08 14:03:44,543 | INFO | GET /js/leads.js -> 304 (35ms) [anonymous]
2026-10-08 14:03:44,558 | INFO | GET /js/auth.js -> 304 (0ms) [anonymous]
2026-10-08 14:03:44,627 | INFO | GET /components/sidebar.html -> 304 (5ms) [anonymous]
2026-10-08 14:03:44,652 | INFO | GET /components/footer.html -> 304 (8ms) [anonymous]
2026-10-08 14:03:44,662 | INFO | GET /components/navbar.html -> 304 (47ms) [anonymous]
2026-10-08 14:03:44,679 | INFO | GET /components/modals.html -> 304 (14ms) [anonymous]
2026-10-08 14:03:44,765 | INFO | GET /api/auth/notifications -> 200 (7ms) [jeeva]
2026-10-08 14:03:44,792 | INFO | GET /api/leads -> 200 (12ms) [jeeva]
2026-10-08 14:03:46,806 | INFO | CRM backend ready on http://0.0.0.0:5000
2026-10-08 14:03:52,570 | INFO | CRM backend ready on http://0.0.0.0:5000
2026-10-08 14:03:57,338 | INFO | CRM backend ready on http://0.0.0.0:5000
2026-10-08 14:04:02,090 | INFO | CRM backend ready on http://0.0.0.0:5000
2026-10-08 14:04:08,118 | INFO | CRM backend ready on http://0.0.0.0:5000
2026-10-08 14:04:14,085 | INFO | CRM backend ready on http://0.0.0.0:5000
2026-10-08 14:04:19,702 | INFO | CRM backend ready on http://0.0.0.0:5000
2026-10-08 14:04:24,399 | INFO | CRM backend ready on http://0.0.0.0:5000
2026-10-08 14:04:29,340 | INFO | CRM backend ready on http://0.0.0.0:5000
2026-10-08 14:04:34,860 | INFO | CRM backend ready on http://0.0.0.0:5000
2026-10-08 14:04:39,471 | INFO | CRM backend ready on http://0.0.0.0:5000
2026-10-08 14:04:44,889 | INFO | CRM backend ready on http://0.0.0.0:5000
2026-10-08 14:04:49,902 | INFO | CRM backend ready on http://0.0.0.0:5000
2026-10-08 14:04:55,701 | INFO | CRM backend ready on http://0.0.0.0:5000
2026-10-08 14:05:00,070 | INFO | CRM backend ready on http://0.0.0.0:5000
2026-10-08 14:05:05,541 | INFO | CRM backend ready on http://0.0.0.0:5000
2026-10-08 14:05:10,929 | INFO | CRM backend ready on http://0.0.0.0:5000
2026-10-08 14:05:16,165 | INFO | CRM backend ready on http://0.0.0.0:5000
2026-10-08 14:05:20,462 | INFO | CRM backend ready on http://0.0.0.0:5000
2026-10-08 14:05:25,402 | INFO | CRM backend ready on http://0.0.0.0:5000
2026-10-08 14:05:30,081 | INFO | CRM backend ready on http://0.0.0.0:5000
2026-10-08 14:05:35,459 | INFO | CRM backend ready on http://0.0.0.0:5000
2026-10-08 14:05:40,860 | INFO | CRM backend ready on http://0.0.0.0:5000
2026-10-08 14:05:46,025 | INFO | CRM backend ready on http://0.0.0.0:5000
2026-10-08 14:05:51,306 | INFO | CRM backend ready on http://0.0.0.0:5000
2026-10-08 14:05:57,138 | INFO | CRM backend ready on http://0.0.0.0:5000
2026-10-08 14:06:01,634 | INFO | CRM backend ready on http://0.0.0.0:5000
2026-10-08 14:06:06,415 | INFO | CRM backend ready on http://0.0.0.0:5000
2026-10-08 14:06:11,424 | INFO | CRM backend ready on http://0.0.0.0:5000
2026-10-08 14:06:16,206 | INFO | CRM backend ready on http://0.0.0.0:5000
2026-10-08 14:06:21,940 | INFO | CRM backend ready on http://0.0.0.0:5000
2026-10-08 14:06:26,594 | INFO | CRM backend ready on http://0.0.0.0:5000
2026-10-08 14:06:32,219 | INFO | CRM backend ready on http://0.0.0.0:5000
2026-10-08 14:06:36,795 | INFO | CRM backend ready on http://0.0.0.0:5000
2026-10-08 14:06:42,292 | INFO | CRM backend ready on http://0.0.0.0:5000
2026-10-08 14:06:46,974 | INFO | CRM backend ready on http://0.0.0.0:5000
2026-10-08 14:06:52,156 | INFO | CRM backend ready on http://0.0.0.0:5000
2026-10-08 14:06:57,388 | INFO | CRM backend ready on http://0.0.0.0:5000
2026-10-08 14:07:02,734 | INFO | CRM backend ready on http://0.0.0.0:5000
2026-10-08 14:07:07,963 | INFO | CRM backend ready on http://0.0.0.0:5000
2026-10-08 14:07:12,583 | INFO | CRM backend ready on http://0.0.0.0:5000
2026-10-08 14:07:18,483 | INFO | CRM backend ready on http://0.0.0.0:5000
2026-10-08 14:07:23,837 | INFO | CRM backend ready on http://0.0.0.0:5000
2026-10-08 14:07:29,020 | INFO | CRM backend ready on http://0.0.0.0:5000
2026-10-08 14:07:34,231 | INFO | CRM backend ready on http://0.0.0.0:5000
2026-10-08 14:07:38,381 | INFO | CRM backend ready on http://0.0.0.0:5000
2026-10-08 14:07:43,404 | INFO | CRM backend ready on http://0.0.0.0:5000
2026-10-08 14:07:48,782 | INFO | CRM backend ready on http://0.0.0.0:5000
2026-10-08 14:07:53,682 | INFO | CRM backend ready on http://0.0.0.0:5000
2026-10-08 14:07:59,446 | INFO | CRM backend ready on http://0.0.0.0:5000
2026-10-08 14:08:04,603 | INFO | CRM backend ready on http://0.0.0.0:5000
2026-10-08 14:08:09,488 | INFO | CRM backend ready on http://0.0.0.0:5000
2026-10-08 14:08:14,342 | INFO | CRM backend ready on http://0.0.0.0:5000
2026-10-08 14:08:19,853 | INFO | CRM backend ready on http://0.0.0.0:5000
2026-10-08 14:08:24,614 | INFO | CRM backend ready on http://0.0.0.0:5000
2026-10-08 14:08:30,377 | INFO | CRM backend ready on http://0.0.0.0:5000
2026-10-08 14:08:35,071 | INFO | CRM backend ready on http://0.0.0.0:5000
2026-10-08 14:08:40,036 | INFO | CRM backend ready on http://0.0.0.0:5000
2026-10-08 14:08:44,914 | INFO | CRM backend ready on http://0.0.0.0:5000
2026-10-08 14:08:50,567 | INFO | CRM backend ready on http://0.0.0.0:5000
2026-10-08 14:08:55,152 | INFO | CRM backend ready on http://0.0.0.0:5000
2026-10-08 14:08:59,945 | INFO | CRM backend ready on http://0.0.0.0:5000
2026-10-08 14:09:05,652 | INFO | CRM backend ready on http://0.0.0.0:5000
2026-10-08 14:09:10,176 | INFO | CRM backend ready on http://0.0.0.0:5000
2026-10-08 14:09:16,335 | INFO | CRM backend ready on http://0.0.0.0:5000
2026-10-08 14:09:20,612 | INFO | CRM backend ready on http://0.0.0.0:5000
2026-10-08 14:09:25,569 | INFO | CRM backend ready on http://0.0.0.0:5000
2026-10-08 14:09:30,310 | INFO | CRM backend ready on http://0.0.0.0:5000
2026-10-08 14:09:36,131 | INFO | CRM backend ready on http://0.0.0.0:5000
2026-10-08 14:09:41,126 | INFO | CRM backend ready on http://0.0.0.0:5000
2026-10-08 14:09:45,963 | INFO | CRM backend ready on http://0.0.0.0:5000
2026-10-08 14:09:50,730 | INFO | CRM backend ready on http://0.0.0.0:5000
2026-10-08 14:09:56,910 | INFO | CRM backend ready on http://0.0.0.0:5000
2026-10-08 14:10:00,839 | INFO | CRM backend ready on http://0.0.0.0:5000
2026-10-08 14:10:05,774 | INFO | CRM backend ready on http://0.0.0.0:5000
2026-10-08 14:10:11,172 | INFO | CRM backend ready on http://0.0.0.0:5000
2026-10-08 14:10:16,716 | INFO | CRM backend ready on http://0.0.0.0:5000
2026-10-08 14:10:22,017 | INFO | CRM backend ready on http://0.0.0.0:5000
2026-10-08 14:10:26,378 | INFO | CRM backend ready on http://0.0.0.0:5000
2026-10-08 14:10:31,733 | INFO | CRM backend ready on http://0.0.0.0:5000
2026-10-08 14:10:36,978 | INFO | CRM backend ready on http://0.0.0.0:5000
2026-10-08 14:10:42,829 | INFO | CRM backend ready on http://0.0.0.0:5000
2026-10-08 14:10:47,517 | INFO | CRM backend ready on http://0.0.0.0:5000
2026-10-08 14:10:52,149 | INFO | CRM backend ready on http://0.0.0.0:5000
2026-10-08 14:10:57,349 | INFO | CRM backend ready on http://0.0.0.0:5000
2026-10-08 14:11:03,145 | INFO | CRM backend ready on http://0.0.0.0:5000
2026-10-08 14:11:08,095 | INFO | CRM backend ready on http://0.0.0.0:5000
2026-10-08 14:11:14,112 | INFO | CRM backend ready on http://0.0.0.0:5000
2026-10-08 14:11:19,223 | INFO | CRM backend ready on http://0.0.0.0:5000
2026-10-08 14:11:24,993 | INFO | CRM backend ready on http://0.0.0.0:5000
2026-10-08 14:11:29,295 | INFO | CRM backend ready on http://0.0.0.0:5000
2026-10-08 14:11:33,654 | INFO | CRM backend ready on http://0.0.0.0:5000
2026-10-08 14:11:38,637 | INFO | CRM backend ready on http://0.0.0.0:5000
2026-10-08 14:11:43,530 | INFO | CRM backend ready on http://0.0.0.0:5000
2026-10-08 14:11:48,426 | INFO | CRM backend ready on http://0.0.0.0:5000
2026-10-08 14:11:54,446 | INFO | CRM backend ready on http://0.0.0.0:5000
2026-10-08 14:11:58,962 | INFO | CRM backend ready on http://0.0.0.0:5000
2026-10-08 14:12:04,335 | INFO | CRM backend ready on http://0.0.0.0:5000
2026-10-08 14:12:08,853 | INFO | CRM backend ready on http://0.0.0.0:5000
2026-10-08 14:12:14,250 | INFO | CRM backend ready on http://0.0.0.0:5000
2026-10-08 14:12:20,608 | INFO | CRM backend ready on http://0.0.0.0:5000
2026-10-08 14:12:24,328 | INFO | CRM backend ready on http://0.0.0.0:5000
2026-10-08 14:12:28,834 | INFO | CRM backend ready on http://0.0.0.0:5000
2026-10-08 14:12:35,515 | INFO | CRM backend ready on http://0.0.0.0:5000
2026-10-08 14:12:39,162 | INFO | CRM backend ready on http://0.0.0.0:5000
2026-10-08 14:12:45,260 | INFO | CRM backend ready on http://0.0.0.0:5000
2026-10-08 14:12:50,050 | INFO | CRM backend ready on http://0.0.0.0:5000
2026-10-08 14:12:54,663 | INFO | CRM backend ready on http://0.0.0.0:5000
2026-10-08 14:13:01,206 | INFO | CRM backend ready on http://0.0.0.0:5000
2026-10-08 14:16:42,931 | INFO | CRM backend ready on http://0.0.0.0:5000
2026-10-08 14:16:46,384 | INFO | CRM backend ready on http://0.0.0.0:5000
2026-10-08 14:16:52,557 | INFO | CRM backend ready on http://0.0.0.0:5000
2026-10-08 14:16:57,101 | INFO | CRM backend ready on http://0.0.0.0:5000
2026-10-08 14:17:02,314 | INFO | CRM backend ready on http://0.0.0.0:5000
2026-10-08 14:17:07,454 | INFO | CRM backend ready on http://0.0.0.0:5000
2026-10-08 14:17:12,843 | INFO | CRM backend ready on http://0.0.0.0:5000
2026-10-08 14:17:16,891 | INFO | CRM backend ready on http://0.0.0.0:5000
2026-10-08 14:17:22,263 | INFO | CRM backend ready on http://0.0.0.0:5000
2026-10-08 14:17:26,713 | INFO | CRM backend ready on http://0.0.0.0:5000
2026-10-08 14:17:32,810 | INFO | CRM backend ready on http://0.0.0.0:5000
2026-10-08 14:17:38,757 | INFO | CRM backend ready on http://0.0.0.0:5000
2026-10-08 14:17:43,093 | INFO | CRM backend ready on http://0.0.0.0:5000
2026-10-08 14:17:47,932 | INFO | CRM backend ready on http://0.0.0.0:5000
2026-10-08 14:17:52,043 | INFO | CRM backend ready on http://0.0.0.0:5000
2026-10-08 14:17:56,928 | INFO | CRM backend ready on http://0.0.0.0:5000
2026-10-08 14:18:02,096 | INFO | CRM backend ready on http://0.0.0.0:5000
2026-10-08 14:18:07,157 | INFO | CRM backend ready on http://0.0.0.0:5000
2026-10-08 14:18:12,262 | INFO | CRM backend ready on http://0.0.0.0:5000
2026-10-08 14:18:17,158 | INFO | CRM backend ready on http://0.0.0.0:5000
2026-10-08 14:18:23,107 | INFO | CRM backend ready on http://0.0.0.0:5000
2026-10-08 14:18:27,787 | INFO | CRM backend ready on http://0.0.0.0:5000
2026-10-08 14:18:32,444 | INFO | CRM backend ready on http://0.0.0.0:5000
2026-10-08 14:18:38,284 | INFO | CRM backend ready on http://0.0.0.0:5000
2026-10-08 14:18:43,239 | INFO | CRM backend ready on http://0.0.0.0:5000
2026-10-08 14:18:48,031 | INFO | CRM backend ready on http://0.0.0.0:5000
2026-10-08 14:18:52,821 | INFO | CRM backend ready on http://0.0.0.0:5000
2026-10-08 14:18:58,493 | INFO | CRM backend ready on http://0.0.0.0:5000
2026-10-08 14:19:03,006 | INFO | CRM backend ready on http://0.0.0.0:5000
2026-10-08 14:19:08,365 | INFO | CRM backend ready on http://0.0.0.0:5000
2026-10-08 14:19:13,188 | INFO | CRM backend ready on http://0.0.0.0:5000
2026-10-08 14:19:18,404 | INFO | CRM backend ready on http://0.0.0.0:5000
2026-10-08 14:19:23,670 | INFO | CRM backend ready on http://0.0.0.0:5000
2026-10-08 14:19:29,238 | INFO | CRM backend ready on http://0.0.0.0:5000
2026-10-08 14:19:34,091 | INFO | CRM backend ready on http://0.0.0.0:5000
2026-10-08 14:19:38,864 | INFO | CRM backend ready on http://0.0.0.0:5000
2026-10-08 14:19:43,608 | INFO | CRM backend ready on http://0.0.0.0:5000
>>>>>>> 7532d2835a1b8f07195413e40a7fcb8ba99a7090
